mode=full seed=0 output_dir=runs/baseline-20260718T074451Z/full-seed-0
Running pytorch 2.11.0+cu128
wandb: [wandb.login()] Loaded credentials for https://api.wandb.ai from /root/.netrc.
wandb: Currently logged in as: m-obukhov (m-obukhov-home) to https://api.wandb.ai. Use `wandb login --relogin` to force relogin
wandb: setting up run mpe2znwl
wandb: Tracking run with wandb version 0.28.1
wandb: Run data is saved locally in /workspace/NoCap-Test/wandb/run-20260718_140711-mpe2znwl
wandb: Run `wandb offline` to turn off syncing.
wandb: Syncing run full-seed-0
wandb: ⭐️ View project at https://wandb.ai/m-obukhov-home/nocap-baseline
wandb: 🚀 View run at https://wandb.ai/m-obukhov-home/nocap-baseline/runs/mpe2znwl
wandb: WARNING Symlinked 1 file into the W&B run directory; call wandb.save again to sync new files.
wandb: WARNING Symlinked 1 file into the W&B run directory; call wandb.save again to sync new files.
using device: cuda:0 (NVIDIA GeForce RTX 4090)
run: full-seed-0 | seed: 0 | output: runs/baseline-20260718T074451Z/full-seed-0
tokens per iteration: 524,288
DataLoader: total number of tokens: 5,000,000,000 across 50 files
DataLoader: total number of tokens: 100,000,000 across 1 files
compiling the model...
step:0/4768 | val loss 10.941801
step:1/4768 | loss 10.938012 | lr:7.03125e-06 | train_time:41.65s | step:41650.93ms
step:2/4768 | loss 10.795972 | lr:1.40625e-05 | train_time:45.69s | step:4034.63ms
step:3/4768 | loss 10.551970 | lr:2.10938e-05 | train_time:49.73s | step:4043.06ms
step:4/4768 | loss 10.273037 | lr:2.8125e-05 | train_time:53.78s | step:4049.66ms
step:5/4768 | loss 10.066982 | lr:3.51562e-05 | train_time:57.84s | step:4063.98ms
step:6/4768 | loss 9.869347 | lr:4.21875e-05 | train_time:61.91s | step:4066.50ms
step:7/4768 | loss 9.761962 | lr:4.92188e-05 | train_time:65.97s | step:4060.74ms
step:8/4768 | loss 9.625378 | lr:5.625e-05 | train_time:70.05s | step:4084.81ms
step:9/4768 | loss 9.595987 | lr:6.32812e-05 | train_time:74.13s | step:4075.30ms
step:10/4768 | loss 9.480610 | lr:7.03125e-05 | train_time:78.23s | step:4102.28ms
step:11/4768 | loss 9.445486 | lr:7.73437e-05 | train_time:82.33s | step:4096.66ms
step:12/4768 | loss 9.384958 | lr:8.4375e-05 | train_time:86.43s | step:4104.26ms
step:13/4768 | loss 9.296103 | lr:9.14063e-05 | train_time:90.55s | step:4116.38ms
step:14/4768 | loss 9.189816 | lr:9.84375e-05 | train_time:94.67s | step:4116.43ms
step:15/4768 | loss 9.134589 | lr:0.000105469 | train_time:98.77s | step:4104.96ms
step:16/4768 | loss 9.035429 | lr:0.0001125 | train_time:102.88s | step:4113.00ms
step:17/4768 | loss 8.950693 | lr:0.000119531 | train_time:106.99s | step:4111.28ms
step:18/4768 | loss 8.857003 | lr:0.000126562 | train_time:111.12s | step:4128.25ms
step:19/4768 | loss 8.799398 | lr:0.000133594 | train_time:115.25s | step:4127.37ms
step:20/4768 | loss 8.654882 | lr:0.000140625 | train_time:119.38s | step:4133.03ms
step:21/4768 | loss 8.575380 | lr:0.000147656 | train_time:123.51s | step:4129.45ms
step:22/4768 | loss 8.496876 | lr:0.000154687 | train_time:127.62s | step:4111.44ms
step:23/4768 | loss 8.334738 | lr:0.000161719 | train_time:131.75s | step:4125.59ms
step:24/4768 | loss 8.281739 | lr:0.00016875 | train_time:135.88s | step:4131.18ms
step:25/4768 | loss 8.155784 | lr:0.000175781 | train_time:140.01s | step:4129.06ms
step:26/4768 | loss 8.102148 | lr:0.000182813 | train_time:144.13s | step:4123.80ms
step:27/4768 | loss 8.014194 | lr:0.000189844 | train_time:148.27s | step:4133.76ms
step:28/4768 | loss 7.888134 | lr:0.000196875 | train_time:152.39s | step:4126.98ms
step:29/4768 | loss 7.860123 | lr:0.000203906 | train_time:156.51s | step:4116.58ms
step:30/4768 | loss 7.794868 | lr:0.000210937 | train_time:160.64s | step:4133.25ms
step:31/4768 | loss 7.715474 | lr:0.000217969 | train_time:164.78s | step:4132.74ms
step:32/4768 | loss 7.585894 | lr:0.000225 | train_time:168.91s | step:4133.06ms
step:33/4768 | loss 7.554801 | lr:0.000232031 | train_time:173.04s | step:4131.34ms
step:34/4768 | loss 7.473657 | lr:0.000239062 | train_time:177.18s | step:4135.06ms
step:35/4768 | loss 7.494332 | lr:0.000246094 | train_time:181.30s | step:4127.82ms
step:36/4768 | loss 7.398981 | lr:0.000253125 | train_time:185.45s | step:4141.95ms
step:37/4768 | loss 7.360286 | lr:0.000260156 | train_time:189.58s | step:4133.28ms
step:38/4768 | loss 7.291446 | lr:0.000267188 | train_time:193.73s | step:4148.15ms
step:39/4768 | loss 7.312251 | lr:0.000274219 | train_time:197.88s | step:4154.14ms
step:40/4768 | loss 7.236126 | lr:0.00028125 | train_time:202.04s | step:4152.83ms
step:41/4768 | loss 7.221641 | lr:0.000288281 | train_time:206.18s | step:4141.50ms
step:42/4768 | loss 7.160202 | lr:0.000295313 | train_time:210.32s | step:4139.42ms
step:43/4768 | loss 7.206950 | lr:0.000302344 | train_time:214.47s | step:4152.25ms
step:44/4768 | loss 7.115588 | lr:0.000309375 | train_time:218.62s | step:4148.98ms
step:45/4768 | loss 7.093163 | lr:0.000316406 | train_time:222.77s | step:4150.34ms
step:46/4768 | loss 7.092606 | lr:0.000323437 | train_time:226.91s | step:4146.47ms
step:47/4768 | loss 7.078708 | lr:0.000330469 | train_time:231.07s | step:4157.53ms
step:48/4768 | loss 7.075340 | lr:0.0003375 | train_time:235.21s | step:4143.36ms
step:49/4768 | loss 7.008883 | lr:0.000344531 | train_time:239.36s | step:4140.35ms
step:50/4768 | loss 6.977795 | lr:0.000351562 | train_time:243.50s | step:4149.61ms
step:51/4768 | loss 6.917111 | lr:0.000358594 | train_time:247.65s | step:4148.98ms
step:52/4768 | loss 6.941993 | lr:0.000365625 | train_time:251.80s | step:4149.36ms
step:53/4768 | loss 6.929001 | lr:0.000372656 | train_time:255.95s | step:4144.49ms
step:54/4768 | loss 6.895072 | lr:0.000379687 | train_time:260.11s | step:4166.01ms
step:55/4768 | loss 6.895146 | lr:0.000386719 | train_time:264.27s | step:4155.19ms
step:56/4768 | loss 6.818648 | lr:0.00039375 | train_time:268.42s | step:4153.23ms
step:57/4768 | loss 6.791674 | lr:0.000400781 | train_time:272.56s | step:4142.85ms
step:58/4768 | loss 6.811662 | lr:0.000407812 | train_time:276.72s | step:4151.67ms
step:59/4768 | loss 6.736852 | lr:0.000414844 | train_time:280.87s | step:4150.59ms
step:60/4768 | loss 6.758155 | lr:0.000421875 | train_time:285.02s | step:4153.35ms
step:61/4768 | loss 6.732609 | lr:0.000428906 | train_time:289.19s | step:4166.40ms
step:62/4768 | loss 6.695735 | lr:0.000435937 | train_time:293.34s | step:4155.23ms
step:63/4768 | loss 6.670466 | lr:0.000442969 | train_time:297.50s | step:4155.80ms
step:64/4768 | loss 6.731158 | lr:0.00045 | train_time:301.66s | step:4162.31ms
step:65/4768 | loss 6.610878 | lr:0.000457031 | train_time:305.82s | step:4159.86ms
step:66/4768 | loss 6.647773 | lr:0.000464063 | train_time:309.99s | step:4166.57ms
step:67/4768 | loss 6.655762 | lr:0.000471094 | train_time:314.16s | step:4174.29ms
step:68/4768 | loss 6.728272 | lr:0.000478125 | train_time:318.32s | step:4160.53ms
step:69/4768 | loss 6.613041 | lr:0.000485156 | train_time:322.47s | step:4147.95ms
step:70/4768 | loss 6.642590 | lr:0.000492188 | train_time:326.63s | step:4163.84ms
step:71/4768 | loss 6.565573 | lr:0.000499219 | train_time:330.78s | step:4147.13ms
step:72/4768 | loss 6.557431 | lr:0.00050625 | train_time:334.95s | step:4168.90ms
step:73/4768 | loss 6.561204 | lr:0.000513281 | train_time:339.11s | step:4157.58ms
step:74/4768 | loss 6.525204 | lr:0.000520312 | train_time:343.27s | step:4161.56ms
step:75/4768 | loss 6.538175 | lr:0.000527344 | train_time:347.43s | step:4160.23ms
step:76/4768 | loss 6.500349 | lr:0.000534375 | train_time:351.58s | step:4152.13ms
step:77/4768 | loss 6.569783 | lr:0.000541406 | train_time:355.74s | step:4162.23ms
step:78/4768 | loss 6.524898 | lr:0.000548437 | train_time:359.91s | step:4171.26ms
step:79/4768 | loss 6.287147 | lr:0.000555469 | train_time:364.07s | step:4159.10ms
step:80/4768 | loss 6.445835 | lr:0.0005625 | train_time:368.24s | step:4167.40ms
step:81/4768 | loss 6.414474 | lr:0.000569531 | train_time:372.40s | step:4154.82ms
step:82/4768 | loss 6.519414 | lr:0.000576563 | train_time:376.56s | step:4163.09ms
step:83/4768 | loss 6.456448 | lr:0.000583594 | train_time:380.72s | step:4164.48ms
step:84/4768 | loss 6.419631 | lr:0.000590625 | train_time:384.89s | step:4170.56ms
step:85/4768 | loss 6.389284 | lr:0.000597656 | train_time:389.06s | step:4168.30ms
step:86/4768 | loss 6.372160 | lr:0.000604687 | train_time:393.21s | step:4149.52ms
step:87/4768 | loss 6.377888 | lr:0.000611719 | train_time:397.37s | step:4160.11ms
step:88/4768 | loss 6.382953 | lr:0.00061875 | train_time:401.52s | step:4149.49ms
step:89/4768 | loss 6.370914 | lr:0.000625781 | train_time:405.69s | step:4164.11ms
step:90/4768 | loss 6.327791 | lr:0.000632813 | train_time:409.86s | step:4169.69ms
step:91/4768 | loss 6.349942 | lr:0.000639844 | train_time:414.01s | step:4158.07ms
step:92/4768 | loss 6.358041 | lr:0.000646875 | train_time:418.15s | step:4140.35ms
step:93/4768 | loss 6.356573 | lr:0.000653906 | train_time:422.32s | step:4164.31ms
step:94/4768 | loss 6.313360 | lr:0.000660937 | train_time:426.48s | step:4165.07ms
step:95/4768 | loss 6.266246 | lr:0.000667969 | train_time:430.64s | step:4155.72ms
step:96/4768 | loss 6.207318 | lr:0.000675 | train_time:434.81s | step:4169.55ms
step:97/4768 | loss 6.308507 | lr:0.000682031 | train_time:438.98s | step:4168.03ms
step:98/4768 | loss 6.257124 | lr:0.000689063 | train_time:443.13s | step:4156.48ms
step:99/4768 | loss 6.231513 | lr:0.000696094 | train_time:447.30s | step:4165.29ms
step:100/4768 | loss 6.216994 | lr:0.000703125 | train_time:451.45s | step:4157.02ms
step:101/4768 | loss 6.238967 | lr:0.000710156 | train_time:455.62s | step:4161.35ms
step:102/4768 | loss 6.180045 | lr:0.000717187 | train_time:459.77s | step:4157.75ms
step:103/4768 | loss 6.192051 | lr:0.000724219 | train_time:463.93s | step:4157.87ms
step:104/4768 | loss 6.202754 | lr:0.00073125 | train_time:468.10s | step:4163.86ms
step:105/4768 | loss 6.213045 | lr:0.000738281 | train_time:472.26s | step:4167.83ms
step:106/4768 | loss 6.266375 | lr:0.000745312 | train_time:476.43s | step:4169.16ms
step:107/4768 | loss 6.223782 | lr:0.000752344 | train_time:480.60s | step:4163.98ms
step:108/4768 | loss 6.170598 | lr:0.000759375 | train_time:484.75s | step:4153.07ms
step:109/4768 | loss 6.207525 | lr:0.000766406 | train_time:488.90s | step:4153.08ms
step:110/4768 | loss 6.231088 | lr:0.000773437 | train_time:493.06s | step:4155.53ms
step:111/4768 | loss 6.152005 | lr:0.000780469 | train_time:497.21s | step:4153.02ms
step:112/4768 | loss 6.161515 | lr:0.0007875 | train_time:501.37s | step:4159.74ms
step:113/4768 | loss 6.164577 | lr:0.000794531 | train_time:505.53s | step:4163.30ms
step:114/4768 | loss 6.100297 | lr:0.000801562 | train_time:509.71s | step:4179.01ms
step:115/4768 | loss 6.158826 | lr:0.000808594 | train_time:513.86s | step:4144.73ms
step:116/4768 | loss 6.105669 | lr:0.000815625 | train_time:518.03s | step:4169.28ms
step:117/4768 | loss 6.078428 | lr:0.000822656 | train_time:522.18s | step:4155.89ms
step:118/4768 | loss 6.032664 | lr:0.000829688 | train_time:526.35s | step:4162.13ms
step:119/4768 | loss 6.078986 | lr:0.000836719 | train_time:530.51s | step:4163.31ms
step:120/4768 | loss 6.031412 | lr:0.00084375 | train_time:534.68s | step:4171.83ms
step:121/4768 | loss 6.074786 | lr:0.000850781 | train_time:538.83s | step:4147.97ms
step:122/4768 | loss 6.006207 | lr:0.000857812 | train_time:542.99s | step:4160.98ms
step:123/4768 | loss 6.090347 | lr:0.000864844 | train_time:547.15s | step:4161.86ms
step:124/4768 | loss 6.014702 | lr:0.000871875 | train_time:551.32s | step:4167.58ms
step:125/4768 | loss 5.995763 | lr:0.000878906 | train_time:555.48s | step:4157.83ms
step:126/4768 | loss 5.965627 | lr:0.000885938 | train_time:559.64s | step:4159.57ms
step:127/4768 | loss 6.081824 | lr:0.000892969 | train_time:563.79s | step:4154.15ms
step:128/4768 | loss 5.984909 | lr:0.0009 | train_time:567.95s | step:4160.22ms
step:128/4768 | val loss 6.032739
step:129/4768 | loss 6.034980 | lr:0.000907031 | train_time:572.10s | step:4145.88ms
step:130/4768 | loss 5.996506 | lr:0.000914062 | train_time:576.23s | step:4134.62ms
step:131/4768 | loss 6.008454 | lr:0.000921094 | train_time:580.37s | step:4141.87ms
step:132/4768 | loss 5.964891 | lr:0.000928125 | train_time:584.52s | step:4144.45ms
step:133/4768 | loss 5.895624 | lr:0.000935156 | train_time:588.67s | step:4152.36ms
step:134/4768 | loss 5.945031 | lr:0.000942187 | train_time:592.82s | step:4154.02ms
step:135/4768 | loss 5.935217 | lr:0.000949219 | train_time:596.99s | step:4168.97ms
step:136/4768 | loss 5.837942 | lr:0.00095625 | train_time:601.15s | step:4152.61ms
step:137/4768 | loss 5.887870 | lr:0.000963281 | train_time:605.31s | step:4160.94ms
step:138/4768 | loss 5.905855 | lr:0.000970312 | train_time:609.47s | step:4163.33ms
step:139/4768 | loss 5.863269 | lr:0.000977344 | train_time:613.62s | step:4150.11ms
step:140/4768 | loss 5.905834 | lr:0.000984375 | train_time:617.77s | step:4150.46ms
step:141/4768 | loss 5.859395 | lr:0.000991406 | train_time:621.93s | step:4162.88ms
step:142/4768 | loss 5.969456 | lr:0.000998437 | train_time:626.10s | step:4164.57ms
step:143/4768 | loss 5.926576 | lr:0.00100547 | train_time:630.26s | step:4157.65ms
step:144/4768 | loss 5.905106 | lr:0.0010125 | train_time:634.40s | step:4149.21ms
step:145/4768 | loss 5.873332 | lr:0.00101953 | train_time:638.57s | step:4160.70ms
step:146/4768 | loss 5.798723 | lr:0.00102656 | train_time:642.73s | step:4162.48ms
step:147/4768 | loss 5.806015 | lr:0.00103359 | train_time:646.88s | step:4151.78ms
step:148/4768 | loss 5.853857 | lr:0.00104062 | train_time:651.04s | step:4160.10ms
step:149/4768 | loss 5.857861 | lr:0.00104766 | train_time:655.19s | step:4153.37ms
step:150/4768 | loss 5.808628 | lr:0.00105469 | train_time:659.36s | step:4165.94ms
step:151/4768 | loss 5.794386 | lr:0.00106172 | train_time:663.51s | step:4148.16ms
step:152/4768 | loss 5.712189 | lr:0.00106875 | train_time:667.66s | step:4156.29ms
step:153/4768 | loss 5.751458 | lr:0.00107578 | train_time:671.83s | step:4169.23ms
step:154/4768 | loss 5.739239 | lr:0.00108281 | train_time:676.00s | step:4163.40ms
step:155/4768 | loss 5.821238 | lr:0.00108984 | train_time:680.16s | step:4159.05ms
step:156/4768 | loss 5.808238 | lr:0.00109687 | train_time:684.33s | step:4178.96ms
step:157/4768 | loss 5.823480 | lr:0.00110391 | train_time:688.49s | step:4160.39ms
step:158/4768 | loss 5.733623 | lr:0.00111094 | train_time:692.65s | step:4153.50ms
step:159/4768 | loss 5.735773 | lr:0.00111797 | train_time:696.81s | step:4163.12ms
step:160/4768 | loss 5.766275 | lr:0.001125 | train_time:700.98s | step:4165.40ms
step:161/4768 | loss 5.753952 | lr:0.00113203 | train_time:705.14s | step:4162.12ms
step:162/4768 | loss 5.786473 | lr:0.00113906 | train_time:709.29s | step:4151.99ms
step:163/4768 | loss 5.775220 | lr:0.00114609 | train_time:713.46s | step:4170.60ms
step:164/4768 | loss 5.782301 | lr:0.00115313 | train_time:717.62s | step:4154.95ms
step:165/4768 | loss 5.746817 | lr:0.00116016 | train_time:721.78s | step:4167.34ms
step:166/4768 | loss 5.799743 | lr:0.00116719 | train_time:725.96s | step:4178.30ms
step:167/4768 | loss 5.758569 | lr:0.00117422 | train_time:730.13s | step:4171.29ms
step:168/4768 | loss 5.733368 | lr:0.00118125 | train_time:734.30s | step:4168.45ms
step:169/4768 | loss 5.695107 | lr:0.00118828 | train_time:738.47s | step:4169.04ms
step:170/4768 | loss 5.647458 | lr:0.00119531 | train_time:742.63s | step:4155.49ms
step:171/4768 | loss 5.612438 | lr:0.00120234 | train_time:746.79s | step:4159.69ms
step:172/4768 | loss 5.723855 | lr:0.00120937 | train_time:750.95s | step:4162.20ms
step:173/4768 | loss 5.632682 | lr:0.00121641 | train_time:755.10s | step:4154.26ms
step:174/4768 | loss 5.692252 | lr:0.00122344 | train_time:759.28s | step:4175.41ms
step:175/4768 | loss 5.675940 | lr:0.00123047 | train_time:763.44s | step:4161.01ms
step:176/4768 | loss 5.640271 | lr:0.0012375 | train_time:767.61s | step:4170.71ms
step:177/4768 | loss 5.575910 | lr:0.00124453 | train_time:771.77s | step:4163.03ms
step:178/4768 | loss 5.615276 | lr:0.00125156 | train_time:775.94s | step:4168.57ms
step:179/4768 | loss 5.627079 | lr:0.00125859 | train_time:780.12s | step:4181.45ms
step:180/4768 | loss 5.563169 | lr:0.00126563 | train_time:784.29s | step:4164.52ms
step:181/4768 | loss 5.527857 | lr:0.00127266 | train_time:788.45s | step:4158.57ms
step:182/4768 | loss 5.587845 | lr:0.00127969 | train_time:792.61s | step:4163.55ms
step:183/4768 | loss 5.513489 | lr:0.00128672 | train_time:796.77s | step:4164.16ms
step:184/4768 | loss 5.599610 | lr:0.00129375 | train_time:800.94s | step:4167.95ms
step:185/4768 | loss 5.566968 | lr:0.00130078 | train_time:805.11s | step:4165.42ms
step:186/4768 | loss 5.562032 | lr:0.00130781 | train_time:809.27s | step:4161.44ms
step:187/4768 | loss 5.677783 | lr:0.00131484 | train_time:813.43s | step:4163.27ms
step:188/4768 | loss 5.648180 | lr:0.00132187 | train_time:817.60s | step:4165.21ms
step:189/4768 | loss 5.485133 | lr:0.00132891 | train_time:821.76s | step:4159.08ms
step:190/4768 | loss 5.617034 | lr:0.00133594 | train_time:825.93s | step:4171.00ms
step:191/4768 | loss 5.638131 | lr:0.00134297 | train_time:830.56s | step:4631.51ms
step:192/4768 | loss 5.528198 | lr:0.00135 | train_time:834.72s | step:4160.54ms
step:193/4768 | loss 5.504828 | lr:0.00135703 | train_time:838.89s | step:4167.43ms
step:194/4768 | loss 5.596968 | lr:0.00136406 | train_time:843.04s | step:4156.30ms
step:195/4768 | loss 5.620061 | lr:0.00137109 | train_time:847.21s | step:4163.26ms
step:196/4768 | loss 5.595421 | lr:0.00137813 | train_time:851.37s | step:4165.47ms
step:197/4768 | loss 5.568698 | lr:0.00138516 | train_time:855.54s | step:4167.83ms
step:198/4768 | loss 5.526165 | lr:0.00139219 | train_time:859.71s | step:4169.06ms
step:199/4768 | loss 5.486031 | lr:0.00139922 | train_time:863.87s | step:4164.34ms
step:200/4768 | loss 5.536015 | lr:0.00140625 | train_time:868.03s | step:4155.32ms
step:201/4768 | loss 5.616014 | lr:0.00141328 | train_time:872.19s | step:4157.58ms
step:202/4768 | loss 5.505271 | lr:0.00142031 | train_time:876.36s | step:4172.41ms
step:203/4768 | loss 5.495154 | lr:0.00142734 | train_time:880.52s | step:4167.09ms
step:204/4768 | loss 5.497687 | lr:0.00143437 | train_time:884.69s | step:4162.88ms
step:205/4768 | loss 5.494869 | lr:0.00144141 | train_time:888.85s | step:4165.89ms
step:206/4768 | loss 5.362097 | lr:0.00144844 | train_time:893.02s | step:4163.24ms
step:207/4768 | loss 5.508311 | lr:0.00145547 | train_time:897.17s | step:4156.91ms
step:208/4768 | loss 5.569549 | lr:0.0014625 | train_time:901.34s | step:4162.88ms
step:209/4768 | loss 5.467809 | lr:0.00146953 | train_time:905.50s | step:4163.88ms
step:210/4768 | loss 5.456150 | lr:0.00147656 | train_time:909.66s | step:4161.93ms
step:211/4768 | loss 5.482369 | lr:0.00148359 | train_time:913.83s | step:4165.78ms
step:212/4768 | loss 5.484853 | lr:0.00149062 | train_time:917.99s | step:4165.58ms
step:213/4768 | loss 5.477605 | lr:0.00149766 | train_time:922.16s | step:4162.30ms
step:214/4768 | loss 5.451262 | lr:0.00150469 | train_time:926.32s | step:4164.95ms
step:215/4768 | loss 5.430336 | lr:0.00151172 | train_time:930.48s | step:4161.24ms
step:216/4768 | loss 5.472914 | lr:0.00151875 | train_time:934.65s | step:4169.18ms
step:217/4768 | loss 5.390511 | lr:0.00152578 | train_time:938.82s | step:4168.29ms
step:218/4768 | loss 5.406216 | lr:0.00153281 | train_time:942.98s | step:4157.96ms
step:219/4768 | loss 5.367988 | lr:0.00153984 | train_time:947.15s | step:4171.15ms
step:220/4768 | loss 5.352167 | lr:0.00154687 | train_time:951.32s | step:4166.32ms
step:221/4768 | loss 5.367854 | lr:0.00155391 | train_time:955.49s | step:4175.18ms
step:222/4768 | loss 5.326393 | lr:0.00156094 | train_time:959.66s | step:4169.72ms
step:223/4768 | loss 5.370573 | lr:0.00156797 | train_time:963.83s | step:4170.33ms
step:224/4768 | loss 5.410370 | lr:0.001575 | train_time:967.99s | step:4161.97ms
step:225/4768 | loss 5.379878 | lr:0.00158203 | train_time:972.17s | step:4173.15ms
step:226/4768 | loss 5.334139 | lr:0.00158906 | train_time:976.33s | step:4162.10ms
step:227/4768 | loss 5.347869 | lr:0.00159609 | train_time:980.50s | step:4171.28ms
step:228/4768 | loss 5.402728 | lr:0.00160312 | train_time:984.68s | step:4179.47ms
step:229/4768 | loss 5.364139 | lr:0.00161016 | train_time:988.84s | step:4160.25ms
step:230/4768 | loss 5.423804 | lr:0.00161719 | train_time:993.01s | step:4166.57ms
step:231/4768 | loss 5.288364 | lr:0.00162422 | train_time:997.17s | step:4165.10ms
step:232/4768 | loss 5.334812 | lr:0.00163125 | train_time:1001.33s | step:4162.11ms
step:233/4768 | loss 5.304248 | lr:0.00163828 | train_time:1005.50s | step:4170.76ms
step:234/4768 | loss 5.302894 | lr:0.00164531 | train_time:1009.68s | step:4173.42ms
step:235/4768 | loss 5.285920 | lr:0.00165234 | train_time:1013.84s | step:4168.00ms
step:236/4768 | loss 5.367469 | lr:0.00165938 | train_time:1018.01s | step:4170.01ms
step:237/4768 | loss 5.307877 | lr:0.00166641 | train_time:1022.18s | step:4169.27ms
step:238/4768 | loss 5.379441 | lr:0.00167344 | train_time:1026.35s | step:4165.45ms
step:239/4768 | loss 5.372910 | lr:0.00168047 | train_time:1030.51s | step:4164.94ms
step:240/4768 | loss 5.242424 | lr:0.0016875 | train_time:1034.68s | step:4167.10ms
step:241/4768 | loss 5.348629 | lr:0.00169453 | train_time:1038.84s | step:4158.96ms
step:242/4768 | loss 5.413035 | lr:0.00170156 | train_time:1043.02s | step:4179.78ms
step:243/4768 | loss 5.405058 | lr:0.00170859 | train_time:1047.19s | step:4173.65ms
step:244/4768 | loss 5.273099 | lr:0.00171562 | train_time:1051.34s | step:4150.48ms
step:245/4768 | loss 5.295792 | lr:0.00172266 | train_time:1055.53s | step:4181.64ms
step:246/4768 | loss 5.264844 | lr:0.00172969 | train_time:1059.69s | step:4167.76ms
step:247/4768 | loss 5.254898 | lr:0.00173672 | train_time:1063.87s | step:4178.42ms
step:248/4768 | loss 5.247550 | lr:0.00174375 | train_time:1068.03s | step:4158.15ms
step:249/4768 | loss 5.208681 | lr:0.00175078 | train_time:1072.21s | step:4179.90ms
step:250/4768 | loss 5.263962 | lr:0.00175781 | train_time:1076.38s | step:4173.46ms
step:251/4768 | loss 5.205879 | lr:0.00176484 | train_time:1080.55s | step:4162.03ms
step:252/4768 | loss 5.275163 | lr:0.00177188 | train_time:1084.70s | step:4155.78ms
step:253/4768 | loss 5.208512 | lr:0.00177891 | train_time:1088.86s | step:4161.87ms
step:254/4768 | loss 5.220356 | lr:0.00178594 | train_time:1093.02s | step:4161.58ms
step:255/4768 | loss 5.182660 | lr:0.00179297 | train_time:1097.20s | step:4170.70ms
step:256/4768 | loss 5.229441 | lr:0.0018 | train_time:1101.36s | step:4163.56ms
step:256/4768 | val loss 5.254372
step:257/4768 | loss 5.216475 | lr:0.0018 | train_time:1105.52s | step:4162.78ms
step:258/4768 | loss 5.264543 | lr:0.0018 | train_time:1109.68s | step:4162.07ms
step:259/4768 | loss 5.212934 | lr:0.0018 | train_time:1113.84s | step:4161.05ms
step:260/4768 | loss 5.185245 | lr:0.0018 | train_time:1118.01s | step:4160.16ms
step:261/4768 | loss 5.171684 | lr:0.0018 | train_time:1122.16s | step:4154.92ms
step:262/4768 | loss 5.131185 | lr:0.0018 | train_time:1126.31s | step:4152.17ms
step:263/4768 | loss 5.226672 | lr:0.0018 | train_time:1130.48s | step:4169.04ms
step:264/4768 | loss 5.184844 | lr:0.0018 | train_time:1134.64s | step:4161.79ms
step:265/4768 | loss 5.157425 | lr:0.0018 | train_time:1138.81s | step:4168.73ms
step:266/4768 | loss 5.135878 | lr:0.0018 | train_time:1142.98s | step:4165.11ms
step:267/4768 | loss 5.152689 | lr:0.0018 | train_time:1147.14s | step:4164.20ms
step:268/4768 | loss 5.182121 | lr:0.0018 | train_time:1151.31s | step:4166.87ms
step:269/4768 | loss 5.104021 | lr:0.0018 | train_time:1155.48s | step:4170.73ms
step:270/4768 | loss 5.176818 | lr:0.0018 | train_time:1159.64s | step:4165.40ms
step:271/4768 | loss 5.180019 | lr:0.0018 | train_time:1163.81s | step:4166.13ms
step:272/4768 | loss 5.187390 | lr:0.0018 | train_time:1167.98s | step:4167.91ms
step:273/4768 | loss 5.103548 | lr:0.0018 | train_time:1172.17s | step:4189.04ms
step:274/4768 | loss 5.182163 | lr:0.0018 | train_time:1176.33s | step:4166.94ms
step:275/4768 | loss 5.089483 | lr:0.0018 | train_time:1180.51s | step:4178.75ms
step:276/4768 | loss 5.134976 | lr:0.0018 | train_time:1184.68s | step:4165.29ms
step:277/4768 | loss 5.108491 | lr:0.0018 | train_time:1188.85s | step:4173.08ms
step:278/4768 | loss 5.082304 | lr:0.0018 | train_time:1193.02s | step:4168.66ms
step:279/4768 | loss 5.055309 | lr:0.0018 | train_time:1197.18s | step:4161.17ms
step:280/4768 | loss 5.054050 | lr:0.0018 | train_time:1201.37s | step:4186.69ms
step:281/4768 | loss 5.145826 | lr:0.0018 | train_time:1205.54s | step:4174.25ms
step:282/4768 | loss 5.253096 | lr:0.0018 | train_time:1209.72s | step:4176.22ms
step:283/4768 | loss 5.100211 | lr:0.0018 | train_time:1213.88s | step:4163.02ms
step:284/4768 | loss 5.133547 | lr:0.0018 | train_time:1218.05s | step:4169.07ms
step:285/4768 | loss 5.080330 | lr:0.0018 | train_time:1222.22s | step:4168.95ms
step:286/4768 | loss 5.178904 | lr:0.0018 | train_time:1226.39s | step:4172.76ms
step:287/4768 | loss 5.093843 | lr:0.0018 | train_time:1230.56s | step:4164.59ms
step:288/4768 | loss 5.080134 | lr:0.0018 | train_time:1234.74s | step:4182.14ms
step:289/4768 | loss 5.060837 | lr:0.0018 | train_time:1238.91s | step:4172.44ms
step:290/4768 | loss 5.056176 | lr:0.0018 | train_time:1243.09s | step:4182.78ms
step:291/4768 | loss 5.105258 | lr:0.0018 | train_time:1247.26s | step:4166.74ms
step:292/4768 | loss 5.037495 | lr:0.0018 | train_time:1251.44s | step:4178.45ms
step:293/4768 | loss 5.093366 | lr:0.0018 | train_time:1255.63s | step:4186.44ms
step:294/4768 | loss 4.995669 | lr:0.0018 | train_time:1259.79s | step:4168.40ms
step:295/4768 | loss 5.150860 | lr:0.0018 | train_time:1263.99s | step:4198.80ms
step:296/4768 | loss 5.033769 | lr:0.0018 | train_time:1268.16s | step:4170.73ms
step:297/4768 | loss 5.079200 | lr:0.0018 | train_time:1272.34s | step:4175.76ms
step:298/4768 | loss 5.118025 | lr:0.0018 | train_time:1276.52s | step:4176.61ms
step:299/4768 | loss 5.015552 | lr:0.0018 | train_time:1280.70s | step:4182.21ms
step:300/4768 | loss 5.062702 | lr:0.0018 | train_time:1284.88s | step:4177.09ms
step:301/4768 | loss 5.009038 | lr:0.0018 | train_time:1289.04s | step:4165.77ms
step:302/4768 | loss 5.042427 | lr:0.0018 | train_time:1293.22s | step:4178.13ms
step:303/4768 | loss 5.001478 | lr:0.0018 | train_time:1297.41s | step:4195.42ms
step:304/4768 | loss 5.000024 | lr:0.0018 | train_time:1301.59s | step:4176.38ms
step:305/4768 | loss 5.061689 | lr:0.0018 | train_time:1305.77s | step:4183.56ms
step:306/4768 | loss 4.961864 | lr:0.0018 | train_time:1309.95s | step:4177.38ms
step:307/4768 | loss 4.958497 | lr:0.0018 | train_time:1314.13s | step:4175.87ms
step:308/4768 | loss 4.988347 | lr:0.0018 | train_time:1318.30s | step:4170.52ms
step:309/4768 | loss 4.901611 | lr:0.0018 | train_time:1322.49s | step:4194.81ms
step:310/4768 | loss 5.028779 | lr:0.0018 | train_time:1326.66s | step:4170.65ms
step:311/4768 | loss 5.001818 | lr:0.0018 | train_time:1330.84s | step:4178.63ms
step:312/4768 | loss 4.990711 | lr:0.0018 | train_time:1335.02s | step:4175.48ms
step:313/4768 | loss 4.954937 | lr:0.0018 | train_time:1339.20s | step:4179.17ms
step:314/4768 | loss 4.990253 | lr:0.0018 | train_time:1343.40s | step:4199.86ms
step:315/4768 | loss 4.962587 | lr:0.0018 | train_time:1347.59s | step:4194.04ms
step:316/4768 | loss 4.911126 | lr:0.0018 | train_time:1351.76s | step:4169.07ms
step:317/4768 | loss 4.947887 | lr:0.0018 | train_time:1355.93s | step:4168.53ms
step:318/4768 | loss 4.897195 | lr:0.0018 | train_time:1360.10s | step:4170.89ms
step:319/4768 | loss 4.886802 | lr:0.0018 | train_time:1364.30s | step:4195.68ms
step:320/4768 | loss 4.985900 | lr:0.0018 | train_time:1368.47s | step:4175.90ms
step:321/4768 | loss 4.873538 | lr:0.0018 | train_time:1372.65s | step:4176.79ms
step:322/4768 | loss 4.936238 | lr:0.0018 | train_time:1376.83s | step:4179.22ms
step:323/4768 | loss 4.907500 | lr:0.0018 | train_time:1381.01s | step:4179.90ms
step:324/4768 | loss 5.000852 | lr:0.0018 | train_time:1385.18s | step:4176.87ms
step:325/4768 | loss 4.927719 | lr:0.0018 | train_time:1389.37s | step:4187.22ms
step:326/4768 | loss 4.949880 | lr:0.0018 | train_time:1393.54s | step:4170.12ms
step:327/4768 | loss 4.958382 | lr:0.0018 | train_time:1397.73s | step:4189.40ms
step:328/4768 | loss 4.969404 | lr:0.0018 | train_time:1401.92s | step:4188.86ms
step:329/4768 | loss 4.901305 | lr:0.0018 | train_time:1406.09s | step:4167.69ms
step:330/4768 | loss 4.938199 | lr:0.0018 | train_time:1410.27s | step:4183.84ms
step:331/4768 | loss 4.858585 | lr:0.0018 | train_time:1414.46s | step:4188.17ms
step:332/4768 | loss 4.906144 | lr:0.0018 | train_time:1418.65s | step:4188.55ms
step:333/4768 | loss 4.856544 | lr:0.0018 | train_time:1422.83s | step:4185.96ms
step:334/4768 | loss 4.796937 | lr:0.0018 | train_time:1427.01s | step:4181.07ms
step:335/4768 | loss 4.885878 | lr:0.0018 | train_time:1431.19s | step:4175.18ms
step:336/4768 | loss 4.949362 | lr:0.0018 | train_time:1435.38s | step:4187.05ms
step:337/4768 | loss 5.065844 | lr:0.0018 | train_time:1439.56s | step:4186.67ms
step:338/4768 | loss 5.013242 | lr:0.0018 | train_time:1443.75s | step:4181.62ms
step:339/4768 | loss 4.874720 | lr:0.0018 | train_time:1447.93s | step:4186.86ms
step:340/4768 | loss 4.843715 | lr:0.0018 | train_time:1452.12s | step:4192.07ms
step:341/4768 | loss 4.830118 | lr:0.0018 | train_time:1456.30s | step:4179.44ms
step:342/4768 | loss 4.827047 | lr:0.0018 | train_time:1460.49s | step:4183.42ms
step:343/4768 | loss 4.882133 | lr:0.0018 | train_time:1464.68s | step:4190.80ms
step:344/4768 | loss 4.891032 | lr:0.0018 | train_time:1468.86s | step:4185.03ms
step:345/4768 | loss 4.839014 | lr:0.0018 | train_time:1473.05s | step:4191.64ms
step:346/4768 | loss 4.814273 | lr:0.0018 | train_time:1477.24s | step:4183.83ms
step:347/4768 | loss 4.886789 | lr:0.0018 | train_time:1481.43s | step:4186.88ms
step:348/4768 | loss 4.844750 | lr:0.0018 | train_time:1485.60s | step:4176.79ms
step:349/4768 | loss 4.841199 | lr:0.0018 | train_time:1489.79s | step:4184.27ms
step:350/4768 | loss 4.746879 | lr:0.0018 | train_time:1493.97s | step:4185.04ms
step:351/4768 | loss 4.780489 | lr:0.0018 | train_time:1498.16s | step:4186.37ms
step:352/4768 | loss 4.847156 | lr:0.0018 | train_time:1502.34s | step:4182.48ms
step:353/4768 | loss 4.770122 | lr:0.0018 | train_time:1506.54s | step:4200.99ms
step:354/4768 | loss 4.829442 | lr:0.0018 | train_time:1510.74s | step:4195.02ms
step:355/4768 | loss 4.756255 | lr:0.0018 | train_time:1514.93s | step:4190.77ms
step:356/4768 | loss 4.804529 | lr:0.0018 | train_time:1519.13s | step:4207.47ms
step:357/4768 | loss 4.757195 | lr:0.0018 | train_time:1523.33s | step:4190.83ms
step:358/4768 | loss 4.852343 | lr:0.0018 | train_time:1527.51s | step:4184.58ms
step:359/4768 | loss 4.863651 | lr:0.0018 | train_time:1531.70s | step:4185.71ms
step:360/4768 | loss 4.716963 | lr:0.0018 | train_time:1535.88s | step:4182.84ms
step:361/4768 | loss 4.840629 | lr:0.0018 | train_time:1540.05s | step:4172.27ms
step:362/4768 | loss 4.828845 | lr:0.0018 | train_time:1544.24s | step:4187.89ms
step:363/4768 | loss 4.799129 | lr:0.0018 | train_time:1548.42s | step:4185.84ms
step:364/4768 | loss 4.724202 | lr:0.0018 | train_time:1552.61s | step:4182.62ms
step:365/4768 | loss 4.882412 | lr:0.0018 | train_time:1556.81s | step:4208.00ms
step:366/4768 | loss 4.806329 | lr:0.0018 | train_time:1560.99s | step:4173.24ms
step:367/4768 | loss 4.761730 | lr:0.0018 | train_time:1565.16s | step:4175.47ms
step:368/4768 | loss 4.788211 | lr:0.0018 | train_time:1569.35s | step:4181.54ms
step:369/4768 | loss 4.754013 | lr:0.0018 | train_time:1573.52s | step:4173.05ms
step:370/4768 | loss 4.753203 | lr:0.0018 | train_time:1577.71s | step:4187.21ms
step:371/4768 | loss 4.783237 | lr:0.0018 | train_time:1581.91s | step:4208.59ms
step:372/4768 | loss 4.732985 | lr:0.0018 | train_time:1586.10s | step:4185.71ms
step:373/4768 | loss 4.804332 | lr:0.0018 | train_time:1590.29s | step:4189.06ms
step:374/4768 | loss 4.738311 | lr:0.0018 | train_time:1594.47s | step:4185.14ms
step:375/4768 | loss 4.756037 | lr:0.0018 | train_time:1598.68s | step:4201.50ms
step:376/4768 | loss 4.773537 | lr:0.0018 | train_time:1602.86s | step:4182.09ms
step:377/4768 | loss 4.762006 | lr:0.0018 | train_time:1607.04s | step:4187.00ms
step:378/4768 | loss 4.656977 | lr:0.0018 | train_time:1611.24s | step:4194.77ms
step:379/4768 | loss 4.716909 | lr:0.0018 | train_time:1615.42s | step:4177.97ms
step:380/4768 | loss 4.765193 | lr:0.0018 | train_time:1619.63s | step:4214.23ms
step:381/4768 | loss 4.672024 | lr:0.0018 | train_time:1623.82s | step:4184.53ms
step:382/4768 | loss 4.732551 | lr:0.0018 | train_time:1628.41s | step:4591.44ms
step:383/4768 | loss 4.750589 | lr:0.0018 | train_time:1632.58s | step:4175.57ms
step:384/4768 | loss 4.693823 | lr:0.0018 | train_time:1636.77s | step:4185.58ms
step:384/4768 | val loss 4.742998
step:385/4768 | loss 4.714166 | lr:0.0018 | train_time:1640.95s | step:4183.34ms
step:386/4768 | loss 4.695794 | lr:0.0018 | train_time:1645.11s | step:4156.86ms
step:387/4768 | loss 4.721375 | lr:0.0018 | train_time:1649.30s | step:4186.63ms
step:388/4768 | loss 4.716808 | lr:0.0018 | train_time:1653.46s | step:4161.02ms
step:389/4768 | loss 4.708866 | lr:0.0018 | train_time:1657.63s | step:4177.15ms
step:390/4768 | loss 4.704117 | lr:0.0018 | train_time:1661.80s | step:4164.98ms
step:391/4768 | loss 4.657398 | lr:0.0018 | train_time:1665.98s | step:4183.58ms
step:392/4768 | loss 4.683201 | lr:0.0018 | train_time:1670.16s | step:4174.47ms
step:393/4768 | loss 4.671303 | lr:0.0018 | train_time:1674.34s | step:4186.09ms
step:394/4768 | loss 4.669899 | lr:0.0018 | train_time:1678.52s | step:4180.89ms
step:395/4768 | loss 4.701998 | lr:0.0018 | train_time:1682.70s | step:4174.86ms
step:396/4768 | loss 4.612304 | lr:0.0018 | train_time:1686.88s | step:4183.12ms
step:397/4768 | loss 4.612970 | lr:0.0018 | train_time:1691.08s | step:4196.52ms
step:398/4768 | loss 4.618498 | lr:0.0018 | train_time:1695.27s | step:4189.21ms
step:399/4768 | loss 4.657479 | lr:0.0018 | train_time:1699.45s | step:4185.37ms
step:400/4768 | loss 4.646927 | lr:0.0018 | train_time:1703.64s | step:4189.02ms
step:401/4768 | loss 4.586967 | lr:0.0018 | train_time:1707.81s | step:4168.67ms
step:402/4768 | loss 4.723857 | lr:0.0018 | train_time:1712.01s | step:4194.92ms
step:403/4768 | loss 4.617261 | lr:0.0018 | train_time:1716.19s | step:4182.68ms
step:404/4768 | loss 4.631377 | lr:0.0018 | train_time:1720.36s | step:4175.29ms
step:405/4768 | loss 4.635003 | lr:0.0018 | train_time:1724.54s | step:4178.78ms
step:406/4768 | loss 4.598880 | lr:0.0018 | train_time:1728.73s | step:4191.34ms
step:407/4768 | loss 4.686945 | lr:0.0018 | train_time:1732.91s | step:4172.86ms
step:408/4768 | loss 4.642774 | lr:0.0018 | train_time:1737.10s | step:4191.61ms
step:409/4768 | loss 4.760221 | lr:0.0018 | train_time:1741.29s | step:4192.51ms
step:410/4768 | loss 4.641446 | lr:0.0018 | train_time:1745.50s | step:4204.75ms
step:411/4768 | loss 4.615849 | lr:0.0018 | train_time:1749.68s | step:4183.98ms
step:412/4768 | loss 4.589797 | lr:0.0018 | train_time:1753.87s | step:4187.52ms
step:413/4768 | loss 4.690710 | lr:0.0018 | train_time:1758.05s | step:4187.58ms
step:414/4768 | loss 4.566560 | lr:0.0018 | train_time:1762.22s | step:4169.14ms
step:415/4768 | loss 4.670336 | lr:0.0018 | train_time:1766.39s | step:4171.18ms
step:416/4768 | loss 4.617480 | lr:0.0018 | train_time:1770.59s | step:4192.67ms
step:417/4768 | loss 4.616896 | lr:0.0018 | train_time:1774.79s | step:4200.38ms
step:418/4768 | loss 4.654210 | lr:0.0018 | train_time:1778.96s | step:4172.20ms
step:419/4768 | loss 4.546418 | lr:0.0018 | train_time:1783.14s | step:4182.05ms
step:420/4768 | loss 4.567827 | lr:0.0018 | train_time:1787.33s | step:4187.99ms
step:421/4768 | loss 4.527666 | lr:0.0018 | train_time:1791.51s | step:4179.57ms
step:422/4768 | loss 4.529390 | lr:0.0018 | train_time:1795.68s | step:4172.47ms
step:423/4768 | loss 4.541420 | lr:0.0018 | train_time:1799.87s | step:4185.74ms
step:424/4768 | loss 4.534834 | lr:0.0018 | train_time:1804.05s | step:4187.40ms
step:425/4768 | loss 4.499599 | lr:0.0018 | train_time:1808.23s | step:4175.50ms
step:426/4768 | loss 4.597663 | lr:0.0018 | train_time:1812.41s | step:4182.47ms
step:427/4768 | loss 4.550378 | lr:0.0018 | train_time:1816.60s | step:4189.69ms
step:428/4768 | loss 4.509181 | lr:0.0018 | train_time:1820.80s | step:4194.55ms
step:429/4768 | loss 4.559303 | lr:0.0018 | train_time:1824.99s | step:4197.41ms
step:430/4768 | loss 4.465550 | lr:0.0018 | train_time:1829.18s | step:4181.24ms
step:431/4768 | loss 4.521032 | lr:0.0018 | train_time:1833.36s | step:4184.27ms
step:432/4768 | loss 4.544494 | lr:0.0018 | train_time:1837.56s | step:4196.57ms
step:433/4768 | loss 4.556457 | lr:0.0018 | train_time:1841.76s | step:4202.42ms
step:434/4768 | loss 4.546763 | lr:0.0018 | train_time:1845.94s | step:4181.22ms
step:435/4768 | loss 4.498537 | lr:0.0018 | train_time:1850.11s | step:4173.80ms
step:436/4768 | loss 4.566571 | lr:0.0018 | train_time:1854.29s | step:4172.78ms
step:437/4768 | loss 4.574423 | lr:0.0018 | train_time:1858.46s | step:4176.63ms
step:438/4768 | loss 4.553005 | lr:0.0018 | train_time:1862.65s | step:4190.58ms
step:439/4768 | loss 4.499687 | lr:0.0018 | train_time:1866.84s | step:4187.14ms
step:440/4768 | loss 4.505014 | lr:0.0018 | train_time:1871.02s | step:4181.87ms
step:441/4768 | loss 4.510469 | lr:0.0018 | train_time:1875.20s | step:4178.02ms
step:442/4768 | loss 4.447744 | lr:0.0018 | train_time:1879.38s | step:4177.65ms
step:443/4768 | loss 4.449164 | lr:0.0018 | train_time:1883.56s | step:4182.27ms
step:444/4768 | loss 4.447885 | lr:0.0018 | train_time:1887.74s | step:4180.33ms
step:445/4768 | loss 4.525115 | lr:0.0018 | train_time:1891.92s | step:4174.27ms
step:446/4768 | loss 4.532023 | lr:0.0018 | train_time:1896.10s | step:4188.83ms
step:447/4768 | loss 4.460700 | lr:0.0018 | train_time:1900.28s | step:4174.12ms
step:448/4768 | loss 4.450561 | lr:0.0018 | train_time:1904.47s | step:4192.70ms
step:449/4768 | loss 4.544534 | lr:0.0018 | train_time:1908.67s | step:4194.66ms
step:450/4768 | loss 4.479170 | lr:0.0018 | train_time:1912.85s | step:4188.07ms
step:451/4768 | loss 4.463156 | lr:0.0018 | train_time:1917.03s | step:4175.61ms
step:452/4768 | loss 4.422109 | lr:0.0018 | train_time:1921.21s | step:4177.35ms
step:453/4768 | loss 4.608280 | lr:0.0018 | train_time:1925.39s | step:4179.27ms
step:454/4768 | loss 4.480634 | lr:0.0018 | train_time:1929.56s | step:4176.61ms
step:455/4768 | loss 4.443426 | lr:0.0018 | train_time:1933.74s | step:4180.99ms
step:456/4768 | loss 4.474866 | lr:0.0018 | train_time:1937.92s | step:4178.41ms
step:457/4768 | loss 4.440899 | lr:0.0018 | train_time:1942.10s | step:4174.23ms
step:458/4768 | loss 4.451174 | lr:0.0018 | train_time:1946.28s | step:4188.39ms
step:459/4768 | loss 4.466670 | lr:0.0018 | train_time:1950.45s | step:4166.11ms
step:460/4768 | loss 4.418228 | lr:0.0018 | train_time:1954.65s | step:4194.45ms
step:461/4768 | loss 4.521224 | lr:0.0018 | train_time:1958.83s | step:4189.34ms
step:462/4768 | loss 4.474361 | lr:0.0018 | train_time:1963.01s | step:4170.90ms
step:463/4768 | loss 4.376743 | lr:0.0018 | train_time:1967.18s | step:4174.16ms
step:464/4768 | loss 4.398354 | lr:0.0018 | train_time:1971.35s | step:4168.51ms
step:465/4768 | loss 4.499275 | lr:0.0018 | train_time:1975.52s | step:4172.73ms
step:466/4768 | loss 4.427147 | lr:0.0018 | train_time:1979.69s | step:4169.44ms
step:467/4768 | loss 4.452052 | lr:0.0018 | train_time:1983.86s | step:4166.13ms
step:468/4768 | loss 4.410331 | lr:0.0018 | train_time:1988.03s | step:4174.23ms
step:469/4768 | loss 4.458333 | lr:0.0018 | train_time:1992.21s | step:4174.76ms
step:470/4768 | loss 4.426108 | lr:0.0018 | train_time:1996.39s | step:4186.82ms
step:471/4768 | loss 4.394467 | lr:0.0018 | train_time:2000.55s | step:4161.22ms
step:472/4768 | loss 4.453189 | lr:0.0018 | train_time:2004.73s | step:4174.60ms
step:473/4768 | loss 4.383961 | lr:0.0018 | train_time:2008.91s | step:4177.31ms
step:474/4768 | loss 4.457218 | lr:0.0018 | train_time:2013.07s | step:4165.42ms
step:475/4768 | loss 4.385530 | lr:0.0018 | train_time:2017.25s | step:4179.66ms
step:476/4768 | loss 4.450548 | lr:0.0018 | train_time:2021.42s | step:4165.45ms
step:477/4768 | loss 4.465196 | lr:0.0018 | train_time:2025.59s | step:4174.70ms
step:478/4768 | loss 4.321343 | lr:0.0018 | train_time:2029.76s | step:4171.85ms
step:479/4768 | loss 4.415086 | lr:0.0018 | train_time:2033.94s | step:4180.50ms
step:480/4768 | loss 4.353858 | lr:0.0018 | train_time:2038.10s | step:4160.54ms
step:481/4768 | loss 4.395985 | lr:0.0018 | train_time:2042.27s | step:4166.84ms
step:482/4768 | loss 4.430394 | lr:0.0018 | train_time:2046.44s | step:4172.27ms
step:483/4768 | loss 4.336306 | lr:0.0018 | train_time:2050.62s | step:4173.99ms
step:484/4768 | loss 4.420838 | lr:0.0018 | train_time:2054.78s | step:4166.52ms
step:485/4768 | loss 4.368248 | lr:0.0018 | train_time:2058.95s | step:4163.69ms
step:486/4768 | loss 4.329120 | lr:0.0018 | train_time:2063.12s | step:4177.12ms
step:487/4768 | loss 4.362649 | lr:0.0018 | train_time:2067.30s | step:4172.99ms
step:488/4768 | loss 4.370637 | lr:0.0018 | train_time:2071.47s | step:4169.54ms
step:489/4768 | loss 4.372800 | lr:0.0018 | train_time:2075.63s | step:4166.46ms
step:490/4768 | loss 4.351898 | lr:0.0018 | train_time:2079.79s | step:4159.26ms
step:491/4768 | loss 4.309839 | lr:0.0018 | train_time:2083.96s | step:4170.72ms
step:492/4768 | loss 4.364979 | lr:0.0018 | train_time:2088.13s | step:4171.17ms
step:493/4768 | loss 4.339117 | lr:0.0018 | train_time:2092.30s | step:4167.86ms
step:494/4768 | loss 4.356332 | lr:0.0018 | train_time:2096.47s | step:4169.74ms
step:495/4768 | loss 4.359834 | lr:0.0018 | train_time:2100.66s | step:4190.32ms
step:496/4768 | loss 4.275212 | lr:0.0018 | train_time:2104.82s | step:4161.63ms
step:497/4768 | loss 4.384848 | lr:0.0018 | train_time:2109.00s | step:4171.50ms
step:498/4768 | loss 4.279298 | lr:0.0018 | train_time:2113.16s | step:4165.83ms
step:499/4768 | loss 4.380627 | lr:0.0018 | train_time:2117.33s | step:4170.62ms
step:500/4768 | loss 4.341839 | lr:0.0018 | train_time:2121.51s | step:4178.24ms
step:501/4768 | loss 4.367946 | lr:0.0018 | train_time:2125.69s | step:4177.94ms
step:502/4768 | loss 4.349628 | lr:0.0018 | train_time:2129.86s | step:4174.65ms
step:503/4768 | loss 4.375166 | lr:0.0018 | train_time:2134.04s | step:4181.07ms
step:504/4768 | loss 4.323713 | lr:0.0018 | train_time:2138.22s | step:4177.35ms
step:505/4768 | loss 4.382749 | lr:0.0018 | train_time:2142.38s | step:4163.74ms
step:506/4768 | loss 4.365159 | lr:0.0018 | train_time:2146.55s | step:4167.73ms
step:507/4768 | loss 4.342925 | lr:0.0018 | train_time:2150.73s | step:4179.19ms
step:508/4768 | loss 4.332098 | lr:0.0018 | train_time:2154.91s | step:4176.41ms
step:509/4768 | loss 4.387939 | lr:0.0018 | train_time:2159.07s | step:4162.26ms
step:510/4768 | loss 4.366979 | lr:0.0018 | train_time:2163.24s | step:4171.87ms
step:511/4768 | loss 4.278015 | lr:0.0018 | train_time:2167.42s | step:4181.19ms
step:512/4768 | loss 4.333938 | lr:0.0018 | train_time:2171.59s | step:4162.39ms
saved checkpoint: runs/baseline-20260718T074451Z/full-seed-0/checkpoint.pt (next step 512)
step:512/4768 | val loss 4.347192
step:513/4768 | loss 4.281583 | lr:0.0018 | train_time:2175.76s | step:4174.42ms
step:514/4768 | loss 4.292135 | lr:0.0018 | train_time:2179.92s | step:4155.72ms
step:515/4768 | loss 4.409986 | lr:0.0018 | train_time:2184.08s | step:4166.14ms
step:516/4768 | loss 4.326609 | lr:0.0018 | train_time:2188.25s | step:4172.38ms
step:517/4768 | loss 4.426291 | lr:0.0018 | train_time:2192.42s | step:4167.13ms
step:518/4768 | loss 4.296307 | lr:0.0018 | train_time:2196.59s | step:4163.74ms
step:519/4768 | loss 4.345007 | lr:0.0018 | train_time:2200.76s | step:4178.90ms
step:520/4768 | loss 4.350722 | lr:0.0018 | train_time:2204.94s | step:4173.53ms
step:521/4768 | loss 4.306378 | lr:0.0018 | train_time:2209.11s | step:4167.48ms
step:522/4768 | loss 4.310424 | lr:0.0018 | train_time:2213.27s | step:4166.71ms
step:523/4768 | loss 4.308063 | lr:0.0018 | train_time:2217.46s | step:4183.16ms
step:524/4768 | loss 4.342104 | lr:0.0018 | train_time:2221.63s | step:4172.02ms
step:525/4768 | loss 4.245161 | lr:0.0018 | train_time:2225.79s | step:4162.41ms
step:526/4768 | loss 4.272462 | lr:0.0018 | train_time:2229.95s | step:4161.80ms
step:527/4768 | loss 4.287743 | lr:0.0018 | train_time:2234.12s | step:4170.68ms
step:528/4768 | loss 4.305247 | lr:0.0018 | train_time:2238.30s | step:4175.68ms
step:529/4768 | loss 4.292762 | lr:0.0018 | train_time:2242.49s | step:4188.97ms
step:530/4768 | loss 4.315636 | lr:0.0018 | train_time:2246.65s | step:4165.97ms
step:531/4768 | loss 4.257931 | lr:0.0018 | train_time:2250.81s | step:4156.57ms
step:532/4768 | loss 4.312084 | lr:0.0018 | train_time:2254.98s | step:4169.43ms
step:533/4768 | loss 4.258813 | lr:0.0018 | train_time:2259.14s | step:4164.77ms
step:534/4768 | loss 4.253729 | lr:0.0018 | train_time:2263.32s | step:4178.22ms
step:535/4768 | loss 4.298815 | lr:0.0018 | train_time:2267.49s | step:4166.68ms
step:536/4768 | loss 4.321949 | lr:0.0018 | train_time:2271.67s | step:4186.30ms
step:537/4768 | loss 4.359338 | lr:0.0018 | train_time:2275.85s | step:4173.29ms
step:538/4768 | loss 4.211206 | lr:0.0018 | train_time:2280.02s | step:4171.88ms
step:539/4768 | loss 4.218953 | lr:0.0018 | train_time:2284.19s | step:4170.37ms
step:540/4768 | loss 4.324349 | lr:0.0018 | train_time:2288.37s | step:4177.69ms
step:541/4768 | loss 4.368115 | lr:0.0018 | train_time:2292.54s | step:4172.94ms
step:542/4768 | loss 4.286744 | lr:0.0018 | train_time:2296.71s | step:4173.75ms
step:543/4768 | loss 4.209662 | lr:0.0018 | train_time:2300.88s | step:4167.72ms
step:544/4768 | loss 4.265973 | lr:0.0018 | train_time:2305.06s | step:4179.57ms
step:545/4768 | loss 4.272069 | lr:0.0018 | train_time:2309.23s | step:4172.51ms
step:546/4768 | loss 4.266197 | lr:0.0018 | train_time:2313.40s | step:4170.54ms
step:547/4768 | loss 4.252260 | lr:0.0018 | train_time:2317.57s | step:4167.30ms
step:548/4768 | loss 4.262685 | lr:0.0018 | train_time:2321.75s | step:4181.13ms
step:549/4768 | loss 4.146410 | lr:0.0018 | train_time:2325.92s | step:4170.79ms
step:550/4768 | loss 4.225832 | lr:0.0018 | train_time:2330.09s | step:4170.13ms
step:551/4768 | loss 4.240349 | lr:0.0018 | train_time:2334.27s | step:4175.47ms
step:552/4768 | loss 4.241473 | lr:0.0018 | train_time:2338.44s | step:4173.83ms
step:553/4768 | loss 4.322733 | lr:0.0018 | train_time:2342.61s | step:4164.82ms
step:554/4768 | loss 4.300296 | lr:0.0018 | train_time:2346.80s | step:4187.27ms
step:555/4768 | loss 4.252634 | lr:0.0018 | train_time:2350.97s | step:4171.66ms
step:556/4768 | loss 4.280302 | lr:0.0018 | train_time:2355.13s | step:4166.38ms
step:557/4768 | loss 4.231204 | lr:0.0018 | train_time:2359.31s | step:4177.20ms
step:558/4768 | loss 4.201490 | lr:0.0018 | train_time:2363.48s | step:4168.60ms
step:559/4768 | loss 4.176716 | lr:0.0018 | train_time:2367.67s | step:4189.08ms
step:560/4768 | loss 4.257499 | lr:0.0018 | train_time:2371.84s | step:4176.25ms
step:561/4768 | loss 4.312020 | lr:0.0018 | train_time:2376.02s | step:4174.83ms
step:562/4768 | loss 4.184953 | lr:0.0018 | train_time:2380.19s | step:4171.84ms
step:563/4768 | loss 4.194003 | lr:0.0018 | train_time:2384.36s | step:4167.63ms
step:564/4768 | loss 4.260196 | lr:0.0018 | train_time:2388.54s | step:4178.05ms
step:565/4768 | loss 4.211253 | lr:0.0018 | train_time:2392.72s | step:4182.49ms
step:566/4768 | loss 4.254092 | lr:0.0018 | train_time:2396.90s | step:4184.48ms
step:567/4768 | loss 4.239783 | lr:0.0018 | train_time:2401.08s | step:4179.50ms
step:568/4768 | loss 4.230419 | lr:0.0018 | train_time:2405.25s | step:4165.89ms
step:569/4768 | loss 4.294156 | lr:0.0018 | train_time:2409.42s | step:4170.94ms
step:570/4768 | loss 4.240893 | lr:0.0018 | train_time:2413.59s | step:4171.52ms
step:571/4768 | loss 4.173809 | lr:0.0018 | train_time:2417.77s | step:4181.73ms
step:572/4768 | loss 4.218084 | lr:0.0018 | train_time:2421.95s | step:4172.10ms
step:573/4768 | loss 4.210054 | lr:0.0018 | train_time:2426.19s | step:4246.48ms
step:574/4768 | loss 4.227713 | lr:0.0018 | train_time:2430.36s | step:4165.75ms
step:575/4768 | loss 4.287848 | lr:0.0018 | train_time:2434.55s | step:4194.68ms
step:576/4768 | loss 4.214204 | lr:0.0018 | train_time:2438.72s | step:4163.75ms
step:577/4768 | loss 4.225584 | lr:0.0018 | train_time:2442.90s | step:4186.98ms
step:578/4768 | loss 4.216814 | lr:0.0018 | train_time:2447.08s | step:4179.83ms
step:579/4768 | loss 4.230969 | lr:0.0018 | train_time:2451.27s | step:4182.43ms
step:580/4768 | loss 4.222623 | lr:0.0018 | train_time:2455.44s | step:4173.51ms
step:581/4768 | loss 4.221239 | lr:0.0018 | train_time:2459.63s | step:4188.86ms
step:582/4768 | loss 4.247167 | lr:0.0018 | train_time:2463.79s | step:4165.11ms
step:583/4768 | loss 4.216581 | lr:0.0018 | train_time:2467.97s | step:4173.17ms
step:584/4768 | loss 4.260225 | lr:0.0018 | train_time:2472.14s | step:4171.32ms
step:585/4768 | loss 4.216088 | lr:0.0018 | train_time:2476.33s | step:4189.32ms
step:586/4768 | loss 4.214212 | lr:0.0018 | train_time:2480.50s | step:4177.05ms
step:587/4768 | loss 4.211833 | lr:0.0018 | train_time:2484.68s | step:4179.60ms
step:588/4768 | loss 4.272859 | lr:0.0018 | train_time:2488.86s | step:4178.65ms
step:589/4768 | loss 4.195361 | lr:0.0018 | train_time:2493.03s | step:4169.24ms
step:590/4768 | loss 4.243234 | lr:0.0018 | train_time:2497.21s | step:4178.59ms
step:591/4768 | loss 4.274849 | lr:0.0018 | train_time:2501.40s | step:4186.11ms
step:592/4768 | loss 4.182203 | lr:0.0018 | train_time:2505.56s | step:4166.47ms
step:593/4768 | loss 4.183222 | lr:0.0018 | train_time:2509.73s | step:4168.35ms
step:594/4768 | loss 4.176455 | lr:0.0018 | train_time:2513.90s | step:4167.92ms
step:595/4768 | loss 4.168161 | lr:0.0018 | train_time:2518.07s | step:4172.26ms
step:596/4768 | loss 4.181373 | lr:0.0018 | train_time:2522.25s | step:4174.14ms
step:597/4768 | loss 4.264917 | lr:0.0018 | train_time:2526.41s | step:4167.87ms
step:598/4768 | loss 4.222881 | lr:0.0018 | train_time:2530.59s | step:4175.29ms
step:599/4768 | loss 4.186140 | lr:0.0018 | train_time:2534.77s | step:4185.51ms
step:600/4768 | loss 4.236584 | lr:0.0018 | train_time:2538.95s | step:4172.17ms
step:601/4768 | loss 4.171522 | lr:0.0018 | train_time:2543.12s | step:4171.27ms
step:602/4768 | loss 4.185087 | lr:0.0018 | train_time:2547.30s | step:4180.31ms
step:603/4768 | loss 4.184250 | lr:0.0018 | train_time:2551.48s | step:4179.04ms
step:604/4768 | loss 4.179331 | lr:0.0018 | train_time:2555.65s | step:4176.98ms
step:605/4768 | loss 4.227972 | lr:0.0018 | train_time:2559.83s | step:4171.78ms
step:606/4768 | loss 4.267245 | lr:0.0018 | train_time:2564.00s | step:4173.90ms
step:607/4768 | loss 4.193953 | lr:0.0018 | train_time:2568.17s | step:4174.62ms
step:608/4768 | loss 4.143294 | lr:0.0018 | train_time:2572.34s | step:4165.32ms
step:609/4768 | loss 4.204519 | lr:0.0018 | train_time:2576.51s | step:4172.79ms
step:610/4768 | loss 4.163887 | lr:0.0018 | train_time:2580.68s | step:4163.88ms
step:611/4768 | loss 4.141813 | lr:0.0018 | train_time:2584.85s | step:4176.10ms
step:612/4768 | loss 4.167451 | lr:0.0018 | train_time:2589.02s | step:4168.49ms
step:613/4768 | loss 4.194748 | lr:0.0018 | train_time:2593.18s | step:4161.97ms
step:614/4768 | loss 4.093446 | lr:0.0018 | train_time:2597.36s | step:4173.94ms
step:615/4768 | loss 4.166718 | lr:0.0018 | train_time:2601.53s | step:4170.92ms
step:616/4768 | loss 4.182645 | lr:0.0018 | train_time:2605.70s | step:4169.44ms
step:617/4768 | loss 4.171488 | lr:0.0018 | train_time:2609.86s | step:4162.64ms
step:618/4768 | loss 4.183589 | lr:0.0018 | train_time:2614.02s | step:4164.80ms
step:619/4768 | loss 4.119748 | lr:0.0018 | train_time:2618.19s | step:4168.79ms
step:620/4768 | loss 4.182635 | lr:0.0018 | train_time:2622.36s | step:4163.46ms
step:621/4768 | loss 4.240840 | lr:0.0018 | train_time:2626.52s | step:4165.65ms
step:622/4768 | loss 4.123820 | lr:0.0018 | train_time:2630.69s | step:4164.36ms
step:623/4768 | loss 4.261125 | lr:0.0018 | train_time:2634.86s | step:4169.91ms
step:624/4768 | loss 4.187431 | lr:0.0018 | train_time:2639.03s | step:4168.55ms
step:625/4768 | loss 4.185041 | lr:0.0018 | train_time:2643.19s | step:4163.19ms
step:626/4768 | loss 4.188719 | lr:0.0018 | train_time:2647.37s | step:4176.79ms
step:627/4768 | loss 4.160306 | lr:0.0018 | train_time:2651.51s | step:4148.39ms
step:628/4768 | loss 4.183231 | lr:0.0018 | train_time:2655.68s | step:4161.83ms
step:629/4768 | loss 4.174725 | lr:0.0018 | train_time:2659.85s | step:4170.05ms
step:630/4768 | loss 4.125155 | lr:0.0018 | train_time:2664.02s | step:4171.82ms
step:631/4768 | loss 4.162029 | lr:0.0018 | train_time:2668.18s | step:4166.04ms
step:632/4768 | loss 4.129612 | lr:0.0018 | train_time:2672.35s | step:4165.82ms
step:633/4768 | loss 4.123935 | lr:0.0018 | train_time:2676.52s | step:4168.29ms
step:634/4768 | loss 4.157028 | lr:0.0018 | train_time:2680.68s | step:4158.87ms
step:635/4768 | loss 4.147360 | lr:0.0018 | train_time:2684.84s | step:4168.02ms
step:636/4768 | loss 4.130272 | lr:0.0018 | train_time:2689.00s | step:4155.67ms
step:637/4768 | loss 4.175678 | lr:0.0018 | train_time:2693.18s | step:4177.88ms
step:638/4768 | loss 4.115316 | lr:0.0018 | train_time:2697.35s | step:4169.35ms
step:639/4768 | loss 4.057165 | lr:0.0018 | train_time:2701.51s | step:4164.08ms
step:640/4768 | loss 4.147376 | lr:0.0018 | train_time:2705.69s | step:4173.91ms
step:640/4768 | val loss 4.150884
step:641/4768 | loss 4.144995 | lr:0.0018 | train_time:2709.86s | step:4178.17ms
step:642/4768 | loss 4.150649 | lr:0.0018 | train_time:2714.02s | step:4152.13ms
step:643/4768 | loss 4.179881 | lr:0.0018 | train_time:2718.16s | step:4146.83ms
step:644/4768 | loss 4.096488 | lr:0.0018 | train_time:2722.33s | step:4168.19ms
step:645/4768 | loss 4.159102 | lr:0.0018 | train_time:2726.49s | step:4162.64ms
step:646/4768 | loss 4.138074 | lr:0.0018 | train_time:2730.64s | step:4148.89ms
step:647/4768 | loss 4.154666 | lr:0.0018 | train_time:2734.80s | step:4160.63ms
step:648/4768 | loss 4.158445 | lr:0.0018 | train_time:2738.96s | step:4157.29ms
step:649/4768 | loss 4.218879 | lr:0.0018 | train_time:2743.13s | step:4166.08ms
step:650/4768 | loss 4.152084 | lr:0.0018 | train_time:2747.30s | step:4178.40ms
step:651/4768 | loss 4.152358 | lr:0.0018 | train_time:2751.47s | step:4166.66ms
step:652/4768 | loss 4.103365 | lr:0.0018 | train_time:2755.64s | step:4170.10ms
step:653/4768 | loss 4.097088 | lr:0.0018 | train_time:2759.82s | step:4175.22ms
step:654/4768 | loss 4.088492 | lr:0.0018 | train_time:2763.97s | step:4155.17ms
step:655/4768 | loss 4.140026 | lr:0.0018 | train_time:2768.13s | step:4154.89ms
step:656/4768 | loss 4.118354 | lr:0.0018 | train_time:2772.28s | step:4152.48ms
step:657/4768 | loss 4.140351 | lr:0.0018 | train_time:2776.45s | step:4174.21ms
step:658/4768 | loss 4.165207 | lr:0.0018 | train_time:2780.61s | step:4161.68ms
step:659/4768 | loss 4.081266 | lr:0.0018 | train_time:2784.79s | step:4173.37ms
step:660/4768 | loss 4.184751 | lr:0.0018 | train_time:2788.95s | step:4163.37ms
step:661/4768 | loss 4.151755 | lr:0.0018 | train_time:2793.11s | step:4159.14ms
step:662/4768 | loss 4.195179 | lr:0.0018 | train_time:2797.27s | step:4162.62ms
step:663/4768 | loss 4.184500 | lr:0.0018 | train_time:2801.44s | step:4169.02ms
step:664/4768 | loss 4.175391 | lr:0.0018 | train_time:2805.60s | step:4162.43ms
step:665/4768 | loss 4.080180 | lr:0.0018 | train_time:2809.77s | step:4166.61ms
step:666/4768 | loss 4.094461 | lr:0.0018 | train_time:2813.94s | step:4167.43ms
step:667/4768 | loss 4.087323 | lr:0.0018 | train_time:2818.12s | step:4177.79ms
step:668/4768 | loss 4.133684 | lr:0.0018 | train_time:2822.28s | step:4168.35ms
step:669/4768 | loss 4.151043 | lr:0.0018 | train_time:2826.45s | step:4161.67ms
step:670/4768 | loss 4.114017 | lr:0.0018 | train_time:2830.61s | step:4162.73ms
step:671/4768 | loss 4.134074 | lr:0.0018 | train_time:2834.78s | step:4175.03ms
step:672/4768 | loss 4.115414 | lr:0.0018 | train_time:2838.95s | step:4164.71ms
step:673/4768 | loss 4.071742 | lr:0.0018 | train_time:2843.11s | step:4157.32ms
step:674/4768 | loss 4.200517 | lr:0.0018 | train_time:2847.26s | step:4154.30ms
step:675/4768 | loss 4.123175 | lr:0.0018 | train_time:2851.42s | step:4157.67ms
step:676/4768 | loss 4.080681 | lr:0.0018 | train_time:2855.58s | step:4164.92ms
step:677/4768 | loss 4.119115 | lr:0.0018 | train_time:2859.75s | step:4166.27ms
step:678/4768 | loss 4.118914 | lr:0.0018 | train_time:2863.92s | step:4166.53ms
step:679/4768 | loss 4.084397 | lr:0.0018 | train_time:2868.09s | step:4171.22ms
step:680/4768 | loss 4.105355 | lr:0.0018 | train_time:2872.25s | step:4161.69ms
step:681/4768 | loss 4.093996 | lr:0.0018 | train_time:2876.43s | step:4185.02ms
step:682/4768 | loss 4.153873 | lr:0.0018 | train_time:2880.60s | step:4165.10ms
step:683/4768 | loss 4.041152 | lr:0.0018 | train_time:2884.76s | step:4157.38ms
step:684/4768 | loss 4.145612 | lr:0.0018 | train_time:2888.91s | step:4158.47ms
step:685/4768 | loss 4.164136 | lr:0.0018 | train_time:2893.08s | step:4166.62ms
step:686/4768 | loss 4.119118 | lr:0.0018 | train_time:2897.25s | step:4168.67ms
step:687/4768 | loss 4.171175 | lr:0.0018 | train_time:2901.42s | step:4165.50ms
step:688/4768 | loss 4.143390 | lr:0.0018 | train_time:2905.57s | step:4157.75ms
step:689/4768 | loss 4.082960 | lr:0.0018 | train_time:2909.74s | step:4169.13ms
step:690/4768 | loss 4.072207 | lr:0.0018 | train_time:2913.90s | step:4153.85ms
step:691/4768 | loss 4.082675 | lr:0.0018 | train_time:2918.07s | step:4170.72ms
step:692/4768 | loss 4.129546 | lr:0.0018 | train_time:2922.23s | step:4164.02ms
step:693/4768 | loss 4.094057 | lr:0.0018 | train_time:2926.39s | step:4155.20ms
step:694/4768 | loss 4.107871 | lr:0.0018 | train_time:2930.54s | step:4155.75ms
step:695/4768 | loss 4.124901 | lr:0.0018 | train_time:2934.70s | step:4161.15ms
step:696/4768 | loss 4.075316 | lr:0.0018 | train_time:2938.88s | step:4180.43ms
step:697/4768 | loss 4.022508 | lr:0.0018 | train_time:2943.04s | step:4159.25ms
step:698/4768 | loss 4.174978 | lr:0.0018 | train_time:2947.21s | step:4171.30ms
step:699/4768 | loss 4.059751 | lr:0.0018 | train_time:2951.38s | step:4166.89ms
step:700/4768 | loss 4.060111 | lr:0.0018 | train_time:2955.55s | step:4171.34ms
step:701/4768 | loss 4.156057 | lr:0.0018 | train_time:2959.73s | step:4179.63ms
step:702/4768 | loss 4.051332 | lr:0.0018 | train_time:2963.89s | step:4156.49ms
step:703/4768 | loss 4.072684 | lr:0.0018 | train_time:2968.06s | step:4168.92ms
step:704/4768 | loss 4.049428 | lr:0.0018 | train_time:2972.22s | step:4167.42ms
step:705/4768 | loss 4.003165 | lr:0.0018 | train_time:2976.39s | step:4163.39ms
step:706/4768 | loss 4.135798 | lr:0.0018 | train_time:2980.56s | step:4169.71ms
step:707/4768 | loss 3.991428 | lr:0.0018 | train_time:2984.72s | step:4162.02ms
step:708/4768 | loss 4.045269 | lr:0.0018 | train_time:2988.89s | step:4168.68ms
step:709/4768 | loss 4.148169 | lr:0.0018 | train_time:2993.06s | step:4167.52ms
step:710/4768 | loss 4.098136 | lr:0.0018 | train_time:2997.22s | step:4164.36ms
step:711/4768 | loss 4.130662 | lr:0.0018 | train_time:3001.39s | step:4167.26ms
step:712/4768 | loss 4.077324 | lr:0.0018 | train_time:3005.56s | step:4175.32ms
step:713/4768 | loss 4.097727 | lr:0.0018 | train_time:3009.74s | step:4173.63ms
step:714/4768 | loss 4.052470 | lr:0.0018 | train_time:3013.91s | step:4169.56ms
step:715/4768 | loss 4.102081 | lr:0.0018 | train_time:3018.10s | step:4189.32ms
step:716/4768 | loss 4.016551 | lr:0.0018 | train_time:3022.26s | step:4168.64ms
step:717/4768 | loss 4.161930 | lr:0.0018 | train_time:3026.43s | step:4164.17ms
step:718/4768 | loss 4.057529 | lr:0.0018 | train_time:3030.60s | step:4169.70ms
step:719/4768 | loss 4.137551 | lr:0.0018 | train_time:3034.77s | step:4176.06ms
step:720/4768 | loss 4.104860 | lr:0.0018 | train_time:3038.94s | step:4165.30ms
step:721/4768 | loss 4.042812 | lr:0.0018 | train_time:3043.12s | step:4177.73ms
step:722/4768 | loss 4.152474 | lr:0.0018 | train_time:3047.29s | step:4170.65ms
step:723/4768 | loss 4.067177 | lr:0.0018 | train_time:3051.45s | step:4165.62ms
step:724/4768 | loss 4.116172 | lr:0.0018 | train_time:3055.62s | step:4166.39ms
step:725/4768 | loss 4.134957 | lr:0.0018 | train_time:3059.79s | step:4169.77ms
step:726/4768 | loss 4.027558 | lr:0.0018 | train_time:3063.96s | step:4167.61ms
step:727/4768 | loss 4.070123 | lr:0.0018 | train_time:3068.12s | step:4157.77ms
step:728/4768 | loss 4.083900 | lr:0.0018 | train_time:3072.28s | step:4168.92ms
step:729/4768 | loss 4.047939 | lr:0.0018 | train_time:3076.44s | step:4160.38ms
step:730/4768 | loss 4.051852 | lr:0.0018 | train_time:3080.61s | step:4162.11ms
step:731/4768 | loss 4.073413 | lr:0.0018 | train_time:3084.78s | step:4168.59ms
step:732/4768 | loss 4.147309 | lr:0.0018 | train_time:3088.94s | step:4162.69ms
step:733/4768 | loss 4.115499 | lr:0.0018 | train_time:3093.10s | step:4166.47ms
step:734/4768 | loss 4.053710 | lr:0.0018 | train_time:3097.27s | step:4169.52ms
step:735/4768 | loss 4.126673 | lr:0.0018 | train_time:3101.43s | step:4159.96ms
step:736/4768 | loss 4.155186 | lr:0.0018 | train_time:3105.60s | step:4167.74ms
step:737/4768 | loss 4.048686 | lr:0.0018 | train_time:3109.77s | step:4166.95ms
step:738/4768 | loss 4.043934 | lr:0.0018 | train_time:3113.94s | step:4171.34ms
step:739/4768 | loss 4.156724 | lr:0.0018 | train_time:3118.10s | step:4157.64ms
step:740/4768 | loss 4.042796 | lr:0.0018 | train_time:3122.26s | step:4167.40ms
step:741/4768 | loss 4.091115 | lr:0.0018 | train_time:3126.43s | step:4162.22ms
step:742/4768 | loss 4.184328 | lr:0.0018 | train_time:3130.58s | step:4153.84ms
step:743/4768 | loss 4.059598 | lr:0.0018 | train_time:3134.74s | step:4159.60ms
step:744/4768 | loss 4.075857 | lr:0.0018 | train_time:3138.90s | step:4163.88ms
step:745/4768 | loss 4.041199 | lr:0.0018 | train_time:3143.07s | step:4166.73ms
step:746/4768 | loss 3.992041 | lr:0.0018 | train_time:3147.25s | step:4178.46ms
step:747/4768 | loss 4.045695 | lr:0.0018 | train_time:3151.41s | step:4157.32ms
step:748/4768 | loss 4.069676 | lr:0.0018 | train_time:3155.56s | step:4156.34ms
step:749/4768 | loss 4.038524 | lr:0.0018 | train_time:3159.73s | step:4162.00ms
step:750/4768 | loss 4.091712 | lr:0.0018 | train_time:3163.89s | step:4167.13ms
step:751/4768 | loss 4.008296 | lr:0.0018 | train_time:3168.06s | step:4165.78ms
step:752/4768 | loss 4.066137 | lr:0.0018 | train_time:3172.23s | step:4167.34ms
step:753/4768 | loss 4.013608 | lr:0.0018 | train_time:3176.38s | step:4154.18ms
step:754/4768 | loss 4.053630 | lr:0.0018 | train_time:3180.54s | step:4161.03ms
step:755/4768 | loss 4.059381 | lr:0.0018 | train_time:3184.71s | step:4166.13ms
step:756/4768 | loss 4.106805 | lr:0.0018 | train_time:3188.87s | step:4164.46ms
step:757/4768 | loss 4.115632 | lr:0.0018 | train_time:3193.04s | step:4169.60ms
step:758/4768 | loss 4.156955 | lr:0.0018 | train_time:3197.20s | step:4161.68ms
step:759/4768 | loss 4.069403 | lr:0.0018 | train_time:3201.37s | step:4171.55ms
step:760/4768 | loss 4.060149 | lr:0.0018 | train_time:3205.53s | step:4159.10ms
step:761/4768 | loss 4.036738 | lr:0.0018 | train_time:3209.71s | step:4173.18ms
step:762/4768 | loss 4.078187 | lr:0.0018 | train_time:3213.88s | step:4170.52ms
step:763/4768 | loss 4.027411 | lr:0.0018 | train_time:3218.13s | step:4252.12ms
step:764/4768 | loss 4.040174 | lr:0.0018 | train_time:3222.31s | step:4182.39ms
step:765/4768 | loss 4.023231 | lr:0.0018 | train_time:3226.48s | step:4168.96ms
step:766/4768 | loss 4.015828 | lr:0.0018 | train_time:3230.65s | step:4174.25ms
step:767/4768 | loss 4.080575 | lr:0.0018 | train_time:3234.82s | step:4164.65ms
step:768/4768 | loss 4.160106 | lr:0.0018 | train_time:3238.99s | step:4175.09ms
step:768/4768 | val loss 4.048432
step:769/4768 | loss 4.121587 | lr:0.0018 | train_time:3243.16s | step:4166.72ms
step:770/4768 | loss 4.093718 | lr:0.0018 | train_time:3247.32s | step:4163.44ms
step:771/4768 | loss 4.121305 | lr:0.0018 | train_time:3251.49s | step:4162.12ms
step:772/4768 | loss 4.187226 | lr:0.0018 | train_time:3255.66s | step:4169.19ms
step:773/4768 | loss 4.068124 | lr:0.0018 | train_time:3259.82s | step:4162.27ms
step:774/4768 | loss 4.034534 | lr:0.0018 | train_time:3263.97s | step:4156.15ms
step:775/4768 | loss 4.032460 | lr:0.0018 | train_time:3268.15s | step:4173.05ms
step:776/4768 | loss 4.050280 | lr:0.0018 | train_time:3272.32s | step:4169.81ms
step:777/4768 | loss 4.056070 | lr:0.0018 | train_time:3276.48s | step:4161.70ms
step:778/4768 | loss 4.036019 | lr:0.0018 | train_time:3280.64s | step:4163.44ms
step:779/4768 | loss 3.987407 | lr:0.0018 | train_time:3284.81s | step:4172.04ms
step:780/4768 | loss 4.023242 | lr:0.0018 | train_time:3288.98s | step:4166.57ms
step:781/4768 | loss 4.081887 | lr:0.0018 | train_time:3293.15s | step:4164.53ms
step:782/4768 | loss 4.008841 | lr:0.0018 | train_time:3297.31s | step:4167.79ms
step:783/4768 | loss 4.033383 | lr:0.0018 | train_time:3301.47s | step:4159.65ms
step:784/4768 | loss 4.006286 | lr:0.0018 | train_time:3305.64s | step:4166.84ms
step:785/4768 | loss 4.030527 | lr:0.0018 | train_time:3309.80s | step:4161.73ms
step:786/4768 | loss 4.001832 | lr:0.0018 | train_time:3313.97s | step:4167.00ms
step:787/4768 | loss 4.018496 | lr:0.0018 | train_time:3318.14s | step:4166.71ms
step:788/4768 | loss 3.959553 | lr:0.0018 | train_time:3322.30s | step:4168.42ms
step:789/4768 | loss 4.062535 | lr:0.0018 | train_time:3326.48s | step:4171.91ms
step:790/4768 | loss 4.000403 | lr:0.0018 | train_time:3330.65s | step:4178.74ms
step:791/4768 | loss 4.016493 | lr:0.0018 | train_time:3334.83s | step:4174.92ms
step:792/4768 | loss 4.091899 | lr:0.0018 | train_time:3339.01s | step:4176.92ms
step:793/4768 | loss 4.044701 | lr:0.0018 | train_time:3343.16s | step:4158.55ms
step:794/4768 | loss 4.116885 | lr:0.0018 | train_time:3347.33s | step:4170.30ms
step:795/4768 | loss 4.051523 | lr:0.0018 | train_time:3351.50s | step:4166.30ms
step:796/4768 | loss 4.022738 | lr:0.0018 | train_time:3355.67s | step:4171.34ms
step:797/4768 | loss 4.340015 | lr:0.0018 | train_time:3359.85s | step:4178.07ms
step:798/4768 | loss 4.083382 | lr:0.0018 | train_time:3364.02s | step:4168.59ms
step:799/4768 | loss 4.083617 | lr:0.0018 | train_time:3368.19s | step:4175.49ms
step:800/4768 | loss 4.136980 | lr:0.0018 | train_time:3372.36s | step:4167.95ms
step:801/4768 | loss 4.165182 | lr:0.0018 | train_time:3376.53s | step:4166.71ms
step:802/4768 | loss 4.102060 | lr:0.0018 | train_time:3380.69s | step:4156.39ms
step:803/4768 | loss 4.105965 | lr:0.0018 | train_time:3384.85s | step:4168.84ms
step:804/4768 | loss 4.202863 | lr:0.0018 | train_time:3389.02s | step:4168.95ms
step:805/4768 | loss 4.059177 | lr:0.0018 | train_time:3393.20s | step:4176.20ms
step:806/4768 | loss 4.083038 | lr:0.0018 | train_time:3397.38s | step:4179.85ms
step:807/4768 | loss 4.040962 | lr:0.0018 | train_time:3401.56s | step:4180.14ms
step:808/4768 | loss 4.075969 | lr:0.0018 | train_time:3405.72s | step:4157.62ms
step:809/4768 | loss 4.075879 | lr:0.0018 | train_time:3409.88s | step:4159.23ms
step:810/4768 | loss 4.020034 | lr:0.0018 | train_time:3414.05s | step:4173.73ms
step:811/4768 | loss 4.043556 | lr:0.0018 | train_time:3418.22s | step:4173.83ms
step:812/4768 | loss 4.059290 | lr:0.0018 | train_time:3422.39s | step:4165.07ms
step:813/4768 | loss 4.062885 | lr:0.0018 | train_time:3426.56s | step:4170.63ms
step:814/4768 | loss 4.047278 | lr:0.0018 | train_time:3430.73s | step:4168.26ms
step:815/4768 | loss 4.139596 | lr:0.0018 | train_time:3434.91s | step:4185.41ms
step:816/4768 | loss 4.094411 | lr:0.0018 | train_time:3439.08s | step:4166.47ms
step:817/4768 | loss 4.028583 | lr:0.0018 | train_time:3443.24s | step:4155.43ms
step:818/4768 | loss 4.048612 | lr:0.0018 | train_time:3447.40s | step:4161.94ms
step:819/4768 | loss 4.034158 | lr:0.0018 | train_time:3451.56s | step:4159.38ms
step:820/4768 | loss 4.027935 | lr:0.0018 | train_time:3455.72s | step:4160.34ms
step:821/4768 | loss 4.014462 | lr:0.0018 | train_time:3459.88s | step:4164.88ms
step:822/4768 | loss 3.953419 | lr:0.0018 | train_time:3464.05s | step:4167.75ms
step:823/4768 | loss 3.993350 | lr:0.0018 | train_time:3468.22s | step:4172.54ms
step:824/4768 | loss 4.043360 | lr:0.0018 | train_time:3472.40s | step:4178.14ms
step:825/4768 | loss 3.947254 | lr:0.0018 | train_time:3476.57s | step:4170.99ms
step:826/4768 | loss 3.940951 | lr:0.0018 | train_time:3480.75s | step:4173.69ms
step:827/4768 | loss 4.022729 | lr:0.0018 | train_time:3484.92s | step:4174.23ms
step:828/4768 | loss 3.908159 | lr:0.0018 | train_time:3489.08s | step:4157.41ms
step:829/4768 | loss 4.004610 | lr:0.0018 | train_time:3493.25s | step:4173.73ms
step:830/4768 | loss 3.999517 | lr:0.0018 | train_time:3497.42s | step:4166.66ms
step:831/4768 | loss 3.994856 | lr:0.0018 | train_time:3501.58s | step:4162.76ms
step:832/4768 | loss 4.015142 | lr:0.0018 | train_time:3505.76s | step:4180.42ms
step:833/4768 | loss 4.065651 | lr:0.0018 | train_time:3509.93s | step:4171.56ms
step:834/4768 | loss 4.093790 | lr:0.0018 | train_time:3514.11s | step:4182.42ms
step:835/4768 | loss 4.038110 | lr:0.0018 | train_time:3518.29s | step:4173.50ms
step:836/4768 | loss 3.993949 | lr:0.0018 | train_time:3522.46s | step:4173.09ms
step:837/4768 | loss 3.994792 | lr:0.0018 | train_time:3526.63s | step:4166.66ms
step:838/4768 | loss 3.991966 | lr:0.0018 | train_time:3530.79s | step:4163.68ms
step:839/4768 | loss 3.953100 | lr:0.0018 | train_time:3534.97s | step:4177.66ms
step:840/4768 | loss 3.992515 | lr:0.0018 | train_time:3539.14s | step:4176.01ms
step:841/4768 | loss 4.035693 | lr:0.0018 | train_time:3543.30s | step:4158.01ms
step:842/4768 | loss 4.007948 | lr:0.0018 | train_time:3547.49s | step:4187.38ms
step:843/4768 | loss 3.990910 | lr:0.0018 | train_time:3551.67s | step:4176.94ms
step:844/4768 | loss 4.008422 | lr:0.0018 | train_time:3555.85s | step:4179.23ms
step:845/4768 | loss 3.962791 | lr:0.0018 | train_time:3560.01s | step:4160.34ms
step:846/4768 | loss 3.970789 | lr:0.0018 | train_time:3564.17s | step:4163.91ms
step:847/4768 | loss 4.054968 | lr:0.0018 | train_time:3568.35s | step:4174.53ms
step:848/4768 | loss 3.994659 | lr:0.0018 | train_time:3572.52s | step:4170.34ms
step:849/4768 | loss 3.983225 | lr:0.0018 | train_time:3576.68s | step:4160.35ms
step:850/4768 | loss 4.004939 | lr:0.0018 | train_time:3580.85s | step:4172.21ms
step:851/4768 | loss 4.026590 | lr:0.0018 | train_time:3585.02s | step:4176.72ms
step:852/4768 | loss 3.982404 | lr:0.0018 | train_time:3589.20s | step:4177.15ms
step:853/4768 | loss 4.091080 | lr:0.0018 | train_time:3593.37s | step:4170.69ms
step:854/4768 | loss 3.950128 | lr:0.0018 | train_time:3597.54s | step:4165.13ms
step:855/4768 | loss 4.023242 | lr:0.0018 | train_time:3601.73s | step:4194.37ms
step:856/4768 | loss 4.003350 | lr:0.0018 | train_time:3605.90s | step:4164.40ms
step:857/4768 | loss 3.945440 | lr:0.0018 | train_time:3610.07s | step:4170.22ms
step:858/4768 | loss 4.010573 | lr:0.0018 | train_time:3614.23s | step:4164.96ms
step:859/4768 | loss 4.043447 | lr:0.0018 | train_time:3618.40s | step:4169.50ms
step:860/4768 | loss 3.937906 | lr:0.0018 | train_time:3622.57s | step:4164.62ms
step:861/4768 | loss 3.981929 | lr:0.0018 | train_time:3626.75s | step:4179.91ms
step:862/4768 | loss 4.015040 | lr:0.0018 | train_time:3630.91s | step:4169.09ms
step:863/4768 | loss 3.979417 | lr:0.0018 | train_time:3635.08s | step:4168.75ms
step:864/4768 | loss 3.974062 | lr:0.0018 | train_time:3639.25s | step:4170.46ms
step:865/4768 | loss 3.952783 | lr:0.0018 | train_time:3643.44s | step:4190.74ms
step:866/4768 | loss 3.977787 | lr:0.0018 | train_time:3647.62s | step:4170.91ms
step:867/4768 | loss 4.023221 | lr:0.0018 | train_time:3651.79s | step:4171.66ms
step:868/4768 | loss 4.127793 | lr:0.0018 | train_time:3655.96s | step:4171.75ms
step:869/4768 | loss 3.981004 | lr:0.0018 | train_time:3660.13s | step:4173.29ms
step:870/4768 | loss 4.014485 | lr:0.0018 | train_time:3664.30s | step:4171.43ms
step:871/4768 | loss 3.946487 | lr:0.0018 | train_time:3668.48s | step:4176.56ms
step:872/4768 | loss 3.950366 | lr:0.0018 | train_time:3672.66s | step:4180.83ms
step:873/4768 | loss 4.004847 | lr:0.0018 | train_time:3676.83s | step:4172.81ms
step:874/4768 | loss 3.992427 | lr:0.0018 | train_time:3681.00s | step:4169.19ms
step:875/4768 | loss 3.981221 | lr:0.0018 | train_time:3685.17s | step:4168.69ms
step:876/4768 | loss 3.943639 | lr:0.0018 | train_time:3689.36s | step:4185.99ms
step:877/4768 | loss 4.001604 | lr:0.0018 | train_time:3693.52s | step:4162.77ms
step:878/4768 | loss 3.946376 | lr:0.0018 | train_time:3697.69s | step:4174.14ms
step:879/4768 | loss 4.039665 | lr:0.0018 | train_time:3701.87s | step:4172.58ms
step:880/4768 | loss 3.943209 | lr:0.0018 | train_time:3706.06s | step:4188.86ms
step:881/4768 | loss 4.048188 | lr:0.0018 | train_time:3710.23s | step:4170.63ms
step:882/4768 | loss 3.941312 | lr:0.0018 | train_time:3714.40s | step:4170.68ms
step:883/4768 | loss 3.961865 | lr:0.0018 | train_time:3718.59s | step:4191.86ms
step:884/4768 | loss 3.988284 | lr:0.0018 | train_time:3722.76s | step:4169.56ms
step:885/4768 | loss 3.994596 | lr:0.0018 | train_time:3726.95s | step:4186.13ms
step:886/4768 | loss 3.943387 | lr:0.0018 | train_time:3731.12s | step:4175.37ms
step:887/4768 | loss 3.952935 | lr:0.0018 | train_time:3735.30s | step:4180.08ms
step:888/4768 | loss 3.957720 | lr:0.0018 | train_time:3739.48s | step:4176.12ms
step:889/4768 | loss 4.035629 | lr:0.0018 | train_time:3743.65s | step:4176.04ms
step:890/4768 | loss 4.066339 | lr:0.0018 | train_time:3747.84s | step:4191.87ms
step:891/4768 | loss 3.956318 | lr:0.0018 | train_time:3752.01s | step:4167.44ms
step:892/4768 | loss 3.922399 | lr:0.0018 | train_time:3756.19s | step:4180.22ms
step:893/4768 | loss 3.883401 | lr:0.0018 | train_time:3760.37s | step:4179.12ms
step:894/4768 | loss 4.003969 | lr:0.0018 | train_time:3764.55s | step:4176.22ms
step:895/4768 | loss 3.966125 | lr:0.0018 | train_time:3768.73s | step:4177.48ms
step:896/4768 | loss 3.924348 | lr:0.0018 | train_time:3772.88s | step:4159.51ms
step:896/4768 | val loss 3.966984
step:897/4768 | loss 3.987065 | lr:0.0018 | train_time:3777.06s | step:4171.93ms
step:898/4768 | loss 3.959583 | lr:0.0018 | train_time:3781.22s | step:4159.03ms
step:899/4768 | loss 3.978206 | lr:0.0018 | train_time:3785.37s | step:4156.49ms
step:900/4768 | loss 3.975088 | lr:0.0018 | train_time:3789.54s | step:4171.32ms
step:901/4768 | loss 3.993525 | lr:0.0018 | train_time:3793.71s | step:4169.05ms
step:902/4768 | loss 3.963316 | lr:0.0018 | train_time:3797.88s | step:4169.03ms
step:903/4768 | loss 3.944878 | lr:0.0018 | train_time:3802.05s | step:4166.17ms
step:904/4768 | loss 3.957599 | lr:0.0018 | train_time:3806.22s | step:4169.17ms
step:905/4768 | loss 4.227696 | lr:0.0018 | train_time:3810.39s | step:4177.47ms
step:906/4768 | loss 3.947425 | lr:0.0018 | train_time:3814.57s | step:4174.22ms
step:907/4768 | loss 3.955535 | lr:0.0018 | train_time:3818.73s | step:4165.09ms
step:908/4768 | loss 4.036446 | lr:0.0018 | train_time:3822.91s | step:4174.00ms
step:909/4768 | loss 3.987287 | lr:0.0018 | train_time:3827.08s | step:4169.97ms
step:910/4768 | loss 3.951766 | lr:0.0018 | train_time:3831.26s | step:4179.89ms
step:911/4768 | loss 3.983517 | lr:0.0018 | train_time:3835.43s | step:4169.02ms
step:912/4768 | loss 4.114261 | lr:0.0018 | train_time:3839.60s | step:4177.43ms
step:913/4768 | loss 3.933621 | lr:0.0018 | train_time:3843.77s | step:4168.87ms
step:914/4768 | loss 3.979382 | lr:0.0018 | train_time:3847.94s | step:4169.34ms
step:915/4768 | loss 3.920462 | lr:0.0018 | train_time:3852.12s | step:4181.19ms
step:916/4768 | loss 3.977461 | lr:0.0018 | train_time:3856.29s | step:4168.09ms
step:917/4768 | loss 4.011861 | lr:0.0018 | train_time:3860.46s | step:4166.41ms
step:918/4768 | loss 3.986158 | lr:0.0018 | train_time:3864.62s | step:4164.99ms
step:919/4768 | loss 4.059504 | lr:0.0018 | train_time:3868.80s | step:4178.93ms
step:920/4768 | loss 4.115846 | lr:0.0018 | train_time:3872.98s | step:4178.40ms
step:921/4768 | loss 3.942277 | lr:0.0018 | train_time:3877.15s | step:4165.75ms
step:922/4768 | loss 3.971042 | lr:0.0018 | train_time:3881.32s | step:4172.27ms
step:923/4768 | loss 3.999256 | lr:0.0018 | train_time:3885.48s | step:4160.71ms
step:924/4768 | loss 3.920866 | lr:0.0018 | train_time:3889.66s | step:4179.81ms
step:925/4768 | loss 3.946218 | lr:0.0018 | train_time:3893.84s | step:4177.93ms
step:926/4768 | loss 3.931125 | lr:0.0018 | train_time:3898.02s | step:4178.97ms
step:927/4768 | loss 3.970308 | lr:0.0018 | train_time:3902.19s | step:4172.67ms
step:928/4768 | loss 3.947927 | lr:0.0018 | train_time:3906.36s | step:4172.70ms
step:929/4768 | loss 3.995586 | lr:0.0018 | train_time:3910.54s | step:4175.75ms
step:930/4768 | loss 3.958033 | lr:0.0018 | train_time:3914.70s | step:4161.87ms
step:931/4768 | loss 3.930473 | lr:0.0018 | train_time:3918.89s | step:4186.54ms
step:932/4768 | loss 4.045977 | lr:0.0018 | train_time:3923.06s | step:4171.02ms
step:933/4768 | loss 3.942342 | lr:0.0018 | train_time:3927.22s | step:4165.04ms
step:934/4768 | loss 3.948287 | lr:0.0018 | train_time:3931.39s | step:4169.47ms
step:935/4768 | loss 4.049361 | lr:0.0018 | train_time:3935.57s | step:4180.53ms
step:936/4768 | loss 3.942556 | lr:0.0018 | train_time:3939.76s | step:4190.96ms
step:937/4768 | loss 4.030921 | lr:0.0018 | train_time:3943.96s | step:4193.05ms
step:938/4768 | loss 3.993129 | lr:0.0018 | train_time:3948.14s | step:4188.69ms
step:939/4768 | loss 3.959068 | lr:0.0018 | train_time:3952.32s | step:4174.50ms
step:940/4768 | loss 3.879099 | lr:0.0018 | train_time:3956.49s | step:4173.47ms
step:941/4768 | loss 3.987409 | lr:0.0018 | train_time:3960.66s | step:4171.65ms
step:942/4768 | loss 3.900974 | lr:0.0018 | train_time:3964.85s | step:4186.64ms
step:943/4768 | loss 3.914826 | lr:0.0018 | train_time:3969.03s | step:4175.62ms
step:944/4768 | loss 4.007663 | lr:0.0018 | train_time:3973.21s | step:4182.93ms
step:945/4768 | loss 3.964252 | lr:0.0018 | train_time:3977.38s | step:4176.13ms
step:946/4768 | loss 3.946009 | lr:0.0018 | train_time:3981.56s | step:4177.90ms
step:947/4768 | loss 3.982499 | lr:0.0018 | train_time:3985.74s | step:4176.40ms
step:948/4768 | loss 4.136374 | lr:0.0018 | train_time:3989.91s | step:4169.20ms
step:949/4768 | loss 3.938681 | lr:0.0018 | train_time:3994.08s | step:4170.00ms
step:950/4768 | loss 3.971168 | lr:0.0018 | train_time:3998.25s | step:4172.72ms
step:951/4768 | loss 3.909359 | lr:0.0018 | train_time:4002.42s | step:4173.11ms
step:952/4768 | loss 3.953440 | lr:0.0018 | train_time:4006.60s | step:4175.40ms
step:953/4768 | loss 3.977808 | lr:0.0018 | train_time:4010.78s | step:4185.13ms
step:954/4768 | loss 3.937895 | lr:0.0018 | train_time:4015.03s | step:4243.18ms
step:955/4768 | loss 4.009600 | lr:0.0018 | train_time:4019.21s | step:4178.10ms
step:956/4768 | loss 3.895589 | lr:0.0018 | train_time:4023.37s | step:4168.71ms
step:957/4768 | loss 3.920689 | lr:0.0018 | train_time:4027.55s | step:4178.02ms
step:958/4768 | loss 3.936798 | lr:0.0018 | train_time:4031.71s | step:4159.61ms
step:959/4768 | loss 4.025345 | lr:0.0018 | train_time:4035.88s | step:4167.45ms
step:960/4768 | loss 3.916507 | lr:0.0018 | train_time:4040.05s | step:4167.22ms
step:961/4768 | loss 4.030077 | lr:0.0018 | train_time:4044.21s | step:4167.75ms
step:962/4768 | loss 3.991543 | lr:0.0018 | train_time:4048.38s | step:4169.12ms
step:963/4768 | loss 3.961696 | lr:0.0018 | train_time:4052.57s | step:4188.63ms
step:964/4768 | loss 3.944789 | lr:0.0018 | train_time:4056.74s | step:4170.60ms
step:965/4768 | loss 3.943056 | lr:0.0018 | train_time:4060.92s | step:4173.82ms
step:966/4768 | loss 3.896154 | lr:0.0018 | train_time:4065.09s | step:4174.81ms
step:967/4768 | loss 3.899516 | lr:0.0018 | train_time:4069.26s | step:4172.33ms
step:968/4768 | loss 3.961233 | lr:0.0018 | train_time:4073.44s | step:4172.64ms
step:969/4768 | loss 3.975678 | lr:0.0018 | train_time:4077.60s | step:4161.09ms
step:970/4768 | loss 3.927577 | lr:0.0018 | train_time:4081.77s | step:4173.11ms
step:971/4768 | loss 3.959116 | lr:0.0018 | train_time:4085.94s | step:4170.57ms
step:972/4768 | loss 3.953267 | lr:0.0018 | train_time:4090.11s | step:4165.89ms
step:973/4768 | loss 3.904631 | lr:0.0018 | train_time:4094.27s | step:4164.65ms
step:974/4768 | loss 3.948303 | lr:0.0018 | train_time:4098.44s | step:4168.17ms
step:975/4768 | loss 3.894062 | lr:0.0018 | train_time:4102.61s | step:4169.25ms
step:976/4768 | loss 3.979279 | lr:0.0018 | train_time:4106.78s | step:4172.92ms
step:977/4768 | loss 3.929764 | lr:0.0018 | train_time:4110.97s | step:4186.22ms
step:978/4768 | loss 3.953157 | lr:0.0018 | train_time:4115.14s | step:4171.76ms
step:979/4768 | loss 3.965697 | lr:0.0018 | train_time:4119.30s | step:4161.90ms
step:980/4768 | loss 3.911000 | lr:0.0018 | train_time:4123.47s | step:4164.71ms
step:981/4768 | loss 3.926634 | lr:0.0018 | train_time:4127.63s | step:4160.12ms
step:982/4768 | loss 3.922220 | lr:0.0018 | train_time:4131.79s | step:4162.41ms
step:983/4768 | loss 3.901437 | lr:0.0018 | train_time:4135.96s | step:4172.13ms
step:984/4768 | loss 3.934202 | lr:0.0018 | train_time:4140.13s | step:4172.66ms
step:985/4768 | loss 3.936405 | lr:0.0018 | train_time:4144.30s | step:4162.22ms
step:986/4768 | loss 3.940105 | lr:0.0018 | train_time:4148.47s | step:4175.34ms
step:987/4768 | loss 3.932928 | lr:0.0018 | train_time:4152.65s | step:4173.75ms
step:988/4768 | loss 3.983603 | lr:0.0018 | train_time:4156.81s | step:4166.11ms
step:989/4768 | loss 3.964092 | lr:0.0018 | train_time:4160.98s | step:4172.55ms
step:990/4768 | loss 3.951439 | lr:0.0018 | train_time:4165.14s | step:4155.51ms
step:991/4768 | loss 3.924954 | lr:0.0018 | train_time:4169.31s | step:4174.12ms
step:992/4768 | loss 3.842190 | lr:0.0018 | train_time:4173.49s | step:4173.43ms
step:993/4768 | loss 3.932694 | lr:0.0018 | train_time:4177.65s | step:4164.53ms
step:994/4768 | loss 3.932893 | lr:0.0018 | train_time:4181.82s | step:4165.78ms
step:995/4768 | loss 3.910609 | lr:0.0018 | train_time:4185.98s | step:4164.76ms
step:996/4768 | loss 3.901026 | lr:0.0018 | train_time:4190.15s | step:4167.96ms
step:997/4768 | loss 3.955889 | lr:0.0018 | train_time:4194.32s | step:4171.79ms
step:998/4768 | loss 3.867918 | lr:0.0018 | train_time:4198.49s | step:4171.17ms
step:999/4768 | loss 3.932129 | lr:0.0018 | train_time:4202.66s | step:4166.33ms
step:1000/4768 | loss 3.960858 | lr:0.0018 | train_time:4206.83s | step:4165.58ms
step:1001/4768 | loss 3.924720 | lr:0.0018 | train_time:4211.00s | step:4170.66ms
step:1002/4768 | loss 3.968154 | lr:0.0018 | train_time:4215.15s | step:4158.75ms
step:1003/4768 | loss 3.954433 | lr:0.0018 | train_time:4219.32s | step:4165.27ms
step:1004/4768 | loss 3.919037 | lr:0.0018 | train_time:4223.49s | step:4172.28ms
step:1005/4768 | loss 3.882290 | lr:0.0018 | train_time:4227.66s | step:4164.37ms
step:1006/4768 | loss 3.930486 | lr:0.0018 | train_time:4231.82s | step:4167.80ms
step:1007/4768 | loss 3.981461 | lr:0.0018 | train_time:4235.99s | step:4168.44ms
step:1008/4768 | loss 3.927644 | lr:0.0018 | train_time:4240.16s | step:4170.37ms
step:1009/4768 | loss 3.915181 | lr:0.0018 | train_time:4244.33s | step:4163.88ms
step:1010/4768 | loss 3.965950 | lr:0.0018 | train_time:4248.49s | step:4166.21ms
step:1011/4768 | loss 3.885275 | lr:0.0018 | train_time:4252.66s | step:4169.44ms
step:1012/4768 | loss 4.008093 | lr:0.0018 | train_time:4256.84s | step:4175.43ms
step:1013/4768 | loss 3.950028 | lr:0.0018 | train_time:4261.01s | step:4167.68ms
step:1014/4768 | loss 3.868531 | lr:0.0018 | train_time:4265.19s | step:4181.19ms
step:1015/4768 | loss 3.914086 | lr:0.0018 | train_time:4269.35s | step:4166.81ms
step:1016/4768 | loss 3.894072 | lr:0.0018 | train_time:4273.52s | step:4170.33ms
step:1017/4768 | loss 3.937405 | lr:0.0018 | train_time:4277.70s | step:4176.42ms
step:1018/4768 | loss 3.917293 | lr:0.0018 | train_time:4281.87s | step:4171.79ms
step:1019/4768 | loss 3.943526 | lr:0.0018 | train_time:4286.04s | step:4170.43ms
step:1020/4768 | loss 3.887553 | lr:0.0018 | train_time:4290.20s | step:4159.10ms
step:1021/4768 | loss 3.874593 | lr:0.0018 | train_time:4294.37s | step:4168.09ms
step:1022/4768 | loss 4.010635 | lr:0.0018 | train_time:4298.55s | step:4176.55ms
step:1023/4768 | loss 3.882483 | lr:0.0018 | train_time:4302.71s | step:4166.20ms
step:1024/4768 | loss 3.910259 | lr:0.0018 | train_time:4306.88s | step:4170.99ms
saved checkpoint: runs/baseline-20260718T074451Z/full-seed-0/checkpoint.pt (next step 1024)
step:1024/4768 | val loss 3.915851
step:1025/4768 | loss 4.011661 | lr:0.0018 | train_time:4311.05s | step:4162.82ms
step:1026/4768 | loss 3.912958 | lr:0.0018 | train_time:4315.20s | step:4158.44ms
step:1027/4768 | loss 3.887660 | lr:0.0018 | train_time:4319.36s | step:4154.38ms
step:1028/4768 | loss 3.965664 | lr:0.0018 | train_time:4323.52s | step:4156.20ms
step:1029/4768 | loss 3.902325 | lr:0.0018 | train_time:4327.68s | step:4164.56ms
step:1030/4768 | loss 3.894294 | lr:0.0018 | train_time:4331.85s | step:4172.77ms
step:1031/4768 | loss 3.939051 | lr:0.0018 | train_time:4336.02s | step:4167.32ms
step:1032/4768 | loss 3.927949 | lr:0.0018 | train_time:4340.18s | step:4164.59ms
step:1033/4768 | loss 3.944655 | lr:0.0018 | train_time:4344.36s | step:4170.42ms
step:1034/4768 | loss 3.885126 | lr:0.0018 | train_time:4348.52s | step:4168.00ms
step:1035/4768 | loss 3.929521 | lr:0.0018 | train_time:4352.68s | step:4158.26ms
step:1036/4768 | loss 3.918262 | lr:0.0018 | train_time:4356.84s | step:4160.76ms
step:1037/4768 | loss 3.899259 | lr:0.0018 | train_time:4361.00s | step:4154.75ms
step:1038/4768 | loss 3.900668 | lr:0.0018 | train_time:4365.17s | step:4169.58ms
step:1039/4768 | loss 3.918630 | lr:0.0018 | train_time:4369.32s | step:4158.20ms
step:1040/4768 | loss 4.116302 | lr:0.0018 | train_time:4373.50s | step:4170.58ms
step:1041/4768 | loss 3.907681 | lr:0.0018 | train_time:4377.66s | step:4165.02ms
step:1042/4768 | loss 3.902565 | lr:0.0018 | train_time:4381.83s | step:4168.18ms
step:1043/4768 | loss 3.939191 | lr:0.0018 | train_time:4385.99s | step:4160.37ms
step:1044/4768 | loss 3.928226 | lr:0.0018 | train_time:4390.15s | step:4159.97ms
step:1045/4768 | loss 3.894291 | lr:0.0018 | train_time:4394.31s | step:4163.35ms
step:1046/4768 | loss 3.920859 | lr:0.0018 | train_time:4398.46s | step:4151.02ms
step:1047/4768 | loss 3.905016 | lr:0.0018 | train_time:4402.64s | step:4179.61ms
step:1048/4768 | loss 3.873499 | lr:0.0018 | train_time:4406.80s | step:4157.19ms
step:1049/4768 | loss 3.901439 | lr:0.0018 | train_time:4410.96s | step:4157.83ms
step:1050/4768 | loss 3.945779 | lr:0.0018 | train_time:4415.12s | step:4164.73ms
step:1051/4768 | loss 3.928893 | lr:0.0018 | train_time:4419.28s | step:4161.58ms
step:1052/4768 | loss 3.898762 | lr:0.0018 | train_time:4423.45s | step:4162.51ms
step:1053/4768 | loss 3.900641 | lr:0.0018 | train_time:4427.61s | step:4165.23ms
step:1054/4768 | loss 3.976118 | lr:0.0018 | train_time:4431.78s | step:4169.80ms
step:1055/4768 | loss 3.887839 | lr:0.0018 | train_time:4435.95s | step:4167.83ms
step:1056/4768 | loss 3.938431 | lr:0.0018 | train_time:4440.11s | step:4161.80ms
step:1057/4768 | loss 3.901937 | lr:0.0018 | train_time:4444.27s | step:4159.75ms
step:1058/4768 | loss 3.797675 | lr:0.0018 | train_time:4448.43s | step:4162.73ms
step:1059/4768 | loss 3.883799 | lr:0.0018 | train_time:4452.61s | step:4174.79ms
step:1060/4768 | loss 3.876441 | lr:0.0018 | train_time:4456.78s | step:4168.17ms
step:1061/4768 | loss 3.872471 | lr:0.0018 | train_time:4460.94s | step:4160.16ms
step:1062/4768 | loss 3.916583 | lr:0.0018 | train_time:4465.10s | step:4166.60ms
step:1063/4768 | loss 3.912335 | lr:0.0018 | train_time:4469.27s | step:4162.69ms
step:1064/4768 | loss 3.890951 | lr:0.0018 | train_time:4473.42s | step:4157.57ms
step:1065/4768 | loss 3.890546 | lr:0.0018 | train_time:4477.60s | step:4174.39ms
step:1066/4768 | loss 3.898072 | lr:0.0018 | train_time:4481.76s | step:4157.85ms
step:1067/4768 | loss 3.868137 | lr:0.0018 | train_time:4485.93s | step:4172.02ms
step:1068/4768 | loss 3.912702 | lr:0.0018 | train_time:4490.08s | step:4155.25ms
step:1069/4768 | loss 3.863616 | lr:0.0018 | train_time:4494.24s | step:4156.68ms
step:1070/4768 | loss 3.873625 | lr:0.0018 | train_time:4498.39s | step:4152.05ms
step:1071/4768 | loss 3.882422 | lr:0.0018 | train_time:4502.56s | step:4164.50ms
step:1072/4768 | loss 3.915132 | lr:0.0018 | train_time:4506.72s | step:4161.09ms
step:1073/4768 | loss 3.938928 | lr:0.0018 | train_time:4510.89s | step:4168.17ms
step:1074/4768 | loss 3.849782 | lr:0.0018 | train_time:4515.05s | step:4164.83ms
step:1075/4768 | loss 3.844158 | lr:0.0018 | train_time:4519.21s | step:4159.09ms
step:1076/4768 | loss 3.887932 | lr:0.0018 | train_time:4523.38s | step:4168.98ms
step:1077/4768 | loss 3.897204 | lr:0.0018 | train_time:4527.54s | step:4156.55ms
step:1078/4768 | loss 3.874162 | lr:0.0018 | train_time:4531.69s | step:4153.17ms
step:1079/4768 | loss 3.914729 | lr:0.0018 | train_time:4535.84s | step:4154.88ms
step:1080/4768 | loss 3.926238 | lr:0.0018 | train_time:4540.01s | step:4166.82ms
step:1081/4768 | loss 3.865323 | lr:0.0018 | train_time:4544.17s | step:4160.95ms
step:1082/4768 | loss 3.889658 | lr:0.0018 | train_time:4548.34s | step:4170.97ms
step:1083/4768 | loss 3.914533 | lr:0.0018 | train_time:4552.50s | step:4155.56ms
step:1084/4768 | loss 3.868880 | lr:0.0018 | train_time:4556.66s | step:4165.57ms
step:1085/4768 | loss 3.866104 | lr:0.0018 | train_time:4560.83s | step:4164.82ms
step:1086/4768 | loss 3.887899 | lr:0.0018 | train_time:4565.00s | step:4167.45ms
step:1087/4768 | loss 3.885689 | lr:0.0018 | train_time:4569.15s | step:4157.12ms
step:1088/4768 | loss 3.880729 | lr:0.0018 | train_time:4573.32s | step:4172.28ms
step:1089/4768 | loss 3.904281 | lr:0.0018 | train_time:4577.50s | step:4174.17ms
step:1090/4768 | loss 3.870837 | lr:0.0018 | train_time:4581.67s | step:4170.40ms
step:1091/4768 | loss 3.835480 | lr:0.0018 | train_time:4585.83s | step:4162.85ms
step:1092/4768 | loss 3.865539 | lr:0.0018 | train_time:4589.99s | step:4161.45ms
step:1093/4768 | loss 3.911097 | lr:0.0018 | train_time:4594.15s | step:4161.29ms
step:1094/4768 | loss 3.827687 | lr:0.0018 | train_time:4598.32s | step:4161.62ms
step:1095/4768 | loss 3.900007 | lr:0.0018 | train_time:4602.47s | step:4157.87ms
step:1096/4768 | loss 3.895035 | lr:0.0018 | train_time:4606.63s | step:4159.74ms
step:1097/4768 | loss 3.862585 | lr:0.0018 | train_time:4610.79s | step:4159.61ms
step:1098/4768 | loss 3.892326 | lr:0.0018 | train_time:4614.94s | step:4149.95ms
step:1099/4768 | loss 3.831975 | lr:0.0018 | train_time:4619.10s | step:4156.21ms
step:1100/4768 | loss 3.862187 | lr:0.0018 | train_time:4623.27s | step:4170.80ms
step:1101/4768 | loss 3.934698 | lr:0.0018 | train_time:4627.42s | step:4152.41ms
step:1102/4768 | loss 3.929323 | lr:0.0018 | train_time:4631.59s | step:4166.97ms
step:1103/4768 | loss 3.902963 | lr:0.0018 | train_time:4635.75s | step:4162.15ms
step:1104/4768 | loss 3.903284 | lr:0.0018 | train_time:4639.91s | step:4161.43ms
step:1105/4768 | loss 3.887667 | lr:0.0018 | train_time:4644.07s | step:4153.67ms
step:1106/4768 | loss 3.910683 | lr:0.0018 | train_time:4648.22s | step:4154.78ms
step:1107/4768 | loss 3.874235 | lr:0.0018 | train_time:4652.39s | step:4164.21ms
step:1108/4768 | loss 4.009736 | lr:0.0018 | train_time:4656.55s | step:4162.03ms
step:1109/4768 | loss 3.895947 | lr:0.0018 | train_time:4660.71s | step:4157.51ms
step:1110/4768 | loss 3.967157 | lr:0.0018 | train_time:4664.87s | step:4162.85ms
step:1111/4768 | loss 3.850903 | lr:0.0018 | train_time:4669.03s | step:4163.19ms
step:1112/4768 | loss 3.888025 | lr:0.0018 | train_time:4673.18s | step:4152.45ms
step:1113/4768 | loss 3.855959 | lr:0.0018 | train_time:4677.34s | step:4157.91ms
step:1114/4768 | loss 3.799302 | lr:0.0018 | train_time:4681.50s | step:4162.29ms
step:1115/4768 | loss 3.836042 | lr:0.0018 | train_time:4685.68s | step:4178.59ms
step:1116/4768 | loss 3.827202 | lr:0.0018 | train_time:4689.84s | step:4158.81ms
step:1117/4768 | loss 3.923427 | lr:0.0018 | train_time:4694.02s | step:4175.87ms
step:1118/4768 | loss 3.947192 | lr:0.0018 | train_time:4698.17s | step:4151.38ms
step:1119/4768 | loss 3.910996 | lr:0.0018 | train_time:4702.33s | step:4159.73ms
step:1120/4768 | loss 3.973711 | lr:0.0018 | train_time:4706.49s | step:4160.42ms
step:1121/4768 | loss 3.948348 | lr:0.0018 | train_time:4710.65s | step:4160.59ms
step:1122/4768 | loss 3.905742 | lr:0.0018 | train_time:4714.80s | step:4154.38ms
step:1123/4768 | loss 3.884665 | lr:0.0018 | train_time:4718.96s | step:4151.08ms
step:1124/4768 | loss 3.982773 | lr:0.0018 | train_time:4723.11s | step:4152.91ms
step:1125/4768 | loss 3.908162 | lr:0.0018 | train_time:4727.26s | step:4155.23ms
step:1126/4768 | loss 3.854889 | lr:0.0018 | train_time:4731.42s | step:4155.51ms
step:1127/4768 | loss 3.857275 | lr:0.0018 | train_time:4735.57s | step:4151.73ms
step:1128/4768 | loss 3.843007 | lr:0.0018 | train_time:4739.72s | step:4153.76ms
step:1129/4768 | loss 3.922670 | lr:0.0018 | train_time:4743.88s | step:4160.02ms
step:1130/4768 | loss 3.903147 | lr:0.0018 | train_time:4748.05s | step:4164.91ms
step:1131/4768 | loss 3.846049 | lr:0.0018 | train_time:4752.21s | step:4155.98ms
step:1132/4768 | loss 3.953652 | lr:0.0018 | train_time:4756.36s | step:4158.13ms
step:1133/4768 | loss 3.854070 | lr:0.0018 | train_time:4760.53s | step:4162.45ms
step:1134/4768 | loss 3.883616 | lr:0.0018 | train_time:4764.68s | step:4158.31ms
step:1135/4768 | loss 3.874650 | lr:0.0018 | train_time:4768.84s | step:4157.26ms
step:1136/4768 | loss 3.900245 | lr:0.0018 | train_time:4772.99s | step:4152.19ms
step:1137/4768 | loss 3.916703 | lr:0.0018 | train_time:4777.15s | step:4158.26ms
step:1138/4768 | loss 3.861038 | lr:0.0018 | train_time:4781.30s | step:4150.88ms
step:1139/4768 | loss 3.916967 | lr:0.0018 | train_time:4785.47s | step:4165.70ms
step:1140/4768 | loss 3.849105 | lr:0.0018 | train_time:4789.63s | step:4159.87ms
step:1141/4768 | loss 3.946515 | lr:0.0018 | train_time:4793.78s | step:4154.41ms
step:1142/4768 | loss 3.893606 | lr:0.0018 | train_time:4797.94s | step:4155.63ms
step:1143/4768 | loss 3.854159 | lr:0.0018 | train_time:4802.10s | step:4162.47ms
step:1144/4768 | loss 3.882243 | lr:0.0018 | train_time:4806.27s | step:4164.05ms
step:1145/4768 | loss 3.948925 | lr:0.0018 | train_time:4810.78s | step:4518.21ms
step:1146/4768 | loss 3.870068 | lr:0.0018 | train_time:4814.94s | step:4152.73ms
step:1147/4768 | loss 3.853747 | lr:0.0018 | train_time:4819.09s | step:4149.92ms
step:1148/4768 | loss 3.847124 | lr:0.0018 | train_time:4823.25s | step:4166.07ms
step:1149/4768 | loss 3.877099 | lr:0.0018 | train_time:4827.42s | step:4169.85ms
step:1150/4768 | loss 3.951278 | lr:0.0018 | train_time:4831.56s | step:4137.63ms
step:1151/4768 | loss 3.917642 | lr:0.0018 | train_time:4835.72s | step:4158.25ms
step:1152/4768 | loss 3.954126 | lr:0.0018 | train_time:4839.88s | step:4164.51ms
step:1152/4768 | val loss 3.868365
step:1153/4768 | loss 3.863376 | lr:0.0018 | train_time:4844.04s | step:4158.44ms
step:1154/4768 | loss 3.846212 | lr:0.0018 | train_time:4848.18s | step:4137.78ms
step:1155/4768 | loss 3.860651 | lr:0.0018 | train_time:4852.33s | step:4149.99ms
step:1156/4768 | loss 3.892141 | lr:0.0018 | train_time:4856.48s | step:4153.08ms
step:1157/4768 | loss 3.845678 | lr:0.0018 | train_time:4860.62s | step:4139.86ms
step:1158/4768 | loss 3.853813 | lr:0.0018 | train_time:4864.78s | step:4159.84ms
step:1159/4768 | loss 3.933818 | lr:0.0018 | train_time:4868.92s | step:4143.61ms
step:1160/4768 | loss 3.913194 | lr:0.0018 | train_time:4873.07s | step:4141.40ms
step:1161/4768 | loss 3.842605 | lr:0.0018 | train_time:4877.22s | step:4152.37ms
step:1162/4768 | loss 3.939883 | lr:0.0018 | train_time:4881.37s | step:4148.77ms
step:1163/4768 | loss 3.869463 | lr:0.0018 | train_time:4885.51s | step:4147.06ms
step:1164/4768 | loss 3.861364 | lr:0.0018 | train_time:4889.67s | step:4152.48ms
step:1165/4768 | loss 3.793354 | lr:0.0018 | train_time:4893.81s | step:4146.81ms
step:1166/4768 | loss 3.866627 | lr:0.0018 | train_time:4897.97s | step:4152.25ms
step:1167/4768 | loss 3.833492 | lr:0.0018 | train_time:4902.12s | step:4149.50ms
step:1168/4768 | loss 3.851265 | lr:0.0018 | train_time:4906.27s | step:4152.63ms
step:1169/4768 | loss 3.845295 | lr:0.0018 | train_time:4910.42s | step:4151.05ms
step:1170/4768 | loss 3.878157 | lr:0.0018 | train_time:4914.57s | step:4146.57ms
step:1171/4768 | loss 3.857776 | lr:0.0018 | train_time:4918.73s | step:4161.44ms
step:1172/4768 | loss 3.908458 | lr:0.0018 | train_time:4922.87s | step:4146.97ms
step:1173/4768 | loss 3.841584 | lr:0.0018 | train_time:4927.03s | step:4154.38ms
step:1174/4768 | loss 3.867031 | lr:0.0018 | train_time:4931.18s | step:4147.65ms
step:1175/4768 | loss 3.842621 | lr:0.0018 | train_time:4935.33s | step:4153.79ms
step:1176/4768 | loss 3.832114 | lr:0.0018 | train_time:4939.49s | step:4156.87ms
step:1177/4768 | loss 3.946521 | lr:0.0018 | train_time:4943.64s | step:4153.03ms
step:1178/4768 | loss 3.852142 | lr:0.0018 | train_time:4947.80s | step:4157.36ms
step:1179/4768 | loss 3.865969 | lr:0.0018 | train_time:4951.95s | step:4148.71ms
step:1180/4768 | loss 3.811897 | lr:0.0018 | train_time:4956.09s | step:4145.21ms
step:1181/4768 | loss 3.857389 | lr:0.0018 | train_time:4960.24s | step:4152.70ms
step:1182/4768 | loss 3.860402 | lr:0.0018 | train_time:4964.40s | step:4153.97ms
step:1183/4768 | loss 3.892979 | lr:0.0018 | train_time:4968.54s | step:4141.70ms
step:1184/4768 | loss 3.872766 | lr:0.0018 | train_time:4972.69s | step:4150.93ms
step:1185/4768 | loss 3.846841 | lr:0.0018 | train_time:4976.85s | step:4156.62ms
step:1186/4768 | loss 3.816957 | lr:0.0018 | train_time:4981.00s | step:4151.15ms
step:1187/4768 | loss 3.873714 | lr:0.0018 | train_time:4985.15s | step:4148.56ms
step:1188/4768 | loss 3.814679 | lr:0.0018 | train_time:4989.29s | step:4147.37ms
step:1189/4768 | loss 3.857087 | lr:0.0018 | train_time:4993.44s | step:4146.29ms
step:1190/4768 | loss 3.793163 | lr:0.0018 | train_time:4997.58s | step:4144.11ms
step:1191/4768 | loss 3.820715 | lr:0.0018 | train_time:5001.73s | step:4149.09ms
step:1192/4768 | loss 3.919218 | lr:0.0018 | train_time:5005.87s | step:4136.22ms
step:1193/4768 | loss 3.831627 | lr:0.0018 | train_time:5010.03s | step:4158.61ms
step:1194/4768 | loss 3.840473 | lr:0.0018 | train_time:5014.17s | step:4144.87ms
step:1195/4768 | loss 3.956248 | lr:0.0018 | train_time:5018.32s | step:4146.26ms
step:1196/4768 | loss 3.904874 | lr:0.0018 | train_time:5022.47s | step:4148.17ms
step:1197/4768 | loss 3.913501 | lr:0.0018 | train_time:5026.62s | step:4155.13ms
step:1198/4768 | loss 3.875976 | lr:0.0018 | train_time:5030.78s | step:4153.32ms
step:1199/4768 | loss 3.860744 | lr:0.0018 | train_time:5034.93s | step:4157.68ms
step:1200/4768 | loss 3.826054 | lr:0.0018 | train_time:5039.08s | step:4147.08ms
step:1201/4768 | loss 3.932567 | lr:0.0018 | train_time:5043.23s | step:4146.87ms
step:1202/4768 | loss 3.846964 | lr:0.0018 | train_time:5047.38s | step:4153.90ms
step:1203/4768 | loss 3.823474 | lr:0.0018 | train_time:5051.54s | step:4157.90ms
step:1204/4768 | loss 3.830655 | lr:0.0018 | train_time:5055.69s | step:4148.85ms
step:1205/4768 | loss 3.872747 | lr:0.0018 | train_time:5059.85s | step:4162.38ms
step:1206/4768 | loss 3.837654 | lr:0.0018 | train_time:5064.00s | step:4147.13ms
step:1207/4768 | loss 3.814735 | lr:0.0018 | train_time:5068.15s | step:4151.83ms
step:1208/4768 | loss 3.891105 | lr:0.0018 | train_time:5072.31s | step:4156.32ms
step:1209/4768 | loss 3.869945 | lr:0.0018 | train_time:5076.46s | step:4157.43ms
step:1210/4768 | loss 3.850200 | lr:0.0018 | train_time:5080.62s | step:4156.68ms
step:1211/4768 | loss 3.869847 | lr:0.0018 | train_time:5084.77s | step:4151.90ms
step:1212/4768 | loss 3.833002 | lr:0.0018 | train_time:5088.93s | step:4162.73ms
step:1213/4768 | loss 3.862724 | lr:0.0018 | train_time:5093.08s | step:4147.60ms
step:1214/4768 | loss 3.819621 | lr:0.0018 | train_time:5097.24s | step:4158.38ms
step:1215/4768 | loss 3.883739 | lr:0.0018 | train_time:5101.40s | step:4158.96ms
step:1216/4768 | loss 3.832766 | lr:0.0018 | train_time:5105.55s | step:4149.43ms
step:1217/4768 | loss 3.869285 | lr:0.0018 | train_time:5109.71s | step:4161.19ms
step:1218/4768 | loss 3.780958 | lr:0.0018 | train_time:5113.88s | step:4170.85ms
step:1219/4768 | loss 3.837718 | lr:0.0018 | train_time:5118.04s | step:4160.68ms
step:1220/4768 | loss 3.846107 | lr:0.0018 | train_time:5122.21s | step:4164.66ms
step:1221/4768 | loss 3.833609 | lr:0.0018 | train_time:5126.38s | step:4169.76ms
step:1222/4768 | loss 3.834685 | lr:0.0018 | train_time:5130.53s | step:4156.32ms
step:1223/4768 | loss 3.835281 | lr:0.0018 | train_time:5134.69s | step:4157.50ms
step:1224/4768 | loss 3.936194 | lr:0.0018 | train_time:5138.85s | step:4163.48ms
step:1225/4768 | loss 3.857292 | lr:0.0018 | train_time:5143.02s | step:4164.84ms
step:1226/4768 | loss 3.867393 | lr:0.0018 | train_time:5147.19s | step:4172.11ms
step:1227/4768 | loss 3.813758 | lr:0.0018 | train_time:5151.35s | step:4157.98ms
step:1228/4768 | loss 3.860514 | lr:0.0018 | train_time:5155.51s | step:4163.49ms
step:1229/4768 | loss 3.833337 | lr:0.0018 | train_time:5159.67s | step:4159.66ms
step:1230/4768 | loss 3.805507 | lr:0.0018 | train_time:5163.84s | step:4166.50ms
step:1231/4768 | loss 3.816000 | lr:0.0018 | train_time:5168.00s | step:4164.79ms
step:1232/4768 | loss 3.870365 | lr:0.0018 | train_time:5172.17s | step:4171.77ms
step:1233/4768 | loss 3.828362 | lr:0.0018 | train_time:5176.34s | step:4163.46ms
step:1234/4768 | loss 3.769668 | lr:0.0018 | train_time:5180.51s | step:4172.67ms
step:1235/4768 | loss 3.884206 | lr:0.0018 | train_time:5184.69s | step:4179.40ms
step:1236/4768 | loss 3.878447 | lr:0.0018 | train_time:5188.86s | step:4174.27ms
step:1237/4768 | loss 3.785302 | lr:0.0018 | train_time:5193.03s | step:4164.53ms
step:1238/4768 | loss 3.889273 | lr:0.0018 | train_time:5197.20s | step:4170.41ms
step:1239/4768 | loss 3.814368 | lr:0.0018 | train_time:5201.37s | step:4167.33ms
step:1240/4768 | loss 3.870764 | lr:0.0018 | train_time:5205.54s | step:4168.70ms
step:1241/4768 | loss 3.812465 | lr:0.0018 | train_time:5209.70s | step:4167.78ms
step:1242/4768 | loss 3.776699 | lr:0.0018 | train_time:5213.88s | step:4172.11ms
step:1243/4768 | loss 3.852980 | lr:0.0018 | train_time:5218.05s | step:4169.60ms
step:1244/4768 | loss 3.786378 | lr:0.0018 | train_time:5222.21s | step:4168.00ms
step:1245/4768 | loss 3.897311 | lr:0.0018 | train_time:5226.39s | step:4173.68ms
step:1246/4768 | loss 3.903918 | lr:0.0018 | train_time:5230.55s | step:4166.19ms
step:1247/4768 | loss 3.894367 | lr:0.0018 | train_time:5234.72s | step:4170.75ms
step:1248/4768 | loss 3.843916 | lr:0.0018 | train_time:5238.90s | step:4178.50ms
step:1249/4768 | loss 3.838630 | lr:0.0018 | train_time:5243.07s | step:4166.26ms
step:1250/4768 | loss 3.789664 | lr:0.0018 | train_time:5247.24s | step:4175.05ms
step:1251/4768 | loss 3.797615 | lr:0.0018 | train_time:5251.44s | step:4192.11ms
step:1252/4768 | loss 3.872199 | lr:0.0018 | train_time:5255.61s | step:4176.64ms
step:1253/4768 | loss 3.837497 | lr:0.0018 | train_time:5259.79s | step:4176.83ms
step:1254/4768 | loss 3.787399 | lr:0.0018 | train_time:5263.97s | step:4176.15ms
step:1255/4768 | loss 3.810666 | lr:0.0018 | train_time:5268.14s | step:4173.95ms
step:1256/4768 | loss 3.796524 | lr:0.0018 | train_time:5272.32s | step:4182.98ms
step:1257/4768 | loss 3.852850 | lr:0.0018 | train_time:5276.51s | step:4182.99ms
step:1258/4768 | loss 3.807690 | lr:0.0018 | train_time:5280.69s | step:4186.42ms
step:1259/4768 | loss 3.911707 | lr:0.0018 | train_time:5284.87s | step:4175.08ms
step:1260/4768 | loss 3.855335 | lr:0.0018 | train_time:5289.05s | step:4179.02ms
step:1261/4768 | loss 3.761424 | lr:0.0018 | train_time:5293.23s | step:4186.66ms
step:1262/4768 | loss 4.045803 | lr:0.0018 | train_time:5297.42s | step:4189.90ms
step:1263/4768 | loss 3.850843 | lr:0.0018 | train_time:5301.60s | step:4181.89ms
step:1264/4768 | loss 3.791143 | lr:0.0018 | train_time:5305.79s | step:4181.67ms
step:1265/4768 | loss 3.822600 | lr:0.0018 | train_time:5309.98s | step:4189.46ms
step:1266/4768 | loss 3.887959 | lr:0.0018 | train_time:5314.15s | step:4173.12ms
step:1267/4768 | loss 3.803058 | lr:0.0018 | train_time:5318.35s | step:4205.13ms
step:1268/4768 | loss 3.843078 | lr:0.0018 | train_time:5322.55s | step:4197.34ms
step:1269/4768 | loss 3.860275 | lr:0.0018 | train_time:5326.73s | step:4179.98ms
step:1270/4768 | loss 3.804024 | lr:0.0018 | train_time:5330.90s | step:4166.07ms
step:1271/4768 | loss 3.764724 | lr:0.0018 | train_time:5335.08s | step:4179.34ms
step:1272/4768 | loss 3.768796 | lr:0.0018 | train_time:5339.26s | step:4186.85ms
step:1273/4768 | loss 3.805398 | lr:0.0018 | train_time:5343.44s | step:4178.61ms
step:1274/4768 | loss 3.817916 | lr:0.0018 | train_time:5347.63s | step:4183.82ms
step:1275/4768 | loss 3.851422 | lr:0.0018 | train_time:5351.81s | step:4180.64ms
step:1276/4768 | loss 3.823186 | lr:0.0018 | train_time:5355.99s | step:4183.33ms
step:1277/4768 | loss 3.864910 | lr:0.0018 | train_time:5360.18s | step:4189.68ms
step:1278/4768 | loss 3.833377 | lr:0.0018 | train_time:5364.36s | step:4182.41ms
step:1279/4768 | loss 3.825810 | lr:0.0018 | train_time:5368.54s | step:4182.20ms
step:1280/4768 | loss 3.784675 | lr:0.0018 | train_time:5372.73s | step:4181.77ms
step:1280/4768 | val loss 3.821460
step:1281/4768 | loss 3.849255 | lr:0.0018 | train_time:5376.91s | step:4188.55ms
step:1282/4768 | loss 3.852444 | lr:0.0018 | train_time:5381.09s | step:4176.04ms
step:1283/4768 | loss 3.800683 | lr:0.0018 | train_time:5385.27s | step:4183.69ms
step:1284/4768 | loss 3.893147 | lr:0.0018 | train_time:5389.45s | step:4177.25ms
step:1285/4768 | loss 3.806391 | lr:0.0018 | train_time:5393.64s | step:4185.14ms
step:1286/4768 | loss 3.894136 | lr:0.0018 | train_time:5397.83s | step:4195.29ms
step:1287/4768 | loss 3.759945 | lr:0.0018 | train_time:5402.04s | step:4209.93ms
step:1288/4768 | loss 3.826333 | lr:0.0018 | train_time:5406.22s | step:4176.87ms
step:1289/4768 | loss 3.814687 | lr:0.0018 | train_time:5410.41s | step:4187.52ms
step:1290/4768 | loss 3.865762 | lr:0.0018 | train_time:5414.60s | step:4189.70ms
step:1291/4768 | loss 3.898411 | lr:0.0018 | train_time:5418.79s | step:4198.01ms
step:1292/4768 | loss 3.819333 | lr:0.0018 | train_time:5422.99s | step:4201.09ms
step:1293/4768 | loss 3.783201 | lr:0.0018 | train_time:5427.19s | step:4196.20ms
step:1294/4768 | loss 3.830402 | lr:0.0018 | train_time:5431.38s | step:4185.14ms
step:1295/4768 | loss 3.770913 | lr:0.0018 | train_time:5435.56s | step:4187.41ms
step:1296/4768 | loss 3.849571 | lr:0.0018 | train_time:5439.74s | step:4176.00ms
step:1297/4768 | loss 3.881762 | lr:0.0018 | train_time:5443.92s | step:4182.96ms
step:1298/4768 | loss 3.844997 | lr:0.0018 | train_time:5448.12s | step:4192.89ms
step:1299/4768 | loss 3.816500 | lr:0.0018 | train_time:5452.31s | step:4193.14ms
step:1300/4768 | loss 3.905116 | lr:0.0018 | train_time:5456.49s | step:4180.55ms
step:1301/4768 | loss 3.835899 | lr:0.0018 | train_time:5460.68s | step:4195.73ms
step:1302/4768 | loss 3.802664 | lr:0.0018 | train_time:5464.87s | step:4187.08ms
step:1303/4768 | loss 3.825135 | lr:0.0018 | train_time:5469.06s | step:4185.99ms
step:1304/4768 | loss 3.813823 | lr:0.0018 | train_time:5473.25s | step:4187.63ms
step:1305/4768 | loss 3.896287 | lr:0.0018 | train_time:5477.43s | step:4189.34ms
step:1306/4768 | loss 3.850685 | lr:0.0018 | train_time:5481.64s | step:4200.77ms
step:1307/4768 | loss 3.835736 | lr:0.0018 | train_time:5485.83s | step:4193.53ms
step:1308/4768 | loss 3.832490 | lr:0.0018 | train_time:5490.01s | step:4183.72ms
step:1309/4768 | loss 3.784482 | lr:0.0018 | train_time:5494.21s | step:4193.01ms
step:1310/4768 | loss 3.786152 | lr:0.0018 | train_time:5498.40s | step:4194.36ms
step:1311/4768 | loss 3.800502 | lr:0.0018 | train_time:5502.58s | step:4183.95ms
step:1312/4768 | loss 3.785208 | lr:0.0018 | train_time:5506.78s | step:4191.54ms
step:1313/4768 | loss 3.829325 | lr:0.0018 | train_time:5510.96s | step:4185.49ms
step:1314/4768 | loss 3.803964 | lr:0.0018 | train_time:5515.14s | step:4183.52ms
step:1315/4768 | loss 3.805809 | lr:0.0018 | train_time:5519.33s | step:4182.05ms
step:1316/4768 | loss 3.823918 | lr:0.0018 | train_time:5523.52s | step:4194.94ms
step:1317/4768 | loss 3.804813 | lr:0.0018 | train_time:5527.71s | step:4190.90ms
step:1318/4768 | loss 3.697377 | lr:0.0018 | train_time:5531.92s | step:4207.19ms
step:1319/4768 | loss 3.854015 | lr:0.0018 | train_time:5536.11s | step:4195.06ms
step:1320/4768 | loss 3.867994 | lr:0.0018 | train_time:5540.29s | step:4178.64ms
step:1321/4768 | loss 3.813717 | lr:0.0018 | train_time:5544.48s | step:4185.31ms
step:1322/4768 | loss 3.806207 | lr:0.0018 | train_time:5548.66s | step:4179.67ms
step:1323/4768 | loss 3.869841 | lr:0.0018 | train_time:5552.84s | step:4184.74ms
step:1324/4768 | loss 3.846934 | lr:0.0018 | train_time:5557.04s | step:4196.71ms
step:1325/4768 | loss 3.838997 | lr:0.0018 | train_time:5561.23s | step:4187.00ms
step:1326/4768 | loss 3.948985 | lr:0.0018 | train_time:5565.42s | step:4189.02ms
step:1327/4768 | loss 3.804548 | lr:0.0018 | train_time:5569.61s | step:4189.20ms
step:1328/4768 | loss 3.879489 | lr:0.0018 | train_time:5573.79s | step:4182.31ms
step:1329/4768 | loss 3.820005 | lr:0.0018 | train_time:5577.98s | step:4190.97ms
step:1330/4768 | loss 3.788609 | lr:0.0018 | train_time:5582.17s | step:4192.97ms
step:1331/4768 | loss 3.822565 | lr:0.0018 | train_time:5586.35s | step:4179.46ms
step:1332/4768 | loss 3.735095 | lr:0.0018 | train_time:5590.54s | step:4188.05ms
step:1333/4768 | loss 3.813692 | lr:0.0018 | train_time:5594.73s | step:4188.15ms
step:1334/4768 | loss 3.893954 | lr:0.0018 | train_time:5598.92s | step:4192.23ms
step:1335/4768 | loss 3.801232 | lr:0.0018 | train_time:5603.59s | step:4675.71ms
step:1336/4768 | loss 3.848981 | lr:0.0018 | train_time:5607.75s | step:4159.53ms
step:1337/4768 | loss 3.908551 | lr:0.0018 | train_time:5611.93s | step:4174.73ms
step:1338/4768 | loss 3.837973 | lr:0.0018 | train_time:5616.11s | step:4182.47ms
step:1339/4768 | loss 3.833155 | lr:0.0018 | train_time:5620.30s | step:4186.21ms
step:1340/4768 | loss 3.899152 | lr:0.0018 | train_time:5624.48s | step:4181.11ms
step:1341/4768 | loss 3.824587 | lr:0.0018 | train_time:5628.67s | step:4189.34ms
step:1342/4768 | loss 3.844093 | lr:0.0018 | train_time:5632.85s | step:4179.60ms
step:1343/4768 | loss 3.824722 | lr:0.0018 | train_time:5637.03s | step:4179.95ms
step:1344/4768 | loss 3.809724 | lr:0.0018 | train_time:5641.21s | step:4180.37ms
step:1345/4768 | loss 3.832975 | lr:0.0018 | train_time:5645.40s | step:4188.93ms
step:1346/4768 | loss 3.844940 | lr:0.0018 | train_time:5649.59s | step:4191.51ms
step:1347/4768 | loss 3.910013 | lr:0.0018 | train_time:5653.77s | step:4185.35ms
step:1348/4768 | loss 3.845635 | lr:0.0018 | train_time:5657.96s | step:4183.92ms
step:1349/4768 | loss 3.799304 | lr:0.0018 | train_time:5662.14s | step:4178.50ms
step:1350/4768 | loss 3.741017 | lr:0.0018 | train_time:5666.32s | step:4187.26ms
step:1351/4768 | loss 3.802361 | lr:0.0018 | train_time:5670.51s | step:4183.88ms
step:1352/4768 | loss 3.824635 | lr:0.0018 | train_time:5674.68s | step:4171.64ms
step:1353/4768 | loss 3.808030 | lr:0.0018 | train_time:5678.86s | step:4185.03ms
step:1354/4768 | loss 3.793631 | lr:0.0018 | train_time:5683.05s | step:4182.83ms
step:1355/4768 | loss 3.814135 | lr:0.0018 | train_time:5687.22s | step:4175.72ms
step:1356/4768 | loss 3.859078 | lr:0.0018 | train_time:5691.39s | step:4170.02ms
step:1357/4768 | loss 3.785105 | lr:0.0018 | train_time:5695.57s | step:4179.78ms
step:1358/4768 | loss 3.823010 | lr:0.0018 | train_time:5699.77s | step:4192.66ms
step:1359/4768 | loss 3.806231 | lr:0.0018 | train_time:5703.94s | step:4175.13ms
step:1360/4768 | loss 3.746398 | lr:0.0018 | train_time:5708.12s | step:4182.07ms
step:1361/4768 | loss 3.830216 | lr:0.0018 | train_time:5712.31s | step:4183.16ms
step:1362/4768 | loss 4.013168 | lr:0.0018 | train_time:5716.50s | step:4196.79ms
step:1363/4768 | loss 3.826035 | lr:0.0018 | train_time:5720.67s | step:4164.93ms
step:1364/4768 | loss 3.770700 | lr:0.0018 | train_time:5724.84s | step:4176.18ms
step:1365/4768 | loss 3.783641 | lr:0.0018 | train_time:5729.01s | step:4167.01ms
step:1366/4768 | loss 3.775063 | lr:0.0018 | train_time:5733.20s | step:4188.76ms
step:1367/4768 | loss 3.806313 | lr:0.0018 | train_time:5737.38s | step:4182.60ms
step:1368/4768 | loss 3.751641 | lr:0.0018 | train_time:5741.56s | step:4176.51ms
step:1369/4768 | loss 3.766626 | lr:0.0018 | train_time:5745.73s | step:4174.15ms
step:1370/4768 | loss 3.795907 | lr:0.0018 | train_time:5749.92s | step:4182.92ms
step:1371/4768 | loss 3.842019 | lr:0.0018 | train_time:5754.09s | step:4175.59ms
step:1372/4768 | loss 3.790370 | lr:0.0018 | train_time:5758.27s | step:4175.32ms
step:1373/4768 | loss 3.874096 | lr:0.0018 | train_time:5762.43s | step:4167.91ms
step:1374/4768 | loss 3.804963 | lr:0.0018 | train_time:5766.62s | step:4181.74ms
step:1375/4768 | loss 3.879712 | lr:0.0018 | train_time:5770.79s | step:4169.26ms
step:1376/4768 | loss 3.816810 | lr:0.0018 | train_time:5774.97s | step:4182.27ms
step:1377/4768 | loss 3.838424 | lr:0.0018 | train_time:5779.14s | step:4171.44ms
step:1378/4768 | loss 3.809717 | lr:0.0018 | train_time:5783.30s | step:4165.94ms
step:1379/4768 | loss 3.814496 | lr:0.0018 | train_time:5787.49s | step:4183.40ms
step:1380/4768 | loss 3.832061 | lr:0.0018 | train_time:5791.66s | step:4171.28ms
step:1381/4768 | loss 3.857527 | lr:0.0018 | train_time:5795.83s | step:4169.28ms
step:1382/4768 | loss 3.802443 | lr:0.0018 | train_time:5800.00s | step:4167.91ms
step:1383/4768 | loss 3.849022 | lr:0.0018 | train_time:5804.17s | step:4171.73ms
step:1384/4768 | loss 3.764081 | lr:0.0018 | train_time:5808.35s | step:4179.07ms
step:1385/4768 | loss 3.756231 | lr:0.0018 | train_time:5812.53s | step:4177.53ms
step:1386/4768 | loss 3.865841 | lr:0.0018 | train_time:5816.70s | step:4175.84ms
step:1387/4768 | loss 3.812880 | lr:0.0018 | train_time:5820.87s | step:4168.28ms
step:1388/4768 | loss 3.822325 | lr:0.0018 | train_time:5825.05s | step:4176.14ms
step:1389/4768 | loss 3.786333 | lr:0.0018 | train_time:5829.22s | step:4171.25ms
step:1390/4768 | loss 3.784463 | lr:0.0018 | train_time:5833.38s | step:4160.23ms
step:1391/4768 | loss 3.847897 | lr:0.0018 | train_time:5837.56s | step:4186.19ms
step:1392/4768 | loss 3.828226 | lr:0.0018 | train_time:5841.73s | step:4167.07ms
step:1393/4768 | loss 3.813428 | lr:0.0018 | train_time:5845.90s | step:4174.30ms
step:1394/4768 | loss 3.837707 | lr:0.0018 | train_time:5850.08s | step:4171.75ms
step:1395/4768 | loss 3.831011 | lr:0.0018 | train_time:5854.25s | step:4176.39ms
step:1396/4768 | loss 3.836222 | lr:0.0018 | train_time:5858.44s | step:4182.80ms
step:1397/4768 | loss 3.816123 | lr:0.0018 | train_time:5862.62s | step:4181.11ms
step:1398/4768 | loss 3.798574 | lr:0.0018 | train_time:5866.79s | step:4172.39ms
step:1399/4768 | loss 3.862991 | lr:0.0018 | train_time:5870.96s | step:4173.94ms
step:1400/4768 | loss 3.818848 | lr:0.0018 | train_time:5875.13s | step:4169.58ms
step:1401/4768 | loss 3.805912 | lr:0.0018 | train_time:5879.29s | step:4157.79ms
step:1402/4768 | loss 3.775182 | lr:0.0018 | train_time:5883.46s | step:4167.44ms
step:1403/4768 | loss 3.774435 | lr:0.0018 | train_time:5887.63s | step:4174.07ms
step:1404/4768 | loss 3.760880 | lr:0.0018 | train_time:5891.81s | step:4174.10ms
step:1405/4768 | loss 3.801998 | lr:0.0018 | train_time:5895.97s | step:4168.86ms
step:1406/4768 | loss 3.752798 | lr:0.0018 | train_time:5900.14s | step:4169.60ms
step:1407/4768 | loss 3.805263 | lr:0.0018 | train_time:5904.32s | step:4177.50ms
step:1408/4768 | loss 3.818775 | lr:0.0018 | train_time:5908.49s | step:4172.68ms
step:1408/4768 | val loss 3.790940
step:1409/4768 | loss 3.773275 | lr:0.0018 | train_time:5912.66s | step:4163.57ms
step:1410/4768 | loss 3.743117 | lr:0.0018 | train_time:5916.82s | step:4157.54ms
step:1411/4768 | loss 3.798731 | lr:0.0018 | train_time:5920.98s | step:4164.23ms
step:1412/4768 | loss 3.791214 | lr:0.0018 | train_time:5925.14s | step:4164.85ms
step:1413/4768 | loss 3.881588 | lr:0.0018 | train_time:5929.30s | step:4157.70ms
step:1414/4768 | loss 3.791998 | lr:0.0018 | train_time:5933.46s | step:4161.18ms
step:1415/4768 | loss 3.793877 | lr:0.0018 | train_time:5937.63s | step:4163.80ms
step:1416/4768 | loss 3.806732 | lr:0.0018 | train_time:5941.79s | step:4161.43ms
step:1417/4768 | loss 3.822891 | lr:0.0018 | train_time:5945.96s | step:4175.19ms
step:1418/4768 | loss 3.799139 | lr:0.0018 | train_time:5950.13s | step:4170.01ms
step:1419/4768 | loss 3.732488 | lr:0.0018 | train_time:5954.30s | step:4164.45ms
step:1420/4768 | loss 3.784459 | lr:0.0018 | train_time:5958.46s | step:4159.90ms
step:1421/4768 | loss 3.776902 | lr:0.0018 | train_time:5962.63s | step:4174.04ms
step:1422/4768 | loss 3.794617 | lr:0.0018 | train_time:5966.79s | step:4158.02ms
step:1423/4768 | loss 3.800240 | lr:0.0018 | train_time:5970.96s | step:4168.10ms
step:1424/4768 | loss 3.909172 | lr:0.0018 | train_time:5975.12s | step:4165.20ms
step:1425/4768 | loss 3.793746 | lr:0.0018 | train_time:5979.31s | step:4181.84ms
step:1426/4768 | loss 3.747178 | lr:0.0018 | train_time:5983.49s | step:4185.07ms
step:1427/4768 | loss 3.788482 | lr:0.0018 | train_time:5987.65s | step:4161.02ms
step:1428/4768 | loss 3.753198 | lr:0.0018 | train_time:5991.82s | step:4166.05ms
step:1429/4768 | loss 3.793332 | lr:0.0018 | train_time:5995.98s | step:4162.38ms
step:1430/4768 | loss 3.766037 | lr:0.0018 | train_time:6000.14s | step:4161.71ms
step:1431/4768 | loss 3.805649 | lr:0.0018 | train_time:6004.31s | step:4164.32ms
step:1432/4768 | loss 3.772503 | lr:0.0018 | train_time:6008.48s | step:4170.74ms
step:1433/4768 | loss 3.803127 | lr:0.0018 | train_time:6012.65s | step:4170.74ms
step:1434/4768 | loss 3.802954 | lr:0.0018 | train_time:6016.82s | step:4173.87ms
step:1435/4768 | loss 3.750189 | lr:0.0018 | train_time:6020.98s | step:4161.98ms
step:1436/4768 | loss 3.744859 | lr:0.0018 | train_time:6025.15s | step:4170.10ms
step:1437/4768 | loss 3.814778 | lr:0.0018 | train_time:6029.32s | step:4163.11ms
step:1438/4768 | loss 3.748681 | lr:0.0018 | train_time:6033.48s | step:4159.65ms
step:1439/4768 | loss 3.749695 | lr:0.0018 | train_time:6037.63s | step:4158.29ms
step:1440/4768 | loss 3.750206 | lr:0.0018 | train_time:6041.80s | step:4167.33ms
step:1441/4768 | loss 3.717694 | lr:0.0018 | train_time:6045.97s | step:4163.92ms
step:1442/4768 | loss 3.864991 | lr:0.0018 | train_time:6050.13s | step:4165.33ms
step:1443/4768 | loss 3.811293 | lr:0.0018 | train_time:6054.30s | step:4173.16ms
step:1444/4768 | loss 3.767089 | lr:0.0018 | train_time:6058.47s | step:4166.54ms
step:1445/4768 | loss 3.721654 | lr:0.0018 | train_time:6062.64s | step:4167.17ms
step:1446/4768 | loss 3.751782 | lr:0.0018 | train_time:6066.80s | step:4159.87ms
step:1447/4768 | loss 3.760075 | lr:0.0018 | train_time:6070.98s | step:4182.39ms
step:1448/4768 | loss 3.787942 | lr:0.0018 | train_time:6075.15s | step:4166.69ms
step:1449/4768 | loss 3.770118 | lr:0.0018 | train_time:6079.31s | step:4162.63ms
step:1450/4768 | loss 3.778223 | lr:0.0018 | train_time:6083.46s | step:4154.93ms
step:1451/4768 | loss 3.813946 | lr:0.0018 | train_time:6087.63s | step:4164.84ms
step:1452/4768 | loss 3.749274 | lr:0.0018 | train_time:6091.80s | step:4167.32ms
step:1453/4768 | loss 3.761893 | lr:0.0018 | train_time:6095.96s | step:4162.72ms
step:1454/4768 | loss 3.777669 | lr:0.0018 | train_time:6100.13s | step:4166.60ms
step:1455/4768 | loss 3.801606 | lr:0.0018 | train_time:6104.30s | step:4174.50ms
step:1456/4768 | loss 3.720968 | lr:0.0018 | train_time:6108.47s | step:4165.09ms
step:1457/4768 | loss 3.774086 | lr:0.0018 | train_time:6112.64s | step:4171.79ms
step:1458/4768 | loss 3.719041 | lr:0.0018 | train_time:6116.80s | step:4162.82ms
step:1459/4768 | loss 3.831308 | lr:0.0018 | train_time:6120.96s | step:4161.07ms
step:1460/4768 | loss 3.816528 | lr:0.0018 | train_time:6125.13s | step:4170.35ms
step:1461/4768 | loss 3.754221 | lr:0.0018 | train_time:6129.30s | step:4165.61ms
step:1462/4768 | loss 3.782656 | lr:0.0018 | train_time:6133.46s | step:4166.94ms
step:1463/4768 | loss 3.801713 | lr:0.0018 | train_time:6137.62s | step:4156.55ms
step:1464/4768 | loss 3.800604 | lr:0.0018 | train_time:6141.79s | step:4165.15ms
step:1465/4768 | loss 3.739646 | lr:0.0018 | train_time:6145.95s | step:4163.92ms
step:1466/4768 | loss 3.783531 | lr:0.0018 | train_time:6150.11s | step:4165.12ms
step:1467/4768 | loss 3.713710 | lr:0.0018 | train_time:6154.27s | step:4153.40ms
step:1468/4768 | loss 3.841522 | lr:0.0018 | train_time:6158.44s | step:4171.69ms
step:1469/4768 | loss 3.776843 | lr:0.0018 | train_time:6162.61s | step:4165.80ms
step:1470/4768 | loss 3.769204 | lr:0.0018 | train_time:6166.77s | step:4161.94ms
step:1471/4768 | loss 3.770258 | lr:0.0018 | train_time:6170.94s | step:4174.62ms
step:1472/4768 | loss 3.757887 | lr:0.0018 | train_time:6175.09s | step:4150.56ms
step:1473/4768 | loss 3.758462 | lr:0.0018 | train_time:6179.25s | step:4161.07ms
step:1474/4768 | loss 3.761323 | lr:0.0018 | train_time:6183.41s | step:4151.88ms
step:1475/4768 | loss 3.687591 | lr:0.0018 | train_time:6187.57s | step:4164.38ms
step:1476/4768 | loss 3.736055 | lr:0.0018 | train_time:6191.74s | step:4164.97ms
step:1477/4768 | loss 3.821940 | lr:0.0018 | train_time:6195.91s | step:4170.31ms
step:1478/4768 | loss 3.787774 | lr:0.0018 | train_time:6200.08s | step:4176.89ms
step:1479/4768 | loss 3.770050 | lr:0.0018 | train_time:6204.25s | step:4168.15ms
step:1480/4768 | loss 3.722574 | lr:0.0018 | train_time:6208.42s | step:4169.08ms
step:1481/4768 | loss 3.763325 | lr:0.0018 | train_time:6212.59s | step:4172.75ms
step:1482/4768 | loss 3.706875 | lr:0.0018 | train_time:6216.76s | step:4163.17ms
step:1483/4768 | loss 3.765926 | lr:0.0018 | train_time:6220.93s | step:4171.57ms
step:1484/4768 | loss 3.791525 | lr:0.0018 | train_time:6225.08s | step:4157.37ms
step:1485/4768 | loss 3.786474 | lr:0.0018 | train_time:6229.25s | step:4170.23ms
step:1486/4768 | loss 3.841253 | lr:0.0018 | train_time:6233.41s | step:4157.11ms
step:1487/4768 | loss 3.755582 | lr:0.0018 | train_time:6237.57s | step:4159.07ms
step:1488/4768 | loss 3.762326 | lr:0.0018 | train_time:6241.73s | step:4162.63ms
step:1489/4768 | loss 3.754822 | lr:0.0018 | train_time:6245.88s | step:4150.96ms
step:1490/4768 | loss 3.743540 | lr:0.0018 | train_time:6250.04s | step:4160.02ms
step:1491/4768 | loss 3.782310 | lr:0.0018 | train_time:6254.21s | step:4164.63ms
step:1492/4768 | loss 3.814931 | lr:0.0018 | train_time:6258.37s | step:4165.26ms
step:1493/4768 | loss 3.772431 | lr:0.0018 | train_time:6262.53s | step:4157.66ms
step:1494/4768 | loss 3.758611 | lr:0.0018 | train_time:6266.69s | step:4156.31ms
step:1495/4768 | loss 3.780430 | lr:0.0018 | train_time:6270.86s | step:4172.65ms
step:1496/4768 | loss 3.748520 | lr:0.0018 | train_time:6275.02s | step:4155.14ms
step:1497/4768 | loss 3.686843 | lr:0.0018 | train_time:6279.19s | step:4169.38ms
step:1498/4768 | loss 3.823962 | lr:0.0018 | train_time:6283.35s | step:4169.01ms
step:1499/4768 | loss 3.716312 | lr:0.0018 | train_time:6287.52s | step:4167.03ms
step:1500/4768 | loss 3.700913 | lr:0.0018 | train_time:6291.69s | step:4169.73ms
step:1501/4768 | loss 3.735130 | lr:0.0018 | train_time:6295.85s | step:4158.13ms
step:1502/4768 | loss 3.776818 | lr:0.0018 | train_time:6300.02s | step:4169.67ms
step:1503/4768 | loss 3.706683 | lr:0.0018 | train_time:6304.18s | step:4157.49ms
step:1504/4768 | loss 3.746957 | lr:0.0018 | train_time:6308.33s | step:4155.70ms
step:1505/4768 | loss 3.785779 | lr:0.0018 | train_time:6312.50s | step:4167.15ms
step:1506/4768 | loss 3.648654 | lr:0.0018 | train_time:6316.66s | step:4160.62ms
step:1507/4768 | loss 3.711503 | lr:0.0018 | train_time:6320.82s | step:4157.83ms
step:1508/4768 | loss 3.698149 | lr:0.0018 | train_time:6324.97s | step:4155.96ms
step:1509/4768 | loss 3.734514 | lr:0.0018 | train_time:6329.14s | step:4167.21ms
step:1510/4768 | loss 3.737605 | lr:0.0018 | train_time:6333.31s | step:4164.51ms
step:1511/4768 | loss 3.746758 | lr:0.0018 | train_time:6337.47s | step:4162.81ms
step:1512/4768 | loss 3.702199 | lr:0.0018 | train_time:6341.63s | step:4165.57ms
step:1513/4768 | loss 3.763292 | lr:0.0018 | train_time:6345.80s | step:4161.16ms
step:1514/4768 | loss 3.767242 | lr:0.0018 | train_time:6349.96s | step:4163.93ms
step:1515/4768 | loss 3.733491 | lr:0.0018 | train_time:6354.12s | step:4163.91ms
step:1516/4768 | loss 3.783961 | lr:0.0018 | train_time:6358.29s | step:4166.30ms
step:1517/4768 | loss 3.755831 | lr:0.0018 | train_time:6362.46s | step:4174.44ms
step:1518/4768 | loss 3.733117 | lr:0.0018 | train_time:6366.63s | step:4161.48ms
step:1519/4768 | loss 3.823700 | lr:0.0018 | train_time:6370.79s | step:4165.93ms
step:1520/4768 | loss 3.758106 | lr:0.0018 | train_time:6374.95s | step:4157.26ms
step:1521/4768 | loss 3.810183 | lr:0.0018 | train_time:6379.11s | step:4166.00ms
step:1522/4768 | loss 3.742521 | lr:0.0018 | train_time:6383.27s | step:4156.89ms
step:1523/4768 | loss 3.757102 | lr:0.0018 | train_time:6387.43s | step:4158.23ms
step:1524/4768 | loss 3.810891 | lr:0.0018 | train_time:6391.60s | step:4171.07ms
step:1525/4768 | loss 3.688350 | lr:0.0018 | train_time:6395.76s | step:4161.56ms
step:1526/4768 | loss 3.751830 | lr:0.0018 | train_time:6400.33s | step:4572.86ms
step:1527/4768 | loss 3.754995 | lr:0.0018 | train_time:6404.49s | step:4152.85ms
step:1528/4768 | loss 3.729280 | lr:0.0018 | train_time:6408.64s | step:4153.32ms
step:1529/4768 | loss 3.783467 | lr:0.0018 | train_time:6412.80s | step:4160.15ms
step:1530/4768 | loss 3.777151 | lr:0.0018 | train_time:6416.96s | step:4158.79ms
step:1531/4768 | loss 3.792928 | lr:0.0018 | train_time:6421.12s | step:4159.47ms
step:1532/4768 | loss 3.759875 | lr:0.0018 | train_time:6425.29s | step:4167.60ms
step:1533/4768 | loss 3.766592 | lr:0.0018 | train_time:6429.45s | step:4164.30ms
step:1534/4768 | loss 3.804072 | lr:0.0018 | train_time:6433.61s | step:4155.92ms
step:1535/4768 | loss 3.743523 | lr:0.0018 | train_time:6437.77s | step:4163.36ms
step:1536/4768 | loss 3.744458 | lr:0.0018 | train_time:6441.93s | step:4161.10ms
saved checkpoint: runs/baseline-20260718T074451Z/full-seed-0/checkpoint.pt (next step 1536)
step:1536/4768 | val loss 3.759960
step:1537/4768 | loss 3.776377 | lr:0.0018 | train_time:6446.09s | step:4155.89ms
step:1538/4768 | loss 3.787008 | lr:0.0018 | train_time:6450.24s | step:4152.09ms
step:1539/4768 | loss 3.763478 | lr:0.0018 | train_time:6454.40s | step:4157.78ms
step:1540/4768 | loss 3.756633 | lr:0.0018 | train_time:6458.55s | step:4149.53ms
step:1541/4768 | loss 3.753571 | lr:0.0018 | train_time:6462.71s | step:4159.70ms
step:1542/4768 | loss 3.734555 | lr:0.0018 | train_time:6466.87s | step:4163.05ms
step:1543/4768 | loss 3.807431 | lr:0.0018 | train_time:6471.02s | step:4151.93ms
step:1544/4768 | loss 3.836244 | lr:0.0018 | train_time:6475.20s | step:4179.44ms
step:1545/4768 | loss 3.782475 | lr:0.0018 | train_time:6479.37s | step:4164.79ms
step:1546/4768 | loss 3.714294 | lr:0.0018 | train_time:6483.53s | step:4163.83ms
step:1547/4768 | loss 3.695641 | lr:0.0018 | train_time:6487.69s | step:4159.62ms
step:1548/4768 | loss 3.746389 | lr:0.0018 | train_time:6491.86s | step:4169.45ms
step:1549/4768 | loss 3.762208 | lr:0.0018 | train_time:6496.01s | step:4155.74ms
step:1550/4768 | loss 3.734287 | lr:0.0018 | train_time:6500.17s | step:4158.85ms
step:1551/4768 | loss 3.787894 | lr:0.0018 | train_time:6504.33s | step:4155.37ms
step:1552/4768 | loss 3.738514 | lr:0.0018 | train_time:6508.50s | step:4169.78ms
step:1553/4768 | loss 3.768777 | lr:0.0018 | train_time:6512.66s | step:4157.44ms
step:1554/4768 | loss 3.788954 | lr:0.0018 | train_time:6516.82s | step:4163.66ms
step:1555/4768 | loss 3.774283 | lr:0.0018 | train_time:6520.96s | step:4145.02ms
step:1556/4768 | loss 3.760985 | lr:0.0018 | train_time:6525.12s | step:4156.57ms
step:1557/4768 | loss 3.741779 | lr:0.0018 | train_time:6529.28s | step:4157.60ms
step:1558/4768 | loss 3.753048 | lr:0.0018 | train_time:6533.44s | step:4165.89ms
step:1559/4768 | loss 3.783978 | lr:0.0018 | train_time:6537.61s | step:4162.42ms
step:1560/4768 | loss 3.723664 | lr:0.0018 | train_time:6541.75s | step:4145.81ms
step:1561/4768 | loss 3.784290 | lr:0.0018 | train_time:6545.92s | step:4164.37ms
step:1562/4768 | loss 3.790994 | lr:0.0018 | train_time:6550.08s | step:4161.45ms
step:1563/4768 | loss 3.695502 | lr:0.0018 | train_time:6554.24s | step:4162.68ms
step:1564/4768 | loss 3.627987 | lr:0.0018 | train_time:6558.40s | step:4161.11ms
step:1565/4768 | loss 3.776464 | lr:0.0018 | train_time:6562.57s | step:4163.33ms
step:1566/4768 | loss 3.770489 | lr:0.0018 | train_time:6566.72s | step:4158.37ms
step:1567/4768 | loss 3.772685 | lr:0.0018 | train_time:6570.88s | step:4156.49ms
step:1568/4768 | loss 3.803530 | lr:0.0018 | train_time:6575.04s | step:4155.06ms
step:1569/4768 | loss 3.722459 | lr:0.0018 | train_time:6579.20s | step:4165.62ms
step:1570/4768 | loss 3.689465 | lr:0.0018 | train_time:6583.37s | step:4170.51ms
step:1571/4768 | loss 3.757725 | lr:0.0018 | train_time:6587.54s | step:4169.24ms
step:1572/4768 | loss 3.733212 | lr:0.0018 | train_time:6591.71s | step:4166.50ms
step:1573/4768 | loss 3.713658 | lr:0.0018 | train_time:6595.87s | step:4159.48ms
step:1574/4768 | loss 3.767451 | lr:0.0018 | train_time:6600.04s | step:4169.24ms
step:1575/4768 | loss 3.768852 | lr:0.0018 | train_time:6604.21s | step:4171.34ms
step:1576/4768 | loss 3.707963 | lr:0.0018 | train_time:6608.36s | step:4148.50ms
step:1577/4768 | loss 3.688483 | lr:0.0018 | train_time:6612.52s | step:4166.28ms
step:1578/4768 | loss 3.741380 | lr:0.0018 | train_time:6616.69s | step:4167.08ms
step:1579/4768 | loss 3.706388 | lr:0.0018 | train_time:6620.85s | step:4160.21ms
step:1580/4768 | loss 3.785945 | lr:0.0018 | train_time:6625.01s | step:4160.27ms
step:1581/4768 | loss 3.747408 | lr:0.0018 | train_time:6629.17s | step:4157.59ms
step:1582/4768 | loss 3.809198 | lr:0.0018 | train_time:6633.32s | step:4149.51ms
step:1583/4768 | loss 3.770357 | lr:0.0018 | train_time:6637.48s | step:4165.53ms
step:1584/4768 | loss 3.747350 | lr:0.0018 | train_time:6641.65s | step:4169.13ms
step:1585/4768 | loss 3.701576 | lr:0.0018 | train_time:6645.81s | step:4156.14ms
step:1586/4768 | loss 3.714072 | lr:0.0018 | train_time:6649.97s | step:4158.25ms
step:1587/4768 | loss 3.753996 | lr:0.0018 | train_time:6654.12s | step:4151.11ms
step:1588/4768 | loss 3.743277 | lr:0.0018 | train_time:6658.28s | step:4162.79ms
step:1589/4768 | loss 3.733408 | lr:0.0018 | train_time:6662.44s | step:4160.40ms
step:1590/4768 | loss 3.746952 | lr:0.0018 | train_time:6666.61s | step:4164.96ms
step:1591/4768 | loss 3.733580 | lr:0.0018 | train_time:6670.77s | step:4161.70ms
step:1592/4768 | loss 3.717980 | lr:0.0018 | train_time:6674.92s | step:4152.75ms
step:1593/4768 | loss 3.688251 | lr:0.0018 | train_time:6679.09s | step:4165.77ms
step:1594/4768 | loss 3.749683 | lr:0.0018 | train_time:6683.25s | step:4162.01ms
step:1595/4768 | loss 3.724960 | lr:0.0018 | train_time:6687.41s | step:4163.27ms
step:1596/4768 | loss 3.721001 | lr:0.0018 | train_time:6691.58s | step:4167.75ms
step:1597/4768 | loss 3.740018 | lr:0.0018 | train_time:6695.74s | step:4159.09ms
step:1598/4768 | loss 3.698355 | lr:0.0018 | train_time:6699.90s | step:4161.94ms
step:1599/4768 | loss 3.715555 | lr:0.0018 | train_time:6704.06s | step:4163.66ms
step:1600/4768 | loss 3.774425 | lr:0.0018 | train_time:6708.23s | step:4161.79ms
step:1601/4768 | loss 3.691692 | lr:0.0018 | train_time:6712.40s | step:4170.88ms
step:1602/4768 | loss 3.702255 | lr:0.0018 | train_time:6716.56s | step:4166.37ms
step:1603/4768 | loss 3.717314 | lr:0.0018 | train_time:6720.72s | step:4154.36ms
step:1604/4768 | loss 3.879281 | lr:0.0018 | train_time:6724.88s | step:4165.72ms
step:1605/4768 | loss 3.710927 | lr:0.0018 | train_time:6729.04s | step:4152.39ms
step:1606/4768 | loss 3.728358 | lr:0.0018 | train_time:6733.20s | step:4164.58ms
step:1607/4768 | loss 3.836137 | lr:0.0018 | train_time:6737.36s | step:4158.06ms
step:1608/4768 | loss 3.707308 | lr:0.0018 | train_time:6741.52s | step:4165.29ms
step:1609/4768 | loss 3.735812 | lr:0.0018 | train_time:6745.68s | step:4154.19ms
step:1610/4768 | loss 3.686051 | lr:0.0018 | train_time:6749.84s | step:4159.53ms
step:1611/4768 | loss 3.806747 | lr:0.0018 | train_time:6753.99s | step:4156.40ms
step:1612/4768 | loss 3.741652 | lr:0.0018 | train_time:6758.16s | step:4168.70ms
step:1613/4768 | loss 3.686416 | lr:0.0018 | train_time:6762.33s | step:4164.70ms
step:1614/4768 | loss 3.681032 | lr:0.0018 | train_time:6766.49s | step:4165.91ms
step:1615/4768 | loss 3.828035 | lr:0.0018 | train_time:6770.67s | step:4173.52ms
step:1616/4768 | loss 3.736932 | lr:0.0018 | train_time:6774.82s | step:4156.84ms
step:1617/4768 | loss 3.789341 | lr:0.0018 | train_time:6778.98s | step:4158.76ms
step:1618/4768 | loss 3.752077 | lr:0.0018 | train_time:6783.13s | step:4150.30ms
step:1619/4768 | loss 3.754448 | lr:0.0018 | train_time:6787.29s | step:4159.71ms
step:1620/4768 | loss 3.868773 | lr:0.0018 | train_time:6791.45s | step:4155.67ms
step:1621/4768 | loss 3.787359 | lr:0.0018 | train_time:6795.61s | step:4164.10ms
step:1622/4768 | loss 3.785775 | lr:0.0018 | train_time:6799.77s | step:4162.22ms
step:1623/4768 | loss 3.694800 | lr:0.0018 | train_time:6803.92s | step:4146.58ms
step:1624/4768 | loss 3.754177 | lr:0.0018 | train_time:6808.09s | step:4166.95ms
step:1625/4768 | loss 3.723222 | lr:0.0018 | train_time:6812.24s | step:4150.33ms
step:1626/4768 | loss 3.786693 | lr:0.0018 | train_time:6816.41s | step:4170.70ms
step:1627/4768 | loss 3.688262 | lr:0.0018 | train_time:6820.57s | step:4158.13ms
step:1628/4768 | loss 3.726895 | lr:0.0018 | train_time:6824.71s | step:4146.38ms
step:1629/4768 | loss 3.710549 | lr:0.0018 | train_time:6828.88s | step:4167.35ms
step:1630/4768 | loss 3.744206 | lr:0.0018 | train_time:6833.03s | step:4152.59ms
step:1631/4768 | loss 3.734970 | lr:0.0018 | train_time:6837.19s | step:4154.28ms
step:1632/4768 | loss 3.743027 | lr:0.0018 | train_time:6841.35s | step:4167.59ms
step:1633/4768 | loss 3.732553 | lr:0.0018 | train_time:6845.52s | step:4162.63ms
step:1634/4768 | loss 3.690633 | lr:0.0018 | train_time:6849.68s | step:4163.83ms
step:1635/4768 | loss 3.769648 | lr:0.0018 | train_time:6853.83s | step:4152.02ms
step:1636/4768 | loss 3.701414 | lr:0.0018 | train_time:6857.99s | step:4156.57ms
step:1637/4768 | loss 3.676573 | lr:0.0018 | train_time:6862.15s | step:4159.24ms
step:1638/4768 | loss 3.759350 | lr:0.0018 | train_time:6866.30s | step:4146.50ms
step:1639/4768 | loss 3.846346 | lr:0.0018 | train_time:6870.46s | step:4168.56ms
step:1640/4768 | loss 3.722550 | lr:0.0018 | train_time:6874.62s | step:4156.06ms
step:1641/4768 | loss 3.745599 | lr:0.0018 | train_time:6878.77s | step:4148.58ms
step:1642/4768 | loss 3.726843 | lr:0.0018 | train_time:6882.92s | step:4150.62ms
step:1643/4768 | loss 3.825195 | lr:0.0018 | train_time:6887.08s | step:4163.21ms
step:1644/4768 | loss 3.677704 | lr:0.0018 | train_time:6891.24s | step:4154.95ms
step:1645/4768 | loss 3.746983 | lr:0.0018 | train_time:6895.39s | step:4155.34ms
step:1646/4768 | loss 3.702509 | lr:0.0018 | train_time:6899.54s | step:4151.48ms
step:1647/4768 | loss 3.738836 | lr:0.0018 | train_time:6903.70s | step:4157.47ms
step:1648/4768 | loss 3.744627 | lr:0.0018 | train_time:6907.87s | step:4169.78ms
step:1649/4768 | loss 3.714525 | lr:0.0018 | train_time:6912.02s | step:4150.42ms
step:1650/4768 | loss 3.721892 | lr:0.0018 | train_time:6916.18s | step:4154.42ms
step:1651/4768 | loss 3.687210 | lr:0.0018 | train_time:6920.34s | step:4162.05ms
step:1652/4768 | loss 3.729511 | lr:0.0018 | train_time:6924.50s | step:4160.99ms
step:1653/4768 | loss 3.748917 | lr:0.0018 | train_time:6928.66s | step:4163.84ms
step:1654/4768 | loss 3.755609 | lr:0.0018 | train_time:6932.83s | step:4163.22ms
step:1655/4768 | loss 3.755197 | lr:0.0018 | train_time:6936.98s | step:4154.23ms
step:1656/4768 | loss 3.738728 | lr:0.0018 | train_time:6941.14s | step:4155.71ms
step:1657/4768 | loss 3.703232 | lr:0.0018 | train_time:6945.29s | step:4158.82ms
step:1658/4768 | loss 3.739491 | lr:0.0018 | train_time:6949.45s | step:4154.09ms
step:1659/4768 | loss 3.700623 | lr:0.0018 | train_time:6953.61s | step:4159.26ms
step:1660/4768 | loss 3.734298 | lr:0.0018 | train_time:6957.77s | step:4156.99ms
step:1661/4768 | loss 3.742473 | lr:0.0018 | train_time:6961.92s | step:4157.00ms
step:1662/4768 | loss 3.775208 | lr:0.0018 | train_time:6966.08s | step:4158.71ms
step:1663/4768 | loss 3.722072 | lr:0.0018 | train_time:6970.24s | step:4155.33ms
step:1664/4768 | loss 3.718817 | lr:0.0018 | train_time:6974.40s | step:4165.91ms
step:1664/4768 | val loss 3.733336
step:1665/4768 | loss 3.762554 | lr:0.0018 | train_time:6978.56s | step:4158.10ms
step:1666/4768 | loss 3.764762 | lr:0.0018 | train_time:6982.71s | step:4145.24ms
step:1667/4768 | loss 3.741207 | lr:0.0018 | train_time:6986.86s | step:4149.41ms
step:1668/4768 | loss 3.741346 | lr:0.0018 | train_time:6991.00s | step:4145.93ms
step:1669/4768 | loss 3.767501 | lr:0.0018 | train_time:6995.15s | step:4152.70ms
step:1670/4768 | loss 3.696537 | lr:0.0018 | train_time:6999.31s | step:4151.37ms
step:1671/4768 | loss 3.753099 | lr:0.0018 | train_time:7003.46s | step:4155.63ms
step:1672/4768 | loss 3.755619 | lr:0.0018 | train_time:7007.63s | step:4164.65ms
step:1673/4768 | loss 3.725842 | lr:0.0018 | train_time:7011.78s | step:4155.45ms
step:1674/4768 | loss 3.669654 | lr:0.0018 | train_time:7015.93s | step:4148.38ms
step:1675/4768 | loss 3.760755 | lr:0.0018 | train_time:7020.09s | step:4165.14ms
step:1676/4768 | loss 3.682104 | lr:0.0018 | train_time:7024.25s | step:4156.01ms
step:1677/4768 | loss 4.049254 | lr:0.0018 | train_time:7028.41s | step:4160.04ms
step:1678/4768 | loss 3.715187 | lr:0.0018 | train_time:7032.57s | step:4157.88ms
step:1679/4768 | loss 3.710749 | lr:0.0018 | train_time:7036.73s | step:4159.82ms
step:1680/4768 | loss 3.775624 | lr:0.0018 | train_time:7040.87s | step:4145.81ms
step:1681/4768 | loss 3.733278 | lr:0.0018 | train_time:7045.04s | step:4161.22ms
step:1682/4768 | loss 3.725586 | lr:0.0018 | train_time:7049.19s | step:4156.02ms
step:1683/4768 | loss 3.803581 | lr:0.0018 | train_time:7053.35s | step:4161.20ms
step:1684/4768 | loss 3.720167 | lr:0.0018 | train_time:7057.51s | step:4156.28ms
step:1685/4768 | loss 3.663328 | lr:0.0018 | train_time:7061.65s | step:4143.83ms
step:1686/4768 | loss 3.733513 | lr:0.0018 | train_time:7065.81s | step:4161.22ms
step:1687/4768 | loss 3.712223 | lr:0.0018 | train_time:7069.97s | step:4158.78ms
step:1688/4768 | loss 3.744142 | lr:0.0018 | train_time:7074.13s | step:4155.96ms
step:1689/4768 | loss 3.720260 | lr:0.0018 | train_time:7078.28s | step:4154.38ms
step:1690/4768 | loss 3.713644 | lr:0.0018 | train_time:7082.44s | step:4158.22ms
step:1691/4768 | loss 3.733765 | lr:0.0018 | train_time:7086.60s | step:4158.12ms
step:1692/4768 | loss 3.703960 | lr:0.0018 | train_time:7090.76s | step:4162.58ms
step:1693/4768 | loss 3.728317 | lr:0.0018 | train_time:7094.92s | step:4158.41ms
step:1694/4768 | loss 3.728137 | lr:0.0018 | train_time:7099.09s | step:4168.46ms
step:1695/4768 | loss 3.655669 | lr:0.0018 | train_time:7103.24s | step:4153.35ms
step:1696/4768 | loss 3.696569 | lr:0.0018 | train_time:7107.40s | step:4161.87ms
step:1697/4768 | loss 3.684073 | lr:0.0018 | train_time:7111.58s | step:4174.63ms
step:1698/4768 | loss 3.713986 | lr:0.0018 | train_time:7115.73s | step:4155.28ms
step:1699/4768 | loss 3.758372 | lr:0.0018 | train_time:7119.89s | step:4160.22ms
step:1700/4768 | loss 3.695890 | lr:0.0018 | train_time:7124.05s | step:4158.30ms
step:1701/4768 | loss 3.784184 | lr:0.0018 | train_time:7128.22s | step:4170.24ms
step:1702/4768 | loss 3.689915 | lr:0.0018 | train_time:7132.38s | step:4157.85ms
step:1703/4768 | loss 3.734102 | lr:0.0018 | train_time:7136.55s | step:4169.71ms
step:1704/4768 | loss 3.677583 | lr:0.0018 | train_time:7140.70s | step:4154.61ms
step:1705/4768 | loss 3.737280 | lr:0.0018 | train_time:7144.86s | step:4159.28ms
step:1706/4768 | loss 3.748829 | lr:0.0018 | train_time:7149.01s | step:4150.85ms
step:1707/4768 | loss 3.738062 | lr:0.0018 | train_time:7153.18s | step:4167.55ms
step:1708/4768 | loss 3.778848 | lr:0.0018 | train_time:7157.34s | step:4162.67ms
step:1709/4768 | loss 3.659596 | lr:0.0018 | train_time:7161.51s | step:4167.34ms
step:1710/4768 | loss 3.771282 | lr:0.0018 | train_time:7165.67s | step:4161.72ms
step:1711/4768 | loss 3.696274 | lr:0.0018 | train_time:7169.83s | step:4158.46ms
step:1712/4768 | loss 3.648062 | lr:0.0018 | train_time:7174.00s | step:4168.28ms
step:1713/4768 | loss 3.747108 | lr:0.0018 | train_time:7178.17s | step:4167.42ms
step:1714/4768 | loss 3.659614 | lr:0.0018 | train_time:7182.33s | step:4163.22ms
step:1715/4768 | loss 4.017986 | lr:0.0018 | train_time:7186.48s | step:4149.71ms
step:1716/4768 | loss 3.751726 | lr:0.0018 | train_time:7190.64s | step:4160.78ms
step:1717/4768 | loss 3.690246 | lr:0.0018 | train_time:7195.22s | step:4582.29ms
step:1718/4768 | loss 3.689999 | lr:0.0018 | train_time:7199.38s | step:4151.20ms
step:1719/4768 | loss 3.771385 | lr:0.0018 | train_time:7203.53s | step:4155.21ms
step:1720/4768 | loss 3.649442 | lr:0.0018 | train_time:7207.69s | step:4160.91ms
step:1721/4768 | loss 3.751031 | lr:0.0018 | train_time:7211.84s | step:4150.16ms
step:1722/4768 | loss 3.724755 | lr:0.0018 | train_time:7216.00s | step:4162.56ms
step:1723/4768 | loss 3.676840 | lr:0.0018 | train_time:7220.16s | step:4159.77ms
step:1724/4768 | loss 3.769457 | lr:0.0018 | train_time:7224.32s | step:4159.28ms
step:1725/4768 | loss 3.728189 | lr:0.0018 | train_time:7228.49s | step:4170.60ms
step:1726/4768 | loss 3.758670 | lr:0.0018 | train_time:7232.66s | step:4163.39ms
step:1727/4768 | loss 3.671884 | lr:0.0018 | train_time:7236.81s | step:4151.04ms
step:1728/4768 | loss 3.754566 | lr:0.0018 | train_time:7240.97s | step:4157.33ms
step:1729/4768 | loss 3.752528 | lr:0.0018 | train_time:7245.13s | step:4165.26ms
step:1730/4768 | loss 3.707959 | lr:0.0018 | train_time:7249.29s | step:4155.64ms
step:1731/4768 | loss 3.747661 | lr:0.0018 | train_time:7253.46s | step:4174.06ms
step:1732/4768 | loss 3.714384 | lr:0.0018 | train_time:7257.62s | step:4156.05ms
step:1733/4768 | loss 3.705971 | lr:0.0018 | train_time:7261.78s | step:4163.32ms
step:1734/4768 | loss 3.642892 | lr:0.0018 | train_time:7265.96s | step:4176.33ms
step:1735/4768 | loss 3.775055 | lr:0.0018 | train_time:7270.11s | step:4158.07ms
step:1736/4768 | loss 3.780430 | lr:0.0018 | train_time:7274.27s | step:4156.89ms
step:1737/4768 | loss 3.727560 | lr:0.0018 | train_time:7278.43s | step:4156.69ms
step:1738/4768 | loss 3.736347 | lr:0.0018 | train_time:7282.59s | step:4157.65ms
step:1739/4768 | loss 3.710017 | lr:0.0018 | train_time:7286.74s | step:4156.88ms
step:1740/4768 | loss 3.684044 | lr:0.0018 | train_time:7290.90s | step:4160.65ms
step:1741/4768 | loss 3.823660 | lr:0.0018 | train_time:7295.06s | step:4156.74ms
step:1742/4768 | loss 3.800734 | lr:0.0018 | train_time:7299.22s | step:4159.27ms
step:1743/4768 | loss 3.804819 | lr:0.0018 | train_time:7303.38s | step:4159.35ms
step:1744/4768 | loss 3.714127 | lr:0.0018 | train_time:7307.54s | step:4164.41ms
step:1745/4768 | loss 3.668224 | lr:0.0018 | train_time:7311.70s | step:4155.19ms
step:1746/4768 | loss 3.712633 | lr:0.0018 | train_time:7315.86s | step:4164.40ms
step:1747/4768 | loss 3.655054 | lr:0.0018 | train_time:7320.02s | step:4153.91ms
step:1748/4768 | loss 3.688315 | lr:0.0018 | train_time:7324.17s | step:4152.54ms
step:1749/4768 | loss 3.666818 | lr:0.0018 | train_time:7328.33s | step:4156.85ms
step:1750/4768 | loss 3.707493 | lr:0.0018 | train_time:7332.49s | step:4163.56ms
step:1751/4768 | loss 3.742221 | lr:0.0018 | train_time:7336.66s | step:4167.61ms
step:1752/4768 | loss 3.699532 | lr:0.0018 | train_time:7340.82s | step:4160.29ms
step:1753/4768 | loss 3.690856 | lr:0.0018 | train_time:7344.99s | step:4172.60ms
step:1754/4768 | loss 3.745027 | lr:0.0018 | train_time:7349.15s | step:4155.77ms
step:1755/4768 | loss 3.754903 | lr:0.0018 | train_time:7353.31s | step:4165.36ms
step:1756/4768 | loss 3.726896 | lr:0.0018 | train_time:7357.47s | step:4159.81ms
step:1757/4768 | loss 3.752206 | lr:0.0018 | train_time:7361.64s | step:4170.64ms
step:1758/4768 | loss 3.724104 | lr:0.0018 | train_time:7365.80s | step:4159.95ms
step:1759/4768 | loss 3.702784 | lr:0.0018 | train_time:7369.95s | step:4153.10ms
step:1760/4768 | loss 3.741166 | lr:0.0018 | train_time:7374.12s | step:4163.71ms
step:1761/4768 | loss 3.692500 | lr:0.0018 | train_time:7378.27s | step:4155.74ms
step:1762/4768 | loss 3.724113 | lr:0.0018 | train_time:7382.43s | step:4156.95ms
step:1763/4768 | loss 3.681526 | lr:0.0018 | train_time:7386.58s | step:4151.59ms
step:1764/4768 | loss 3.675244 | lr:0.0018 | train_time:7390.74s | step:4158.56ms
step:1765/4768 | loss 3.991380 | lr:0.0018 | train_time:7394.90s | step:4155.84ms
step:1766/4768 | loss 3.716196 | lr:0.0018 | train_time:7399.06s | step:4163.48ms
step:1767/4768 | loss 3.780700 | lr:0.0018 | train_time:7403.22s | step:4155.82ms
step:1768/4768 | loss 3.724689 | lr:0.0018 | train_time:7407.37s | step:4151.87ms
step:1769/4768 | loss 3.680497 | lr:0.0018 | train_time:7411.54s | step:4167.05ms
step:1770/4768 | loss 3.684087 | lr:0.0018 | train_time:7415.70s | step:4160.73ms
step:1771/4768 | loss 3.728141 | lr:0.0018 | train_time:7419.86s | step:4160.40ms
step:1772/4768 | loss 3.714663 | lr:0.0018 | train_time:7424.02s | step:4162.10ms
step:1773/4768 | loss 3.754843 | lr:0.0018 | train_time:7428.17s | step:4151.46ms
step:1774/4768 | loss 3.733665 | lr:0.0018 | train_time:7432.33s | step:4158.09ms
step:1775/4768 | loss 3.724128 | lr:0.0018 | train_time:7436.49s | step:4160.29ms
step:1776/4768 | loss 3.853891 | lr:0.0018 | train_time:7440.65s | step:4159.69ms
step:1777/4768 | loss 3.718417 | lr:0.0018 | train_time:7444.82s | step:4168.16ms
step:1778/4768 | loss 3.721169 | lr:0.0018 | train_time:7448.97s | step:4156.46ms
step:1779/4768 | loss 3.755105 | lr:0.0018 | train_time:7453.12s | step:4147.73ms
step:1780/4768 | loss 3.677701 | lr:0.0018 | train_time:7457.27s | step:4145.52ms
step:1781/4768 | loss 3.763300 | lr:0.0018 | train_time:7461.42s | step:4158.83ms
step:1782/4768 | loss 3.756927 | lr:0.0018 | train_time:7465.59s | step:4163.58ms
step:1783/4768 | loss 3.818690 | lr:0.0018 | train_time:7469.74s | step:4147.34ms
step:1784/4768 | loss 3.687114 | lr:0.0018 | train_time:7473.88s | step:4147.28ms
step:1785/4768 | loss 3.811316 | lr:0.0018 | train_time:7478.05s | step:4164.85ms
step:1786/4768 | loss 3.716670 | lr:0.0018 | train_time:7482.21s | step:4162.92ms
step:1787/4768 | loss 3.722249 | lr:0.0018 | train_time:7486.37s | step:4155.26ms
step:1788/4768 | loss 3.646579 | lr:0.0018 | train_time:7490.52s | step:4156.04ms
step:1789/4768 | loss 3.746969 | lr:0.0018 | train_time:7494.68s | step:4158.47ms
step:1790/4768 | loss 3.737292 | lr:0.0018 | train_time:7498.84s | step:4159.81ms
step:1791/4768 | loss 3.634030 | lr:0.0018 | train_time:7503.01s | step:4165.46ms
step:1792/4768 | loss 3.765502 | lr:0.0018 | train_time:7507.17s | step:4164.26ms
step:1792/4768 | val loss 3.712034
step:1793/4768 | loss 3.783734 | lr:0.0018 | train_time:7511.32s | step:4150.07ms
step:1794/4768 | loss 3.682470 | lr:0.0018 | train_time:7515.48s | step:4158.82ms
step:1795/4768 | loss 3.730865 | lr:0.0018 | train_time:7519.64s | step:4160.93ms
step:1796/4768 | loss 3.698672 | lr:0.0018 | train_time:7523.78s | step:4144.00ms
step:1797/4768 | loss 3.662624 | lr:0.0018 | train_time:7527.93s | step:4149.62ms
step:1798/4768 | loss 3.714174 | lr:0.0018 | train_time:7532.09s | step:4154.04ms
step:1799/4768 | loss 3.708209 | lr:0.0018 | train_time:7536.25s | step:4160.96ms
step:1800/4768 | loss 3.691582 | lr:0.0018 | train_time:7540.40s | step:4155.07ms
step:1801/4768 | loss 3.757901 | lr:0.0018 | train_time:7544.55s | step:4142.84ms
step:1802/4768 | loss 3.715685 | lr:0.0018 | train_time:7548.71s | step:4162.91ms
step:1803/4768 | loss 3.798397 | lr:0.0018 | train_time:7552.87s | step:4156.92ms
step:1804/4768 | loss 3.712731 | lr:0.0018 | train_time:7557.03s | step:4160.31ms
step:1805/4768 | loss 3.739293 | lr:0.0018 | train_time:7561.18s | step:4149.24ms
step:1806/4768 | loss 3.765023 | lr:0.0018 | train_time:7565.34s | step:4165.92ms
step:1807/4768 | loss 3.673609 | lr:0.0018 | train_time:7569.50s | step:4157.07ms
step:1808/4768 | loss 3.741222 | lr:0.0018 | train_time:7573.65s | step:4151.81ms
step:1809/4768 | loss 3.679813 | lr:0.0018 | train_time:7577.80s | step:4147.38ms
step:1810/4768 | loss 3.750518 | lr:0.0018 | train_time:7581.96s | step:4158.69ms
step:1811/4768 | loss 3.709991 | lr:0.0018 | train_time:7586.11s | step:4152.60ms
step:1812/4768 | loss 3.709573 | lr:0.0018 | train_time:7590.27s | step:4157.73ms
step:1813/4768 | loss 3.736867 | lr:0.0018 | train_time:7594.42s | step:4151.07ms
step:1814/4768 | loss 3.664407 | lr:0.0018 | train_time:7598.57s | step:4155.46ms
step:1815/4768 | loss 3.810114 | lr:0.0018 | train_time:7602.73s | step:4159.75ms
step:1816/4768 | loss 3.726337 | lr:0.0018 | train_time:7606.91s | step:4172.48ms
step:1817/4768 | loss 3.709094 | lr:0.0018 | train_time:7611.07s | step:4162.80ms
step:1818/4768 | loss 3.686978 | lr:0.0018 | train_time:7615.23s | step:4159.98ms
step:1819/4768 | loss 3.702361 | lr:0.0018 | train_time:7619.40s | step:4170.23ms
step:1820/4768 | loss 3.714015 | lr:0.0018 | train_time:7623.56s | step:4158.58ms
step:1821/4768 | loss 3.680673 | lr:0.0018 | train_time:7627.71s | step:4154.78ms
step:1822/4768 | loss 3.742177 | lr:0.0018 | train_time:7631.86s | step:4151.83ms
step:1823/4768 | loss 3.670208 | lr:0.0018 | train_time:7636.01s | step:4150.10ms
step:1824/4768 | loss 3.711550 | lr:0.0018 | train_time:7640.18s | step:4162.31ms
step:1825/4768 | loss 3.690557 | lr:0.0018 | train_time:7644.34s | step:4164.71ms
step:1826/4768 | loss 3.663965 | lr:0.0018 | train_time:7648.49s | step:4146.00ms
step:1827/4768 | loss 3.694772 | lr:0.0018 | train_time:7652.65s | step:4161.22ms
step:1828/4768 | loss 3.674608 | lr:0.0018 | train_time:7656.81s | step:4163.49ms
step:1829/4768 | loss 3.771232 | lr:0.0018 | train_time:7660.98s | step:4170.70ms
step:1830/4768 | loss 3.685248 | lr:0.0018 | train_time:7665.14s | step:4154.76ms
step:1831/4768 | loss 3.873551 | lr:0.0018 | train_time:7669.29s | step:4151.08ms
step:1832/4768 | loss 3.664734 | lr:0.0018 | train_time:7673.44s | step:4153.98ms
step:1833/4768 | loss 3.731233 | lr:0.0018 | train_time:7677.60s | step:4159.88ms
step:1834/4768 | loss 3.687451 | lr:0.0018 | train_time:7681.77s | step:4167.06ms
step:1835/4768 | loss 3.705711 | lr:0.0018 | train_time:7685.93s | step:4157.25ms
step:1836/4768 | loss 3.700950 | lr:0.0018 | train_time:7690.10s | step:4170.83ms
step:1837/4768 | loss 3.719915 | lr:0.0018 | train_time:7694.26s | step:4163.68ms
step:1838/4768 | loss 3.669773 | lr:0.0018 | train_time:7698.41s | step:4152.63ms
step:1839/4768 | loss 3.764196 | lr:0.0018 | train_time:7702.57s | step:4155.58ms
step:1840/4768 | loss 3.718900 | lr:0.0018 | train_time:7706.71s | step:4144.87ms
step:1841/4768 | loss 3.701186 | lr:0.0018 | train_time:7710.86s | step:4150.93ms
step:1842/4768 | loss 3.740683 | lr:0.0018 | train_time:7715.02s | step:4151.93ms
step:1843/4768 | loss 3.697557 | lr:0.0018 | train_time:7719.17s | step:4154.68ms
step:1844/4768 | loss 3.657227 | lr:0.0018 | train_time:7723.33s | step:4159.51ms
step:1845/4768 | loss 3.724366 | lr:0.0018 | train_time:7727.49s | step:4162.12ms
step:1846/4768 | loss 3.662911 | lr:0.0018 | train_time:7731.64s | step:4149.61ms
step:1847/4768 | loss 3.763143 | lr:0.0018 | train_time:7735.81s | step:4164.63ms
step:1848/4768 | loss 3.757535 | lr:0.0018 | train_time:7739.96s | step:4155.94ms
step:1849/4768 | loss 3.656721 | lr:0.0018 | train_time:7744.11s | step:4149.51ms
step:1850/4768 | loss 3.654090 | lr:0.0018 | train_time:7748.27s | step:4161.92ms
step:1851/4768 | loss 3.680218 | lr:0.0018 | train_time:7752.43s | step:4158.52ms
step:1852/4768 | loss 3.707775 | lr:0.0018 | train_time:7756.59s | step:4152.73ms
step:1853/4768 | loss 3.697522 | lr:0.0018 | train_time:7760.75s | step:4159.51ms
step:1854/4768 | loss 3.751113 | lr:0.0018 | train_time:7764.91s | step:4167.10ms
step:1855/4768 | loss 3.673760 | lr:0.0018 | train_time:7769.07s | step:4152.60ms
step:1856/4768 | loss 3.733464 | lr:0.0018 | train_time:7773.22s | step:4155.51ms
step:1857/4768 | loss 3.689982 | lr:0.0018 | train_time:7777.38s | step:4158.18ms
step:1858/4768 | loss 3.691662 | lr:0.0018 | train_time:7781.53s | step:4155.83ms
step:1859/4768 | loss 3.760656 | lr:0.0018 | train_time:7785.69s | step:4154.60ms
step:1860/4768 | loss 3.671612 | lr:0.0018 | train_time:7789.84s | step:4148.81ms
step:1861/4768 | loss 3.700079 | lr:0.0018 | train_time:7794.00s | step:4166.30ms
step:1862/4768 | loss 3.664515 | lr:0.0018 | train_time:7798.16s | step:4156.05ms
step:1863/4768 | loss 3.729339 | lr:0.0018 | train_time:7802.31s | step:4153.54ms
step:1864/4768 | loss 3.695865 | lr:0.0018 | train_time:7806.47s | step:4157.91ms
step:1865/4768 | loss 3.743713 | lr:0.0018 | train_time:7810.63s | step:4160.62ms
step:1866/4768 | loss 3.698328 | lr:0.0018 | train_time:7814.79s | step:4157.26ms
step:1867/4768 | loss 3.683468 | lr:0.0018 | train_time:7818.93s | step:4144.44ms
step:1868/4768 | loss 3.701441 | lr:0.0018 | train_time:7823.09s | step:4158.77ms
step:1869/4768 | loss 3.758844 | lr:0.0018 | train_time:7827.26s | step:4162.50ms
step:1870/4768 | loss 3.688673 | lr:0.0018 | train_time:7831.40s | step:4147.21ms
step:1871/4768 | loss 3.717981 | lr:0.0018 | train_time:7835.55s | step:4151.77ms
step:1872/4768 | loss 3.671522 | lr:0.0018 | train_time:7839.71s | step:4155.81ms
step:1873/4768 | loss 3.719971 | lr:0.0018 | train_time:7843.86s | step:4152.19ms
step:1874/4768 | loss 3.758539 | lr:0.0018 | train_time:7848.03s | step:4163.52ms
step:1875/4768 | loss 3.673555 | lr:0.0018 | train_time:7852.18s | step:4157.91ms
step:1876/4768 | loss 3.704680 | lr:0.0018 | train_time:7856.34s | step:4160.95ms
step:1877/4768 | loss 3.710839 | lr:0.0018 | train_time:7860.49s | step:4141.49ms
step:1878/4768 | loss 3.743588 | lr:0.0018 | train_time:7864.63s | step:4145.55ms
step:1879/4768 | loss 3.634631 | lr:0.0018 | train_time:7868.79s | step:4156.64ms
step:1880/4768 | loss 3.730594 | lr:0.0018 | train_time:7872.94s | step:4156.32ms
step:1881/4768 | loss 3.760655 | lr:0.0018 | train_time:7877.10s | step:4153.91ms
step:1882/4768 | loss 3.661888 | lr:0.0018 | train_time:7881.25s | step:4150.65ms
step:1883/4768 | loss 3.795516 | lr:0.0018 | train_time:7885.40s | step:4153.48ms
step:1884/4768 | loss 3.735379 | lr:0.0018 | train_time:7889.56s | step:4157.00ms
step:1885/4768 | loss 3.812347 | lr:0.0018 | train_time:7893.71s | step:4154.78ms
step:1886/4768 | loss 3.733469 | lr:0.0018 | train_time:7897.87s | step:4155.60ms
step:1887/4768 | loss 3.653706 | lr:0.0018 | train_time:7902.03s | step:4163.90ms
step:1888/4768 | loss 3.666053 | lr:0.0018 | train_time:7906.18s | step:4145.33ms
step:1889/4768 | loss 3.683303 | lr:0.0018 | train_time:7910.33s | step:4146.99ms
step:1890/4768 | loss 3.706672 | lr:0.0018 | train_time:7914.47s | step:4148.55ms
step:1891/4768 | loss 3.658984 | lr:0.0018 | train_time:7918.64s | step:4163.30ms
step:1892/4768 | loss 3.681746 | lr:0.0018 | train_time:7922.80s | step:4159.00ms
step:1893/4768 | loss 3.672042 | lr:0.0018 | train_time:7926.95s | step:4151.84ms
step:1894/4768 | loss 3.663863 | lr:0.0018 | train_time:7931.11s | step:4164.79ms
step:1895/4768 | loss 3.674697 | lr:0.0018 | train_time:7935.28s | step:4167.17ms
step:1896/4768 | loss 3.668796 | lr:0.0018 | train_time:7939.44s | step:4156.91ms
step:1897/4768 | loss 3.751194 | lr:0.0018 | train_time:7943.60s | step:4160.84ms
step:1898/4768 | loss 3.659890 | lr:0.0018 | train_time:7947.75s | step:4150.40ms
step:1899/4768 | loss 3.700375 | lr:0.0018 | train_time:7951.89s | step:4143.91ms
step:1900/4768 | loss 3.704441 | lr:0.0018 | train_time:7956.04s | step:4150.19ms
step:1901/4768 | loss 3.669308 | lr:0.0018 | train_time:7960.20s | step:4152.32ms
step:1902/4768 | loss 3.714614 | lr:0.0018 | train_time:7964.35s | step:4154.65ms
step:1903/4768 | loss 3.734562 | lr:0.0018 | train_time:7968.51s | step:4163.26ms
step:1904/4768 | loss 3.672621 | lr:0.0018 | train_time:7972.67s | step:4156.04ms
step:1905/4768 | loss 3.647358 | lr:0.0018 | train_time:7976.82s | step:4148.13ms
step:1906/4768 | loss 3.661861 | lr:0.0018 | train_time:7980.97s | step:4149.85ms
step:1907/4768 | loss 3.710321 | lr:0.0018 | train_time:7985.14s | step:4169.06ms
step:1908/4768 | loss 3.639838 | lr:0.0018 | train_time:7989.70s | step:4561.28ms
step:1909/4768 | loss 3.668576 | lr:0.0018 | train_time:7993.85s | step:4154.78ms
step:1910/4768 | loss 3.731424 | lr:0.0018 | train_time:7998.00s | step:4147.32ms
step:1911/4768 | loss 3.715646 | lr:0.0018 | train_time:8002.15s | step:4152.77ms
step:1912/4768 | loss 3.674311 | lr:0.0018 | train_time:8006.31s | step:4152.80ms
step:1913/4768 | loss 3.680004 | lr:0.0018 | train_time:8010.46s | step:4152.37ms
step:1914/4768 | loss 3.675073 | lr:0.0018 | train_time:8014.60s | step:4145.57ms
step:1915/4768 | loss 3.710264 | lr:0.0018 | train_time:8018.77s | step:4162.13ms
step:1916/4768 | loss 3.646927 | lr:0.0018 | train_time:8022.92s | step:4151.66ms
step:1917/4768 | loss 3.705540 | lr:0.0018 | train_time:8027.07s | step:4152.93ms
step:1918/4768 | loss 3.690082 | lr:0.0018 | train_time:8031.23s | step:4159.46ms
step:1919/4768 | loss 3.650915 | lr:0.0018 | train_time:8035.39s | step:4161.28ms
step:1920/4768 | loss 3.724727 | lr:0.0018 | train_time:8039.54s | step:4151.33ms
step:1920/4768 | val loss 3.692111
step:1921/4768 | loss 3.828618 | lr:0.0018 | train_time:8043.70s | step:4156.70ms
step:1922/4768 | loss 3.663892 | lr:0.0018 | train_time:8047.84s | step:4141.62ms
step:1923/4768 | loss 3.631155 | lr:0.0018 | train_time:8051.98s | step:4137.93ms
step:1924/4768 | loss 3.728460 | lr:0.0018 | train_time:8056.13s | step:4155.62ms
step:1925/4768 | loss 3.730706 | lr:0.0018 | train_time:8060.29s | step:4151.63ms
step:1926/4768 | loss 3.715157 | lr:0.0018 | train_time:8064.45s | step:4160.33ms
step:1927/4768 | loss 3.670901 | lr:0.0018 | train_time:8068.59s | step:4147.08ms
step:1928/4768 | loss 3.680928 | lr:0.0018 | train_time:8072.74s | step:4146.11ms
step:1929/4768 | loss 3.649313 | lr:0.0018 | train_time:8076.89s | step:4152.28ms
step:1930/4768 | loss 3.685291 | lr:0.0018 | train_time:8081.04s | step:4144.67ms
step:1931/4768 | loss 3.716564 | lr:0.0018 | train_time:8085.18s | step:4147.17ms
step:1932/4768 | loss 3.667514 | lr:0.0018 | train_time:8089.34s | step:4158.81ms
step:1933/4768 | loss 3.674941 | lr:0.0018 | train_time:8093.50s | step:4156.16ms
step:1934/4768 | loss 3.688355 | lr:0.0018 | train_time:8097.64s | step:4142.03ms
step:1935/4768 | loss 3.761986 | lr:0.0018 | train_time:8101.79s | step:4153.09ms
step:1936/4768 | loss 3.699278 | lr:0.0018 | train_time:8105.94s | step:4147.76ms
step:1937/4768 | loss 3.729291 | lr:0.0018 | train_time:8110.09s | step:4146.35ms
step:1938/4768 | loss 3.629353 | lr:0.0018 | train_time:8114.25s | step:4158.70ms
step:1939/4768 | loss 4.005195 | lr:0.0018 | train_time:8118.41s | step:4159.58ms
step:1940/4768 | loss 3.702584 | lr:0.0018 | train_time:8122.56s | step:4156.34ms
step:1941/4768 | loss 3.691332 | lr:0.0018 | train_time:8126.72s | step:4160.94ms
step:1942/4768 | loss 3.812872 | lr:0.0018 | train_time:8130.87s | step:4147.81ms
step:1943/4768 | loss 3.687656 | lr:0.0018 | train_time:8135.02s | step:4152.24ms
step:1944/4768 | loss 3.744389 | lr:0.0018 | train_time:8139.18s | step:4157.54ms
step:1945/4768 | loss 3.670367 | lr:0.0018 | train_time:8143.35s | step:4166.62ms
step:1946/4768 | loss 3.643181 | lr:0.0018 | train_time:8147.50s | step:4151.95ms
step:1947/4768 | loss 3.711123 | lr:0.0018 | train_time:8151.65s | step:4152.18ms
step:1948/4768 | loss 3.699039 | lr:0.0018 | train_time:8155.81s | step:4154.00ms
step:1949/4768 | loss 3.655190 | lr:0.0018 | train_time:8159.95s | step:4147.70ms
step:1950/4768 | loss 3.700934 | lr:0.0018 | train_time:8164.11s | step:4156.48ms
step:1951/4768 | loss 3.666820 | lr:0.0018 | train_time:8168.26s | step:4154.76ms
step:1952/4768 | loss 3.739179 | lr:0.0018 | train_time:8172.41s | step:4144.72ms
step:1953/4768 | loss 3.688526 | lr:0.0018 | train_time:8176.58s | step:4167.59ms
step:1954/4768 | loss 3.663074 | lr:0.0018 | train_time:8180.73s | step:4149.67ms
step:1955/4768 | loss 3.704559 | lr:0.0018 | train_time:8184.88s | step:4149.88ms
step:1956/4768 | loss 3.612870 | lr:0.0018 | train_time:8189.03s | step:4154.88ms
step:1957/4768 | loss 3.785903 | lr:0.0018 | train_time:8193.18s | step:4150.93ms
step:1958/4768 | loss 3.665001 | lr:0.0018 | train_time:8197.34s | step:4155.13ms
step:1959/4768 | loss 3.815522 | lr:0.0018 | train_time:8201.49s | step:4151.96ms
step:1960/4768 | loss 3.659473 | lr:0.0018 | train_time:8205.64s | step:4147.51ms
step:1961/4768 | loss 3.645181 | lr:0.0018 | train_time:8209.80s | step:4164.67ms
step:1962/4768 | loss 3.724319 | lr:0.0018 | train_time:8213.96s | step:4153.81ms
step:1963/4768 | loss 3.692600 | lr:0.0018 | train_time:8218.11s | step:4155.97ms
step:1964/4768 | loss 3.696813 | lr:0.0018 | train_time:8222.26s | step:4145.70ms
step:1965/4768 | loss 3.744917 | lr:0.0018 | train_time:8226.40s | step:4142.44ms
step:1966/4768 | loss 3.760778 | lr:0.0018 | train_time:8230.56s | step:4158.49ms
step:1967/4768 | loss 3.613811 | lr:0.0018 | train_time:8234.71s | step:4149.47ms
step:1968/4768 | loss 3.735198 | lr:0.0018 | train_time:8238.86s | step:4150.25ms
step:1969/4768 | loss 3.677588 | lr:0.0018 | train_time:8243.02s | step:4160.34ms
step:1970/4768 | loss 3.678215 | lr:0.0018 | train_time:8247.18s | step:4158.96ms
step:1971/4768 | loss 3.668409 | lr:0.0018 | train_time:8251.33s | step:4149.11ms
step:1972/4768 | loss 3.714357 | lr:0.0018 | train_time:8255.47s | step:4148.05ms
step:1973/4768 | loss 3.717994 | lr:0.0018 | train_time:8259.62s | step:4146.71ms
step:1974/4768 | loss 3.630544 | lr:0.0018 | train_time:8263.77s | step:4147.75ms
step:1975/4768 | loss 3.701301 | lr:0.0018 | train_time:8267.92s | step:4146.58ms
step:1976/4768 | loss 3.657502 | lr:0.0018 | train_time:8272.07s | step:4155.02ms
step:1977/4768 | loss 3.669238 | lr:0.0018 | train_time:8276.23s | step:4156.81ms
step:1978/4768 | loss 3.677074 | lr:0.0018 | train_time:8280.38s | step:4154.15ms
step:1979/4768 | loss 3.657759 | lr:0.0018 | train_time:8284.53s | step:4149.94ms
step:1980/4768 | loss 3.661014 | lr:0.0018 | train_time:8288.68s | step:4147.64ms
step:1981/4768 | loss 3.640098 | lr:0.0018 | train_time:8292.84s | step:4157.57ms
step:1982/4768 | loss 3.683007 | lr:0.0018 | train_time:8296.99s | step:4158.47ms
step:1983/4768 | loss 3.663995 | lr:0.0018 | train_time:8301.15s | step:4152.46ms
step:1984/4768 | loss 3.731599 | lr:0.0018 | train_time:8305.30s | step:4149.87ms
step:1985/4768 | loss 3.735882 | lr:0.0018 | train_time:8309.45s | step:4155.62ms
step:1986/4768 | loss 3.690853 | lr:0.0018 | train_time:8313.60s | step:4147.31ms
step:1987/4768 | loss 3.708382 | lr:0.0018 | train_time:8317.75s | step:4148.21ms
step:1988/4768 | loss 3.682407 | lr:0.0018 | train_time:8321.91s | step:4158.67ms
step:1989/4768 | loss 3.662351 | lr:0.0018 | train_time:8326.06s | step:4148.47ms
step:1990/4768 | loss 3.830896 | lr:0.0018 | train_time:8330.21s | step:4150.56ms
step:1991/4768 | loss 3.643073 | lr:0.0018 | train_time:8334.37s | step:4162.36ms
step:1992/4768 | loss 3.653521 | lr:0.0018 | train_time:8338.53s | step:4159.15ms
step:1993/4768 | loss 3.698221 | lr:0.0018 | train_time:8342.67s | step:4138.11ms
step:1994/4768 | loss 3.643267 | lr:0.0018 | train_time:8346.82s | step:4155.92ms
step:1995/4768 | loss 3.701358 | lr:0.0018 | train_time:8350.99s | step:4170.41ms
step:1996/4768 | loss 3.643866 | lr:0.0018 | train_time:8355.15s | step:4154.59ms
step:1997/4768 | loss 3.696893 | lr:0.0018 | train_time:8359.30s | step:4156.67ms
step:1998/4768 | loss 3.661278 | lr:0.0018 | train_time:8363.45s | step:4149.31ms
step:1999/4768 | loss 3.669856 | lr:0.0018 | train_time:8367.60s | step:4143.45ms
step:2000/4768 | loss 3.671104 | lr:0.0018 | train_time:8371.75s | step:4154.59ms
step:2001/4768 | loss 3.791921 | lr:0.0018 | train_time:8375.90s | step:4144.68ms
step:2002/4768 | loss 3.685051 | lr:0.0018 | train_time:8380.05s | step:4156.55ms
step:2003/4768 | loss 3.698898 | lr:0.0018 | train_time:8384.21s | step:4154.73ms
step:2004/4768 | loss 3.708157 | lr:0.0018 | train_time:8388.36s | step:4150.54ms
step:2005/4768 | loss 3.810035 | lr:0.0018 | train_time:8392.51s | step:4153.89ms
step:2006/4768 | loss 3.732228 | lr:0.0018 | train_time:8396.66s | step:4150.78ms
step:2007/4768 | loss 3.675246 | lr:0.0018 | train_time:8400.82s | step:4154.02ms
step:2008/4768 | loss 3.713279 | lr:0.0018 | train_time:8404.97s | step:4150.91ms
step:2009/4768 | loss 3.659360 | lr:0.0018 | train_time:8409.12s | step:4155.73ms
step:2010/4768 | loss 3.670788 | lr:0.0018 | train_time:8413.26s | step:4141.76ms
step:2011/4768 | loss 3.808034 | lr:0.0018 | train_time:8417.42s | step:4151.85ms
step:2012/4768 | loss 3.664138 | lr:0.0018 | train_time:8421.57s | step:4150.14ms
step:2013/4768 | loss 3.661141 | lr:0.0018 | train_time:8425.71s | step:4145.70ms
step:2014/4768 | loss 3.709047 | lr:0.0018 | train_time:8429.87s | step:4159.74ms
step:2015/4768 | loss 3.596319 | lr:0.0018 | train_time:8434.03s | step:4158.24ms
step:2016/4768 | loss 3.680798 | lr:0.0018 | train_time:8438.18s | step:4153.45ms
step:2017/4768 | loss 3.699215 | lr:0.0018 | train_time:8442.34s | step:4157.25ms
step:2018/4768 | loss 3.730834 | lr:0.0018 | train_time:8446.50s | step:4156.03ms
step:2019/4768 | loss 3.655244 | lr:0.0018 | train_time:8450.65s | step:4155.38ms
step:2020/4768 | loss 3.685637 | lr:0.0018 | train_time:8454.80s | step:4151.15ms
step:2021/4768 | loss 3.678267 | lr:0.0018 | train_time:8458.96s | step:4154.87ms
step:2022/4768 | loss 3.664226 | lr:0.0018 | train_time:8463.12s | step:4161.26ms
step:2023/4768 | loss 3.706587 | lr:0.0018 | train_time:8467.27s | step:4150.90ms
step:2024/4768 | loss 3.659518 | lr:0.0018 | train_time:8471.42s | step:4153.76ms
step:2025/4768 | loss 3.686694 | lr:0.0018 | train_time:8475.57s | step:4147.87ms
step:2026/4768 | loss 3.717537 | lr:0.0018 | train_time:8479.72s | step:4145.61ms
step:2027/4768 | loss 3.676695 | lr:0.0018 | train_time:8483.87s | step:4153.06ms
step:2028/4768 | loss 3.659163 | lr:0.0018 | train_time:8488.02s | step:4154.09ms
step:2029/4768 | loss 3.666912 | lr:0.0018 | train_time:8492.17s | step:4150.35ms
step:2030/4768 | loss 3.597518 | lr:0.0018 | train_time:8496.34s | step:4163.02ms
step:2031/4768 | loss 3.652652 | lr:0.0018 | train_time:8500.49s | step:4153.76ms
step:2032/4768 | loss 3.644277 | lr:0.0018 | train_time:8504.66s | step:4165.78ms
step:2033/4768 | loss 3.643339 | lr:0.0018 | train_time:8508.82s | step:4160.12ms
step:2034/4768 | loss 3.654530 | lr:0.0018 | train_time:8512.98s | step:4163.07ms
step:2035/4768 | loss 3.667587 | lr:0.0018 | train_time:8517.15s | step:4169.75ms
step:2036/4768 | loss 3.675037 | lr:0.0018 | train_time:8521.32s | step:4167.92ms
step:2037/4768 | loss 3.687713 | lr:0.0018 | train_time:8525.47s | step:4147.16ms
step:2038/4768 | loss 3.689845 | lr:0.0018 | train_time:8529.63s | step:4164.46ms
step:2039/4768 | loss 3.667941 | lr:0.0018 | train_time:8533.79s | step:4160.79ms
step:2040/4768 | loss 3.643521 | lr:0.0018 | train_time:8537.96s | step:4164.88ms
step:2041/4768 | loss 3.703300 | lr:0.0018 | train_time:8542.11s | step:4156.37ms
step:2042/4768 | loss 3.689965 | lr:0.0018 | train_time:8546.28s | step:4170.16ms
step:2043/4768 | loss 3.656796 | lr:0.0018 | train_time:8550.44s | step:4159.49ms
step:2044/4768 | loss 3.691045 | lr:0.0018 | train_time:8554.61s | step:4166.75ms
step:2045/4768 | loss 3.706156 | lr:0.0018 | train_time:8558.76s | step:4155.20ms
step:2046/4768 | loss 3.648994 | lr:0.0018 | train_time:8562.93s | step:4171.30ms
step:2047/4768 | loss 3.680305 | lr:0.0018 | train_time:8567.11s | step:4172.70ms
step:2048/4768 | loss 3.669504 | lr:0.0018 | train_time:8571.27s | step:4160.31ms
saved checkpoint: runs/baseline-20260718T074451Z/full-seed-0/checkpoint.pt (next step 2048)
step:2048/4768 | val loss 3.673097
step:2049/4768 | loss 3.641714 | lr:0.0018 | train_time:8575.43s | step:4167.23ms
step:2050/4768 | loss 3.667253 | lr:0.0018 | train_time:8579.59s | step:4157.20ms
step:2051/4768 | loss 3.706817 | lr:0.0018 | train_time:8583.75s | step:4156.59ms
step:2052/4768 | loss 3.613089 | lr:0.0018 | train_time:8587.91s | step:4160.85ms
step:2053/4768 | loss 3.679262 | lr:0.0018 | train_time:8592.07s | step:4160.24ms
step:2054/4768 | loss 3.666821 | lr:0.0018 | train_time:8596.23s | step:4155.35ms
step:2055/4768 | loss 3.694958 | lr:0.0018 | train_time:8600.40s | step:4176.37ms
step:2056/4768 | loss 3.651157 | lr:0.0018 | train_time:8604.57s | step:4170.81ms
step:2057/4768 | loss 3.688878 | lr:0.0018 | train_time:8608.73s | step:4161.33ms
step:2058/4768 | loss 3.734021 | lr:0.0018 | train_time:8612.91s | step:4172.95ms
step:2059/4768 | loss 3.691422 | lr:0.0018 | train_time:8617.07s | step:4165.82ms
step:2060/4768 | loss 3.787612 | lr:0.0018 | train_time:8621.24s | step:4167.97ms
step:2061/4768 | loss 3.703077 | lr:0.0018 | train_time:8625.40s | step:4162.60ms
step:2062/4768 | loss 3.628093 | lr:0.0018 | train_time:8629.56s | step:4156.57ms
step:2063/4768 | loss 3.696334 | lr:0.0018 | train_time:8633.73s | step:4169.58ms
step:2064/4768 | loss 3.596297 | lr:0.0018 | train_time:8637.90s | step:4166.42ms
step:2065/4768 | loss 3.717947 | lr:0.0018 | train_time:8642.07s | step:4170.26ms
step:2066/4768 | loss 3.684623 | lr:0.0018 | train_time:8646.23s | step:4165.32ms
step:2067/4768 | loss 3.662418 | lr:0.0018 | train_time:8650.40s | step:4166.27ms
step:2068/4768 | loss 3.561167 | lr:0.0018 | train_time:8654.56s | step:4166.39ms
step:2069/4768 | loss 3.671581 | lr:0.0018 | train_time:8658.74s | step:4173.89ms
step:2070/4768 | loss 3.694137 | lr:0.0018 | train_time:8662.92s | step:4180.97ms
step:2071/4768 | loss 3.656729 | lr:0.0018 | train_time:8667.09s | step:4171.96ms
step:2072/4768 | loss 3.697826 | lr:0.0018 | train_time:8671.27s | step:4183.36ms
step:2073/4768 | loss 3.660496 | lr:0.0018 | train_time:8675.45s | step:4178.97ms
step:2074/4768 | loss 3.663434 | lr:0.0018 | train_time:8679.62s | step:4166.75ms
step:2075/4768 | loss 3.670140 | lr:0.0018 | train_time:8683.80s | step:4176.33ms
step:2076/4768 | loss 3.734069 | lr:0.0018 | train_time:8687.96s | step:4168.86ms
step:2077/4768 | loss 3.714290 | lr:0.0018 | train_time:8692.14s | step:4177.01ms
step:2078/4768 | loss 3.702235 | lr:0.0018 | train_time:8696.31s | step:4166.98ms
step:2079/4768 | loss 3.677425 | lr:0.0018 | train_time:8700.49s | step:4179.82ms
step:2080/4768 | loss 3.746671 | lr:0.0018 | train_time:8704.66s | step:4169.50ms
step:2081/4768 | loss 3.712550 | lr:0.0018 | train_time:8708.84s | step:4178.03ms
step:2082/4768 | loss 3.679810 | lr:0.0018 | train_time:8713.01s | step:4171.28ms
step:2083/4768 | loss 3.735030 | lr:0.0018 | train_time:8717.18s | step:4172.74ms
step:2084/4768 | loss 3.665116 | lr:0.0018 | train_time:8721.36s | step:4181.56ms
step:2085/4768 | loss 3.610193 | lr:0.0018 | train_time:8725.53s | step:4168.53ms
step:2086/4768 | loss 3.668004 | lr:0.0018 | train_time:8729.70s | step:4168.24ms
step:2087/4768 | loss 3.732081 | lr:0.0018 | train_time:8733.87s | step:4172.12ms
step:2088/4768 | loss 3.677069 | lr:0.0018 | train_time:8738.04s | step:4167.26ms
step:2089/4768 | loss 3.661404 | lr:0.0018 | train_time:8742.22s | step:4180.39ms
step:2090/4768 | loss 3.626087 | lr:0.0018 | train_time:8746.41s | step:4189.11ms
step:2091/4768 | loss 3.635265 | lr:0.0018 | train_time:8750.58s | step:4177.20ms
step:2092/4768 | loss 3.683645 | lr:0.0018 | train_time:8754.77s | step:4190.08ms
step:2093/4768 | loss 3.654585 | lr:0.0018 | train_time:8758.95s | step:4171.82ms
step:2094/4768 | loss 3.674134 | lr:0.0018 | train_time:8763.12s | step:4171.59ms
step:2095/4768 | loss 3.692380 | lr:0.0018 | train_time:8767.29s | step:4176.42ms
step:2096/4768 | loss 3.643314 | lr:0.0018 | train_time:8771.48s | step:4182.63ms
step:2097/4768 | loss 3.641449 | lr:0.0018 | train_time:8775.65s | step:4172.03ms
step:2098/4768 | loss 3.612478 | lr:0.0018 | train_time:8780.29s | step:4639.16ms
step:2099/4768 | loss 3.686320 | lr:0.0018 | train_time:8784.44s | step:4156.52ms
step:2100/4768 | loss 3.683114 | lr:0.0018 | train_time:8788.62s | step:4170.46ms
step:2101/4768 | loss 3.597469 | lr:0.0018 | train_time:8792.80s | step:4182.33ms
step:2102/4768 | loss 3.767384 | lr:0.0018 | train_time:8796.98s | step:4185.47ms
step:2103/4768 | loss 3.679884 | lr:0.0018 | train_time:8801.15s | step:4169.11ms
step:2104/4768 | loss 3.664308 | lr:0.0018 | train_time:8805.33s | step:4174.54ms
step:2105/4768 | loss 3.652316 | lr:0.0018 | train_time:8809.49s | step:4167.14ms
step:2106/4768 | loss 3.645663 | lr:0.0018 | train_time:8813.69s | step:4195.77ms
step:2107/4768 | loss 3.635340 | lr:0.0018 | train_time:8817.86s | step:4172.54ms
step:2108/4768 | loss 3.777316 | lr:0.0018 | train_time:8822.05s | step:4188.71ms
step:2109/4768 | loss 3.643851 | lr:0.0018 | train_time:8826.24s | step:4186.63ms
step:2110/4768 | loss 3.661886 | lr:0.0018 | train_time:8830.41s | step:4174.44ms
step:2111/4768 | loss 3.665453 | lr:0.0018 | train_time:8834.59s | step:4176.39ms
step:2112/4768 | loss 3.675942 | lr:0.0018 | train_time:8838.76s | step:4172.04ms
step:2113/4768 | loss 3.705107 | lr:0.0018 | train_time:8842.93s | step:4173.58ms
step:2114/4768 | loss 3.620886 | lr:0.0018 | train_time:8847.12s | step:4187.32ms
step:2115/4768 | loss 3.670752 | lr:0.0018 | train_time:8851.31s | step:4191.68ms
step:2116/4768 | loss 3.712154 | lr:0.0018 | train_time:8855.48s | step:4168.04ms
step:2117/4768 | loss 3.655464 | lr:0.0018 | train_time:8859.65s | step:4170.77ms
step:2118/4768 | loss 3.675420 | lr:0.0018 | train_time:8863.83s | step:4182.45ms
step:2119/4768 | loss 3.646382 | lr:0.0018 | train_time:8868.01s | step:4177.67ms
step:2120/4768 | loss 3.616266 | lr:0.0018 | train_time:8872.21s | step:4195.03ms
step:2121/4768 | loss 3.654774 | lr:0.0018 | train_time:8876.38s | step:4172.96ms
step:2122/4768 | loss 3.670177 | lr:0.0018 | train_time:8880.56s | step:4178.40ms
step:2123/4768 | loss 3.686878 | lr:0.0018 | train_time:8884.74s | step:4177.87ms
step:2124/4768 | loss 3.722970 | lr:0.0018 | train_time:8888.92s | step:4185.60ms
step:2125/4768 | loss 3.645598 | lr:0.0018 | train_time:8893.09s | step:4171.36ms
step:2126/4768 | loss 3.724467 | lr:0.0018 | train_time:8897.26s | step:4167.42ms
step:2127/4768 | loss 3.634017 | lr:0.0018 | train_time:8901.43s | step:4170.19ms
step:2128/4768 | loss 3.637182 | lr:0.0018 | train_time:8905.61s | step:4175.17ms
step:2129/4768 | loss 3.625557 | lr:0.0018 | train_time:8909.79s | step:4180.20ms
step:2130/4768 | loss 3.636257 | lr:0.0018 | train_time:8913.97s | step:4184.60ms
step:2131/4768 | loss 3.663222 | lr:0.0018 | train_time:8918.13s | step:4162.38ms
step:2132/4768 | loss 3.689598 | lr:0.0018 | train_time:8922.31s | step:4176.46ms
step:2133/4768 | loss 3.614843 | lr:0.0018 | train_time:8926.48s | step:4168.43ms
step:2134/4768 | loss 3.703655 | lr:0.0018 | train_time:8930.66s | step:4177.22ms
step:2135/4768 | loss 3.691575 | lr:0.0018 | train_time:8934.83s | step:4178.73ms
step:2136/4768 | loss 3.621944 | lr:0.0018 | train_time:8939.00s | step:4170.17ms
step:2137/4768 | loss 3.674965 | lr:0.0018 | train_time:8943.17s | step:4164.36ms
step:2138/4768 | loss 3.676937 | lr:0.0018 | train_time:8947.35s | step:4177.22ms
step:2139/4768 | loss 3.696901 | lr:0.0018 | train_time:8951.52s | step:4170.68ms
step:2140/4768 | loss 3.654156 | lr:0.0018 | train_time:8955.69s | step:4174.83ms
step:2141/4768 | loss 3.634335 | lr:0.0018 | train_time:8959.88s | step:4186.90ms
step:2142/4768 | loss 3.705952 | lr:0.0018 | train_time:8964.06s | step:4185.37ms
step:2143/4768 | loss 3.660488 | lr:0.0018 | train_time:8968.24s | step:4172.92ms
step:2144/4768 | loss 3.612254 | lr:0.0018 | train_time:8972.41s | step:4171.96ms
step:2145/4768 | loss 3.678048 | lr:0.0018 | train_time:8976.58s | step:4170.90ms
step:2146/4768 | loss 3.633114 | lr:0.0018 | train_time:8980.74s | step:4161.60ms
step:2147/4768 | loss 3.683479 | lr:0.0018 | train_time:8984.91s | step:4170.92ms
step:2148/4768 | loss 3.801239 | lr:0.0018 | train_time:8989.08s | step:4167.11ms
step:2149/4768 | loss 3.646311 | lr:0.0018 | train_time:8993.25s | step:4173.06ms
step:2150/4768 | loss 3.644925 | lr:0.0018 | train_time:8997.43s | step:4176.17ms
step:2151/4768 | loss 3.643403 | lr:0.0018 | train_time:9001.61s | step:4180.80ms
step:2152/4768 | loss 3.624098 | lr:0.0018 | train_time:9005.78s | step:4167.87ms
step:2153/4768 | loss 3.705397 | lr:0.0018 | train_time:9009.95s | step:4176.04ms
step:2154/4768 | loss 3.683456 | lr:0.0018 | train_time:9014.12s | step:4165.55ms
step:2155/4768 | loss 3.721958 | lr:0.0018 | train_time:9018.28s | step:4162.63ms
step:2156/4768 | loss 3.694907 | lr:0.0018 | train_time:9022.45s | step:4166.83ms
step:2157/4768 | loss 3.625876 | lr:0.0018 | train_time:9026.62s | step:4169.58ms
step:2158/4768 | loss 3.730210 | lr:0.0018 | train_time:9030.79s | step:4168.42ms
step:2159/4768 | loss 3.645339 | lr:0.0018 | train_time:9034.96s | step:4178.18ms
step:2160/4768 | loss 3.763861 | lr:0.0018 | train_time:9039.13s | step:4169.42ms
step:2161/4768 | loss 3.721015 | lr:0.0018 | train_time:9043.31s | step:4173.96ms
step:2162/4768 | loss 3.704186 | lr:0.0018 | train_time:9047.48s | step:4170.16ms
step:2163/4768 | loss 3.658798 | lr:0.0018 | train_time:9051.65s | step:4174.69ms
step:2164/4768 | loss 3.637187 | lr:0.0018 | train_time:9055.83s | step:4182.77ms
step:2165/4768 | loss 3.640522 | lr:0.0018 | train_time:9060.01s | step:4176.14ms
step:2166/4768 | loss 3.641790 | lr:0.0018 | train_time:9064.18s | step:4169.74ms
step:2167/4768 | loss 3.718312 | lr:0.0018 | train_time:9068.33s | step:4151.98ms
step:2168/4768 | loss 3.716894 | lr:0.0018 | train_time:9072.51s | step:4174.61ms
step:2169/4768 | loss 3.666613 | lr:0.0018 | train_time:9076.67s | step:4161.90ms
step:2170/4768 | loss 3.611863 | lr:0.0018 | train_time:9080.84s | step:4170.48ms
step:2171/4768 | loss 3.759220 | lr:0.0018 | train_time:9085.01s | step:4170.02ms
step:2172/4768 | loss 3.671506 | lr:0.0018 | train_time:9089.19s | step:4179.20ms
step:2173/4768 | loss 3.692956 | lr:0.0018 | train_time:9093.36s | step:4169.83ms
step:2174/4768 | loss 3.694211 | lr:0.0018 | train_time:9097.53s | step:4169.57ms
step:2175/4768 | loss 3.664555 | lr:0.0018 | train_time:9101.70s | step:4171.00ms
step:2176/4768 | loss 3.671046 | lr:0.0018 | train_time:9105.88s | step:4182.73ms
step:2176/4768 | val loss 3.656543
step:2177/4768 | loss 3.722940 | lr:0.0018 | train_time:9110.06s | step:4173.07ms
step:2178/4768 | loss 3.650030 | lr:0.0018 | train_time:9114.22s | step:4160.17ms
step:2179/4768 | loss 3.690392 | lr:0.0018 | train_time:9118.38s | step:4167.26ms
step:2180/4768 | loss 3.656420 | lr:0.0018 | train_time:9122.55s | step:4170.20ms
step:2181/4768 | loss 3.690649 | lr:0.0018 | train_time:9126.72s | step:4164.67ms
step:2182/4768 | loss 3.685031 | lr:0.0018 | train_time:9130.87s | step:4153.59ms
step:2183/4768 | loss 3.644063 | lr:0.0018 | train_time:9135.04s | step:4172.62ms
step:2184/4768 | loss 3.667603 | lr:0.0018 | train_time:9139.22s | step:4172.64ms
step:2185/4768 | loss 3.693825 | lr:0.0018 | train_time:9143.39s | step:4168.78ms
step:2186/4768 | loss 3.580143 | lr:0.0018 | train_time:9147.56s | step:4172.32ms
step:2187/4768 | loss 3.664148 | lr:0.0018 | train_time:9151.74s | step:4180.24ms
step:2188/4768 | loss 3.677691 | lr:0.0018 | train_time:9155.91s | step:4176.03ms
step:2189/4768 | loss 3.676926 | lr:0.0018 | train_time:9160.08s | step:4166.75ms
step:2190/4768 | loss 3.631465 | lr:0.0018 | train_time:9164.26s | step:4176.80ms
step:2191/4768 | loss 3.635472 | lr:0.0018 | train_time:9168.41s | step:4154.15ms
step:2192/4768 | loss 3.666506 | lr:0.0018 | train_time:9172.58s | step:4165.33ms
step:2193/4768 | loss 3.702903 | lr:0.0018 | train_time:9176.74s | step:4160.67ms
step:2194/4768 | loss 3.578521 | lr:0.0018 | train_time:9180.90s | step:4161.55ms
step:2195/4768 | loss 3.627262 | lr:0.0018 | train_time:9185.07s | step:4170.17ms
step:2196/4768 | loss 3.598413 | lr:0.0018 | train_time:9189.24s | step:4170.30ms
step:2197/4768 | loss 3.633689 | lr:0.0018 | train_time:9193.41s | step:4167.12ms
step:2198/4768 | loss 3.650486 | lr:0.0018 | train_time:9197.57s | step:4162.53ms
step:2199/4768 | loss 3.635059 | lr:0.0018 | train_time:9201.73s | step:4165.09ms
step:2200/4768 | loss 3.679236 | lr:0.0018 | train_time:9205.90s | step:4164.93ms
step:2201/4768 | loss 3.672096 | lr:0.0018 | train_time:9210.09s | step:4188.32ms
step:2202/4768 | loss 3.683277 | lr:0.0018 | train_time:9214.26s | step:4169.49ms
step:2203/4768 | loss 3.602723 | lr:0.0018 | train_time:9218.41s | step:4157.64ms
step:2204/4768 | loss 3.624378 | lr:0.0018 | train_time:9222.58s | step:4165.02ms
step:2205/4768 | loss 3.662399 | lr:0.0018 | train_time:9226.73s | step:4148.56ms
step:2206/4768 | loss 3.642854 | lr:0.0018 | train_time:9230.89s | step:4163.14ms
step:2207/4768 | loss 3.634916 | lr:0.0018 | train_time:9235.05s | step:4159.67ms
step:2208/4768 | loss 3.661154 | lr:0.0018 | train_time:9239.22s | step:4170.93ms
step:2209/4768 | loss 3.615851 | lr:0.0018 | train_time:9243.40s | step:4180.35ms
step:2210/4768 | loss 3.923326 | lr:0.0018 | train_time:9247.56s | step:4156.90ms
step:2211/4768 | loss 3.663192 | lr:0.0018 | train_time:9251.72s | step:4156.78ms
step:2212/4768 | loss 3.624671 | lr:0.0018 | train_time:9255.87s | step:4156.71ms
step:2213/4768 | loss 3.681775 | lr:0.0018 | train_time:9260.04s | step:4166.50ms
step:2214/4768 | loss 3.684474 | lr:0.0018 | train_time:9264.19s | step:4155.84ms
step:2215/4768 | loss 3.708315 | lr:0.0018 | train_time:9268.36s | step:4168.76ms
step:2216/4768 | loss 3.705896 | lr:0.0018 | train_time:9272.54s | step:4174.53ms
step:2217/4768 | loss 3.613136 | lr:0.0018 | train_time:9276.70s | step:4164.43ms
step:2218/4768 | loss 3.643936 | lr:0.0018 | train_time:9280.85s | step:4146.02ms
step:2219/4768 | loss 3.620645 | lr:0.0018 | train_time:9285.01s | step:4157.71ms
step:2220/4768 | loss 3.680271 | lr:0.0018 | train_time:9289.17s | step:4163.29ms
step:2221/4768 | loss 3.598713 | lr:0.0018 | train_time:9293.34s | step:4166.45ms
step:2222/4768 | loss 3.663372 | lr:0.0018 | train_time:9297.50s | step:4161.73ms
step:2223/4768 | loss 3.676795 | lr:0.0018 | train_time:9301.67s | step:4167.13ms
step:2224/4768 | loss 3.687249 | lr:0.0018 | train_time:9305.82s | step:4153.17ms
step:2225/4768 | loss 3.670134 | lr:0.0018 | train_time:9309.97s | step:4150.74ms
step:2226/4768 | loss 3.606597 | lr:0.0018 | train_time:9314.13s | step:4157.03ms
step:2227/4768 | loss 3.704926 | lr:0.0018 | train_time:9318.28s | step:4151.76ms
step:2228/4768 | loss 3.646930 | lr:0.0018 | train_time:9322.43s | step:4156.25ms
step:2229/4768 | loss 3.723372 | lr:0.0018 | train_time:9326.59s | step:4160.65ms
step:2230/4768 | loss 3.632356 | lr:0.0018 | train_time:9330.76s | step:4165.35ms
step:2231/4768 | loss 3.673288 | lr:0.0018 | train_time:9334.91s | step:4153.62ms
step:2232/4768 | loss 3.730142 | lr:0.0018 | train_time:9339.08s | step:4163.71ms
step:2233/4768 | loss 3.653309 | lr:0.0018 | train_time:9343.24s | step:4158.48ms
step:2234/4768 | loss 3.667457 | lr:0.0018 | train_time:9347.39s | step:4151.44ms
step:2235/4768 | loss 3.659425 | lr:0.0018 | train_time:9351.55s | step:4163.33ms
step:2236/4768 | loss 3.666138 | lr:0.0018 | train_time:9355.70s | step:4148.89ms
step:2237/4768 | loss 3.651638 | lr:0.0018 | train_time:9359.86s | step:4155.75ms
step:2238/4768 | loss 3.686359 | lr:0.0018 | train_time:9364.02s | step:4161.54ms
step:2239/4768 | loss 3.667379 | lr:0.0018 | train_time:9368.18s | step:4159.21ms
step:2240/4768 | loss 3.619412 | lr:0.0018 | train_time:9372.33s | step:4157.70ms
step:2241/4768 | loss 3.637333 | lr:0.0018 | train_time:9376.49s | step:4155.19ms
step:2242/4768 | loss 3.646299 | lr:0.0018 | train_time:9380.64s | step:4151.05ms
step:2243/4768 | loss 3.593664 | lr:0.0018 | train_time:9384.80s | step:4157.13ms
step:2244/4768 | loss 3.797021 | lr:0.0018 | train_time:9388.94s | step:4141.34ms
step:2245/4768 | loss 3.641153 | lr:0.0018 | train_time:9393.09s | step:4154.83ms
step:2246/4768 | loss 3.654523 | lr:0.0018 | train_time:9397.24s | step:4151.50ms
step:2247/4768 | loss 3.606646 | lr:0.0018 | train_time:9401.40s | step:4155.16ms
step:2248/4768 | loss 3.605766 | lr:0.0018 | train_time:9405.56s | step:4159.89ms
step:2249/4768 | loss 3.665045 | lr:0.0018 | train_time:9409.71s | step:4153.75ms
step:2250/4768 | loss 3.640736 | lr:0.0018 | train_time:9413.87s | step:4156.83ms
step:2251/4768 | loss 3.662597 | lr:0.0018 | train_time:9418.03s | step:4156.43ms
step:2252/4768 | loss 3.628405 | lr:0.0018 | train_time:9422.18s | step:4156.01ms
step:2253/4768 | loss 3.588740 | lr:0.0018 | train_time:9426.34s | step:4157.00ms
step:2254/4768 | loss 3.662687 | lr:0.0018 | train_time:9430.50s | step:4163.05ms
step:2255/4768 | loss 3.628859 | lr:0.0018 | train_time:9434.65s | step:4145.66ms
step:2256/4768 | loss 3.641620 | lr:0.0018 | train_time:9438.79s | step:4142.68ms
step:2257/4768 | loss 3.661025 | lr:0.0018 | train_time:9442.95s | step:4161.32ms
step:2258/4768 | loss 3.630279 | lr:0.0018 | train_time:9447.12s | step:4165.52ms
step:2259/4768 | loss 3.599283 | lr:0.0018 | train_time:9451.27s | step:4156.68ms
step:2260/4768 | loss 3.720426 | lr:0.0018 | train_time:9455.44s | step:4160.96ms
step:2261/4768 | loss 3.588561 | lr:0.0018 | train_time:9459.58s | step:4148.18ms
step:2262/4768 | loss 3.618320 | lr:0.0018 | train_time:9463.74s | step:4156.96ms
step:2263/4768 | loss 3.752618 | lr:0.0018 | train_time:9467.90s | step:4158.12ms
step:2264/4768 | loss 3.650878 | lr:0.0018 | train_time:9472.05s | step:4152.23ms
step:2265/4768 | loss 3.837445 | lr:0.0018 | train_time:9476.22s | step:4170.12ms
step:2266/4768 | loss 3.628005 | lr:0.0018 | train_time:9480.38s | step:4159.03ms
step:2267/4768 | loss 3.621660 | lr:0.0018 | train_time:9484.54s | step:4156.14ms
step:2268/4768 | loss 3.646498 | lr:0.0018 | train_time:9488.69s | step:4149.25ms
step:2269/4768 | loss 3.676508 | lr:0.0018 | train_time:9492.84s | step:4156.09ms
step:2270/4768 | loss 3.617204 | lr:0.0018 | train_time:9496.99s | step:4144.29ms
step:2271/4768 | loss 3.630562 | lr:0.0018 | train_time:9501.15s | step:4163.17ms
step:2272/4768 | loss 3.666955 | lr:0.0018 | train_time:9505.30s | step:4151.39ms
step:2273/4768 | loss 3.627350 | lr:0.0018 | train_time:9509.46s | step:4156.20ms
step:2274/4768 | loss 3.638797 | lr:0.0018 | train_time:9513.61s | step:4148.89ms
step:2275/4768 | loss 3.625285 | lr:0.0018 | train_time:9517.76s | step:4157.02ms
step:2276/4768 | loss 3.607226 | lr:0.0018 | train_time:9521.92s | step:4155.77ms
step:2277/4768 | loss 3.639061 | lr:0.0018 | train_time:9526.08s | step:4162.19ms
step:2278/4768 | loss 3.646687 | lr:0.0018 | train_time:9530.22s | step:4142.80ms
step:2279/4768 | loss 3.665906 | lr:0.0018 | train_time:9534.37s | step:4151.42ms
step:2280/4768 | loss 3.633054 | lr:0.0018 | train_time:9538.52s | step:4146.87ms
step:2281/4768 | loss 3.581621 | lr:0.0018 | train_time:9542.67s | step:4144.12ms
step:2282/4768 | loss 3.648775 | lr:0.0018 | train_time:9546.83s | step:4163.37ms
step:2283/4768 | loss 3.637550 | lr:0.0018 | train_time:9550.99s | step:4160.02ms
step:2284/4768 | loss 3.599318 | lr:0.0018 | train_time:9555.14s | step:4151.71ms
step:2285/4768 | loss 3.603693 | lr:0.0018 | train_time:9559.31s | step:4164.15ms
step:2286/4768 | loss 3.641938 | lr:0.0018 | train_time:9563.48s | step:4177.27ms
step:2287/4768 | loss 3.691320 | lr:0.0018 | train_time:9567.63s | step:4151.42ms
step:2288/4768 | loss 3.609365 | lr:0.0018 | train_time:9571.79s | step:4154.91ms
step:2289/4768 | loss 3.679081 | lr:0.0018 | train_time:9576.27s | step:4478.30ms
step:2290/4768 | loss 3.646476 | lr:0.0018 | train_time:9580.41s | step:4146.51ms
step:2291/4768 | loss 3.629044 | lr:0.0018 | train_time:9584.57s | step:4160.18ms
step:2292/4768 | loss 3.625028 | lr:0.0018 | train_time:9588.73s | step:4152.57ms
step:2293/4768 | loss 3.713319 | lr:0.0018 | train_time:9592.88s | step:4155.17ms
step:2294/4768 | loss 3.617653 | lr:0.0018 | train_time:9597.03s | step:4152.67ms
step:2295/4768 | loss 3.652813 | lr:0.0018 | train_time:9601.20s | step:4161.24ms
step:2296/4768 | loss 3.727812 | lr:0.0018 | train_time:9605.35s | step:4152.74ms
step:2297/4768 | loss 3.656171 | lr:0.0018 | train_time:9609.50s | step:4155.92ms
step:2298/4768 | loss 3.591517 | lr:0.0018 | train_time:9613.65s | step:4145.14ms
step:2299/4768 | loss 3.675332 | lr:0.0018 | train_time:9617.80s | step:4153.04ms
step:2300/4768 | loss 3.623353 | lr:0.0018 | train_time:9621.97s | step:4163.33ms
step:2301/4768 | loss 3.637432 | lr:0.0018 | train_time:9626.12s | step:4151.85ms
step:2302/4768 | loss 3.623169 | lr:0.0018 | train_time:9630.27s | step:4153.79ms
step:2303/4768 | loss 3.640120 | lr:0.0018 | train_time:9634.43s | step:4158.73ms
step:2304/4768 | loss 3.677523 | lr:0.0018 | train_time:9638.59s | step:4163.18ms
step:2304/4768 | val loss 3.642642
step:2305/4768 | loss 3.663692 | lr:0.0018 | train_time:9642.75s | step:4153.37ms
step:2306/4768 | loss 3.644174 | lr:0.0018 | train_time:9646.88s | step:4134.95ms
step:2307/4768 | loss 3.663098 | lr:0.0018 | train_time:9651.02s | step:4141.29ms
step:2308/4768 | loss 3.679487 | lr:0.0018 | train_time:9655.16s | step:4140.31ms
step:2309/4768 | loss 3.622449 | lr:0.0018 | train_time:9659.32s | step:4155.55ms
step:2310/4768 | loss 3.627958 | lr:0.0018 | train_time:9663.48s | step:4156.85ms
step:2311/4768 | loss 3.630393 | lr:0.0018 | train_time:9667.62s | step:4147.19ms
step:2312/4768 | loss 3.596695 | lr:0.0018 | train_time:9671.77s | step:4149.12ms
step:2313/4768 | loss 3.623553 | lr:0.0018 | train_time:9675.92s | step:4146.80ms
step:2314/4768 | loss 3.645390 | lr:0.0018 | train_time:9680.07s | step:4147.33ms
step:2315/4768 | loss 3.577024 | lr:0.0018 | train_time:9684.22s | step:4152.14ms
step:2316/4768 | loss 3.680614 | lr:0.0018 | train_time:9688.37s | step:4149.60ms
step:2317/4768 | loss 3.708682 | lr:0.0018 | train_time:9692.52s | step:4152.09ms
step:2318/4768 | loss 3.612667 | lr:0.0018 | train_time:9696.67s | step:4146.85ms
step:2319/4768 | loss 3.605720 | lr:0.0018 | train_time:9700.81s | step:4144.58ms
step:2320/4768 | loss 3.643260 | lr:0.0018 | train_time:9704.97s | step:4154.49ms
step:2321/4768 | loss 3.656507 | lr:0.0018 | train_time:9709.12s | step:4152.38ms
step:2322/4768 | loss 3.594499 | lr:0.0018 | train_time:9713.29s | step:4174.41ms
step:2323/4768 | loss 3.654119 | lr:0.0018 | train_time:9717.45s | step:4152.74ms
step:2324/4768 | loss 3.619986 | lr:0.0018 | train_time:9721.59s | step:4147.47ms
step:2325/4768 | loss 3.654088 | lr:0.0018 | train_time:9725.75s | step:4153.99ms
step:2326/4768 | loss 3.587416 | lr:0.0018 | train_time:9729.90s | step:4156.80ms
step:2327/4768 | loss 3.588770 | lr:0.0018 | train_time:9734.05s | step:4148.96ms
step:2328/4768 | loss 3.765863 | lr:0.0018 | train_time:9738.21s | step:4162.10ms
step:2329/4768 | loss 3.643491 | lr:0.0018 | train_time:9742.38s | step:4167.99ms
step:2330/4768 | loss 3.658553 | lr:0.0018 | train_time:9746.54s | step:4155.08ms
step:2331/4768 | loss 3.689018 | lr:0.0018 | train_time:9750.69s | step:4155.60ms
step:2332/4768 | loss 3.596593 | lr:0.0018 | train_time:9754.86s | step:4170.06ms
step:2333/4768 | loss 3.611510 | lr:0.0018 | train_time:9759.01s | step:4150.37ms
step:2334/4768 | loss 3.608062 | lr:0.0018 | train_time:9763.16s | step:4146.88ms
step:2335/4768 | loss 3.600899 | lr:0.0018 | train_time:9767.31s | step:4146.53ms
step:2336/4768 | loss 3.625515 | lr:0.0018 | train_time:9771.47s | step:4160.04ms
step:2337/4768 | loss 3.765327 | lr:0.0018 | train_time:9775.63s | step:4166.19ms
step:2338/4768 | loss 3.671574 | lr:0.0018 | train_time:9779.78s | step:4150.26ms
step:2339/4768 | loss 3.643050 | lr:0.0018 | train_time:9783.93s | step:4146.23ms
step:2340/4768 | loss 3.659425 | lr:0.0018 | train_time:9788.09s | step:4157.49ms
step:2341/4768 | loss 3.645060 | lr:0.0018 | train_time:9792.24s | step:4156.19ms
step:2342/4768 | loss 3.712581 | lr:0.0018 | train_time:9796.40s | step:4154.71ms
step:2343/4768 | loss 3.604385 | lr:0.0018 | train_time:9800.57s | step:4171.36ms
step:2344/4768 | loss 3.641329 | lr:0.0018 | train_time:9804.72s | step:4153.15ms
step:2345/4768 | loss 3.677701 | lr:0.0018 | train_time:9808.87s | step:4149.78ms
step:2346/4768 | loss 3.626595 | lr:0.0018 | train_time:9813.02s | step:4152.68ms
step:2347/4768 | loss 3.642096 | lr:0.0018 | train_time:9817.18s | step:4150.40ms
step:2348/4768 | loss 3.649265 | lr:0.0018 | train_time:9821.33s | step:4151.02ms
step:2349/4768 | loss 3.626337 | lr:0.0018 | train_time:9825.48s | step:4151.95ms
step:2350/4768 | loss 3.606212 | lr:0.0018 | train_time:9829.64s | step:4165.59ms
step:2351/4768 | loss 3.645824 | lr:0.0018 | train_time:9833.79s | step:4144.43ms
step:2352/4768 | loss 3.658762 | lr:0.0018 | train_time:9837.94s | step:4150.17ms
step:2353/4768 | loss 3.636388 | lr:0.0018 | train_time:9842.09s | step:4152.70ms
step:2354/4768 | loss 3.598259 | lr:0.0018 | train_time:9846.24s | step:4152.58ms
step:2355/4768 | loss 3.684477 | lr:0.0018 | train_time:9850.40s | step:4153.84ms
step:2356/4768 | loss 3.733873 | lr:0.0018 | train_time:9854.55s | step:4151.91ms
step:2357/4768 | loss 3.661881 | lr:0.0018 | train_time:9858.70s | step:4153.34ms
step:2358/4768 | loss 3.620438 | lr:0.0018 | train_time:9862.87s | step:4165.35ms
step:2359/4768 | loss 3.612686 | lr:0.0018 | train_time:9867.02s | step:4147.70ms
step:2360/4768 | loss 3.640394 | lr:0.0018 | train_time:9871.16s | step:4148.53ms
step:2361/4768 | loss 3.626080 | lr:0.0018 | train_time:9875.32s | step:4152.56ms
step:2362/4768 | loss 3.665842 | lr:0.0018 | train_time:9879.47s | step:4149.95ms
step:2363/4768 | loss 3.653719 | lr:0.0018 | train_time:9883.61s | step:4141.31ms
step:2364/4768 | loss 3.579349 | lr:0.0018 | train_time:9887.76s | step:4154.07ms
step:2365/4768 | loss 3.725202 | lr:0.0018 | train_time:9891.91s | step:4145.73ms
step:2366/4768 | loss 3.647732 | lr:0.0018 | train_time:9896.06s | step:4153.95ms
step:2367/4768 | loss 3.628624 | lr:0.0018 | train_time:9900.21s | step:4145.77ms
step:2368/4768 | loss 3.636137 | lr:0.0018 | train_time:9904.35s | step:4143.91ms
step:2369/4768 | loss 3.654565 | lr:0.0018 | train_time:9908.50s | step:4148.29ms
step:2370/4768 | loss 3.666201 | lr:0.0018 | train_time:9912.66s | step:4156.36ms
step:2371/4768 | loss 3.657460 | lr:0.0018 | train_time:9916.80s | step:4147.25ms
step:2372/4768 | loss 3.653693 | lr:0.0018 | train_time:9920.95s | step:4149.11ms
step:2373/4768 | loss 3.602569 | lr:0.0018 | train_time:9925.10s | step:4144.51ms
step:2374/4768 | loss 3.716623 | lr:0.0018 | train_time:9929.25s | step:4153.68ms
step:2375/4768 | loss 3.612131 | lr:0.0018 | train_time:9933.39s | step:4142.34ms
step:2376/4768 | loss 3.732324 | lr:0.0018 | train_time:9937.55s | step:4159.61ms
step:2377/4768 | loss 3.661562 | lr:0.0018 | train_time:9941.70s | step:4146.72ms
step:2378/4768 | loss 3.592931 | lr:0.0018 | train_time:9945.84s | step:4142.61ms
step:2379/4768 | loss 3.637199 | lr:0.0018 | train_time:9949.99s | step:4143.69ms
step:2380/4768 | loss 3.666054 | lr:0.0018 | train_time:9954.14s | step:4158.12ms
step:2381/4768 | loss 3.680335 | lr:0.0018 | train_time:9958.29s | step:4148.75ms
step:2382/4768 | loss 3.660527 | lr:0.0018 | train_time:9962.44s | step:4146.07ms
step:2383/4768 | loss 3.736138 | lr:0.0018 | train_time:9966.58s | step:4142.77ms
step:2384/4768 | loss 3.631495 | lr:0.0018 | train_time:9970.74s | step:4158.96ms
step:2385/4768 | loss 3.614116 | lr:0.0018 | train_time:9974.89s | step:4147.68ms
step:2386/4768 | loss 3.612354 | lr:0.0018 | train_time:9979.04s | step:4154.71ms
step:2387/4768 | loss 3.642689 | lr:0.0018 | train_time:9983.20s | step:4158.15ms
step:2388/4768 | loss 3.617141 | lr:0.0018 | train_time:9987.35s | step:4152.81ms
step:2389/4768 | loss 3.657101 | lr:0.0018 | train_time:9991.51s | step:4151.13ms
step:2390/4768 | loss 3.630852 | lr:0.0018 | train_time:9995.65s | step:4149.23ms
step:2391/4768 | loss 3.648294 | lr:0.0018 | train_time:9999.81s | step:4155.47ms
step:2392/4768 | loss 3.635359 | lr:0.0018 | train_time:10003.96s | step:4154.60ms
step:2393/4768 | loss 3.649515 | lr:0.0018 | train_time:10008.11s | step:4150.44ms
step:2394/4768 | loss 3.653204 | lr:0.0018 | train_time:10012.28s | step:4160.70ms
step:2395/4768 | loss 3.634833 | lr:0.0018 | train_time:10016.43s | step:4150.16ms
step:2396/4768 | loss 3.632845 | lr:0.0018 | train_time:10020.58s | step:4155.67ms
step:2397/4768 | loss 3.644954 | lr:0.0018 | train_time:10024.74s | step:4160.82ms
step:2398/4768 | loss 3.628648 | lr:0.0018 | train_time:10028.88s | step:4138.98ms
step:2399/4768 | loss 3.642267 | lr:0.0018 | train_time:10033.03s | step:4147.08ms
step:2400/4768 | loss 3.657238 | lr:0.0018 | train_time:10037.18s | step:4154.38ms
step:2401/4768 | loss 3.592015 | lr:0.0018 | train_time:10041.34s | step:4155.70ms
step:2402/4768 | loss 3.670148 | lr:0.0018 | train_time:10045.49s | step:4150.45ms
step:2403/4768 | loss 3.649821 | lr:0.0018 | train_time:10049.64s | step:4149.48ms
step:2404/4768 | loss 3.615014 | lr:0.0018 | train_time:10053.79s | step:4153.24ms
step:2405/4768 | loss 3.635289 | lr:0.0018 | train_time:10057.94s | step:4149.75ms
step:2406/4768 | loss 3.630832 | lr:0.0018 | train_time:10062.10s | step:4154.95ms
step:2407/4768 | loss 3.621705 | lr:0.0018 | train_time:10066.24s | step:4145.86ms
step:2408/4768 | loss 3.612549 | lr:0.0018 | train_time:10070.39s | step:4149.79ms
step:2409/4768 | loss 3.601138 | lr:0.0018 | train_time:10074.55s | step:4159.06ms
step:2410/4768 | loss 3.587015 | lr:0.0018 | train_time:10078.69s | step:4138.64ms
step:2411/4768 | loss 3.664882 | lr:0.0018 | train_time:10082.83s | step:4138.51ms
step:2412/4768 | loss 3.670370 | lr:0.0018 | train_time:10086.98s | step:4150.75ms
step:2413/4768 | loss 3.708282 | lr:0.0018 | train_time:10091.13s | step:4147.41ms
step:2414/4768 | loss 3.613735 | lr:0.0018 | train_time:10095.28s | step:4150.35ms
step:2415/4768 | loss 3.735684 | lr:0.0018 | train_time:10099.42s | step:4142.25ms
step:2416/4768 | loss 3.597404 | lr:0.0018 | train_time:10103.57s | step:4152.91ms
step:2417/4768 | loss 3.640920 | lr:0.0018 | train_time:10107.73s | step:4156.18ms
step:2418/4768 | loss 3.639380 | lr:0.0018 | train_time:10111.89s | step:4158.63ms
step:2419/4768 | loss 3.680983 | lr:0.0018 | train_time:10116.04s | step:4155.88ms
step:2420/4768 | loss 3.604616 | lr:0.0018 | train_time:10120.19s | step:4150.06ms
step:2421/4768 | loss 3.634909 | lr:0.0018 | train_time:10124.34s | step:4148.06ms
step:2422/4768 | loss 3.635461 | lr:0.0018 | train_time:10128.49s | step:4152.77ms
step:2423/4768 | loss 3.710788 | lr:0.0018 | train_time:10132.63s | step:4137.11ms
step:2424/4768 | loss 3.656000 | lr:0.0018 | train_time:10136.78s | step:4153.95ms
step:2425/4768 | loss 3.584710 | lr:0.0018 | train_time:10140.93s | step:4147.16ms
step:2426/4768 | loss 3.675957 | lr:0.0018 | train_time:10145.08s | step:4145.72ms
step:2427/4768 | loss 3.669992 | lr:0.0018 | train_time:10149.23s | step:4148.82ms
step:2428/4768 | loss 3.607450 | lr:0.0018 | train_time:10153.37s | step:4145.53ms
step:2429/4768 | loss 3.640605 | lr:0.0018 | train_time:10157.53s | step:4157.45ms
step:2430/4768 | loss 3.759922 | lr:0.0018 | train_time:10161.68s | step:4149.75ms
step:2431/4768 | loss 3.706577 | lr:0.0018 | train_time:10165.83s | step:4151.57ms
step:2432/4768 | loss 3.681895 | lr:0.0018 | train_time:10169.98s | step:4148.72ms
step:2432/4768 | val loss 3.632799
step:2433/4768 | loss 3.663831 | lr:0.0018 | train_time:10174.13s | step:4149.04ms
step:2434/4768 | loss 3.591956 | lr:0.0018 | train_time:10178.26s | step:4132.82ms
step:2435/4768 | loss 3.545498 | lr:0.0018 | train_time:10182.40s | step:4139.62ms
step:2436/4768 | loss 3.712850 | lr:0.0018 | train_time:10186.54s | step:4137.70ms
step:2437/4768 | loss 3.623524 | lr:0.0018 | train_time:10190.69s | step:4150.96ms
step:2438/4768 | loss 3.593901 | lr:0.0018 | train_time:10194.83s | step:4140.83ms
step:2439/4768 | loss 3.666728 | lr:0.0018 | train_time:10198.97s | step:4140.71ms
step:2440/4768 | loss 3.716918 | lr:0.0018 | train_time:10203.12s | step:4150.23ms
step:2441/4768 | loss 3.624585 | lr:0.0018 | train_time:10207.27s | step:4145.75ms
step:2442/4768 | loss 3.655969 | lr:0.0018 | train_time:10211.41s | step:4144.35ms
step:2443/4768 | loss 3.651845 | lr:0.0018 | train_time:10215.55s | step:4142.59ms
step:2444/4768 | loss 3.602358 | lr:0.0018 | train_time:10219.69s | step:4139.95ms
step:2445/4768 | loss 3.646641 | lr:0.0018 | train_time:10223.85s | step:4157.26ms
step:2446/4768 | loss 3.641868 | lr:0.0018 | train_time:10227.99s | step:4138.73ms
step:2447/4768 | loss 3.612550 | lr:0.0018 | train_time:10232.14s | step:4151.97ms
step:2448/4768 | loss 3.586615 | lr:0.0018 | train_time:10236.28s | step:4142.72ms
step:2449/4768 | loss 3.641420 | lr:0.0018 | train_time:10240.43s | step:4146.56ms
step:2450/4768 | loss 3.619876 | lr:0.0018 | train_time:10244.57s | step:4138.02ms
step:2451/4768 | loss 3.652365 | lr:0.0018 | train_time:10248.72s | step:4152.16ms
step:2452/4768 | loss 3.579554 | lr:0.0018 | train_time:10252.88s | step:4154.41ms
step:2453/4768 | loss 3.625770 | lr:0.0018 | train_time:10257.02s | step:4147.98ms
step:2454/4768 | loss 3.654623 | lr:0.0018 | train_time:10261.17s | step:4149.39ms
step:2455/4768 | loss 3.620692 | lr:0.0018 | train_time:10265.31s | step:4139.01ms
step:2456/4768 | loss 3.631660 | lr:0.0018 | train_time:10269.48s | step:4167.51ms
step:2457/4768 | loss 3.680221 | lr:0.0018 | train_time:10273.63s | step:4155.21ms
step:2458/4768 | loss 3.642996 | lr:0.0018 | train_time:10277.79s | step:4153.95ms
step:2459/4768 | loss 3.658244 | lr:0.0018 | train_time:10281.93s | step:4143.71ms
step:2460/4768 | loss 3.624857 | lr:0.0018 | train_time:10286.08s | step:4150.20ms
step:2461/4768 | loss 3.700670 | lr:0.0018 | train_time:10290.22s | step:4138.99ms
step:2462/4768 | loss 3.615861 | lr:0.0018 | train_time:10294.36s | step:4138.69ms
step:2463/4768 | loss 3.681749 | lr:0.0018 | train_time:10298.51s | step:4147.78ms
step:2464/4768 | loss 3.672922 | lr:0.0018 | train_time:10302.66s | step:4147.20ms
step:2465/4768 | loss 3.565421 | lr:0.0018 | train_time:10306.80s | step:4147.06ms
step:2466/4768 | loss 3.634784 | lr:0.0018 | train_time:10310.96s | step:4155.89ms
step:2467/4768 | loss 3.925720 | lr:0.0018 | train_time:10315.10s | step:4138.14ms
step:2468/4768 | loss 3.685100 | lr:0.0018 | train_time:10319.24s | step:4147.82ms
step:2469/4768 | loss 3.623146 | lr:0.0018 | train_time:10323.39s | step:4143.22ms
step:2470/4768 | loss 3.652511 | lr:0.0018 | train_time:10327.53s | step:4146.23ms
step:2471/4768 | loss 3.698005 | lr:0.0018 | train_time:10331.68s | step:4144.76ms
step:2472/4768 | loss 3.695860 | lr:0.0018 | train_time:10335.82s | step:4139.12ms
step:2473/4768 | loss 3.786819 | lr:0.0018 | train_time:10339.97s | step:4147.72ms
step:2474/4768 | loss 3.591415 | lr:0.0018 | train_time:10344.11s | step:4140.83ms
step:2475/4768 | loss 3.629475 | lr:0.0018 | train_time:10348.24s | step:4136.13ms
step:2476/4768 | loss 3.615479 | lr:0.0018 | train_time:10352.39s | step:4146.16ms
step:2477/4768 | loss 3.697809 | lr:0.0018 | train_time:10356.54s | step:4147.89ms
step:2478/4768 | loss 3.680944 | lr:0.0018 | train_time:10360.67s | step:4135.11ms
step:2479/4768 | loss 3.656469 | lr:0.0018 | train_time:10364.81s | step:4138.98ms
step:2480/4768 | loss 3.588557 | lr:0.0018 | train_time:10369.39s | step:4579.77ms
step:2481/4768 | loss 3.624708 | lr:0.0018 | train_time:10373.53s | step:4139.06ms
step:2482/4768 | loss 3.825923 | lr:0.0018 | train_time:10377.67s | step:4139.32ms
step:2483/4768 | loss 3.676216 | lr:0.0018 | train_time:10381.80s | step:4136.55ms
step:2484/4768 | loss 3.626612 | lr:0.0018 | train_time:10385.95s | step:4145.82ms
step:2485/4768 | loss 3.665200 | lr:0.0018 | train_time:10390.10s | step:4146.62ms
step:2486/4768 | loss 3.633837 | lr:0.0018 | train_time:10394.23s | step:4133.67ms
step:2487/4768 | loss 3.613151 | lr:0.0018 | train_time:10398.36s | step:4129.92ms
step:2488/4768 | loss 3.645721 | lr:0.0018 | train_time:10402.49s | step:4129.24ms
step:2489/4768 | loss 3.657285 | lr:0.0018 | train_time:10406.63s | step:4142.19ms
step:2490/4768 | loss 3.626161 | lr:0.0018 | train_time:10410.77s | step:4137.18ms
step:2491/4768 | loss 3.611132 | lr:0.0018 | train_time:10414.91s | step:4139.86ms
step:2492/4768 | loss 3.654578 | lr:0.0018 | train_time:10419.05s | step:4138.52ms
step:2493/4768 | loss 3.653014 | lr:0.0018 | train_time:10423.19s | step:4141.45ms
step:2494/4768 | loss 3.708751 | lr:0.0018 | train_time:10427.33s | step:4139.02ms
step:2495/4768 | loss 3.624094 | lr:0.0018 | train_time:10431.47s | step:4137.32ms
step:2496/4768 | loss 3.687610 | lr:0.0018 | train_time:10435.61s | step:4141.62ms
step:2497/4768 | loss 3.632523 | lr:0.0018 | train_time:10439.75s | step:4138.16ms
step:2498/4768 | loss 3.625075 | lr:0.0018 | train_time:10443.88s | step:4137.83ms
step:2499/4768 | loss 3.636472 | lr:0.0018 | train_time:10448.03s | step:4145.14ms
step:2500/4768 | loss 3.658322 | lr:0.0018 | train_time:10452.17s | step:4145.18ms
step:2501/4768 | loss 3.627697 | lr:0.0018 | train_time:10456.31s | step:4138.28ms
step:2502/4768 | loss 3.652534 | lr:0.0018 | train_time:10460.45s | step:4137.78ms
step:2503/4768 | loss 3.613090 | lr:0.0018 | train_time:10464.57s | step:4122.98ms
step:2504/4768 | loss 3.626922 | lr:0.0018 | train_time:10468.71s | step:4137.52ms
step:2505/4768 | loss 3.638656 | lr:0.0018 | train_time:10472.85s | step:4144.76ms
step:2506/4768 | loss 3.620123 | lr:0.0018 | train_time:10477.01s | step:4158.89ms
step:2507/4768 | loss 3.614364 | lr:0.0018 | train_time:10481.15s | step:4141.19ms
step:2508/4768 | loss 3.634169 | lr:0.0018 | train_time:10485.30s | step:4145.66ms
step:2509/4768 | loss 3.570680 | lr:0.0018 | train_time:10489.43s | step:4132.75ms
step:2510/4768 | loss 3.604157 | lr:0.0018 | train_time:10493.57s | step:4141.53ms
step:2511/4768 | loss 3.615393 | lr:0.0018 | train_time:10497.72s | step:4140.34ms
step:2512/4768 | loss 3.607648 | lr:0.0018 | train_time:10501.86s | step:4141.40ms
step:2513/4768 | loss 3.615894 | lr:0.0018 | train_time:10505.98s | step:4128.27ms
step:2514/4768 | loss 3.678714 | lr:0.0018 | train_time:10510.12s | step:4131.94ms
step:2515/4768 | loss 3.664025 | lr:0.0018 | train_time:10514.25s | step:4134.43ms
step:2516/4768 | loss 3.643056 | lr:0.0018 | train_time:10518.39s | step:4134.94ms
step:2517/4768 | loss 3.706205 | lr:0.0018 | train_time:10522.53s | step:4140.48ms
step:2518/4768 | loss 3.733923 | lr:0.0018 | train_time:10526.66s | step:4135.51ms
step:2519/4768 | loss 3.645851 | lr:0.0018 | train_time:10530.80s | step:4136.12ms
step:2520/4768 | loss 3.680152 | lr:0.0018 | train_time:10534.94s | step:4138.69ms
step:2521/4768 | loss 3.659925 | lr:0.0018 | train_time:10539.09s | step:4154.04ms
step:2522/4768 | loss 3.660460 | lr:0.0018 | train_time:10543.23s | step:4140.81ms
step:2523/4768 | loss 3.634331 | lr:0.0018 | train_time:10547.37s | step:4139.01ms
step:2524/4768 | loss 3.633414 | lr:0.0018 | train_time:10551.52s | step:4145.41ms
step:2525/4768 | loss 3.664794 | lr:0.0018 | train_time:10555.66s | step:4143.69ms
step:2526/4768 | loss 3.613168 | lr:0.0018 | train_time:10559.79s | step:4130.80ms
step:2527/4768 | loss 3.680090 | lr:0.0018 | train_time:10563.93s | step:4140.23ms
step:2528/4768 | loss 3.691982 | lr:0.0018 | train_time:10568.07s | step:4143.77ms
step:2529/4768 | loss 3.651472 | lr:0.0018 | train_time:10572.21s | step:4134.49ms
step:2530/4768 | loss 3.664127 | lr:0.0018 | train_time:10576.35s | step:4141.15ms
step:2531/4768 | loss 3.649718 | lr:0.0018 | train_time:10580.48s | step:4127.85ms
step:2532/4768 | loss 3.651104 | lr:0.0018 | train_time:10584.63s | step:4149.13ms
step:2533/4768 | loss 3.577635 | lr:0.0018 | train_time:10588.77s | step:4142.69ms
step:2534/4768 | loss 3.686647 | lr:0.0018 | train_time:10592.90s | step:4126.50ms
step:2535/4768 | loss 3.611120 | lr:0.0018 | train_time:10597.05s | step:4151.11ms
step:2536/4768 | loss 3.640451 | lr:0.0018 | train_time:10601.19s | step:4142.97ms
step:2537/4768 | loss 3.596567 | lr:0.0018 | train_time:10605.33s | step:4141.72ms
step:2538/4768 | loss 3.637874 | lr:0.0018 | train_time:10609.47s | step:4142.06ms
step:2539/4768 | loss 3.665813 | lr:0.0018 | train_time:10613.61s | step:4132.96ms
step:2540/4768 | loss 3.654994 | lr:0.0018 | train_time:10617.74s | step:4136.99ms
step:2541/4768 | loss 3.615308 | lr:0.0018 | train_time:10621.89s | step:4141.97ms
step:2542/4768 | loss 3.578007 | lr:0.0018 | train_time:10626.03s | step:4142.30ms
step:2543/4768 | loss 3.664524 | lr:0.0018 | train_time:10630.18s | step:4147.09ms
step:2544/4768 | loss 3.618674 | lr:0.0018 | train_time:10634.32s | step:4140.12ms
step:2545/4768 | loss 3.633349 | lr:0.0018 | train_time:10638.46s | step:4144.39ms
step:2546/4768 | loss 3.555197 | lr:0.0018 | train_time:10642.60s | step:4141.07ms
step:2547/4768 | loss 3.615187 | lr:0.0018 | train_time:10646.74s | step:4135.31ms
step:2548/4768 | loss 3.612943 | lr:0.0018 | train_time:10650.87s | step:4137.06ms
step:2549/4768 | loss 3.639001 | lr:0.0018 | train_time:10655.01s | step:4132.22ms
step:2550/4768 | loss 3.590724 | lr:0.0018 | train_time:10659.15s | step:4142.60ms
step:2551/4768 | loss 3.672167 | lr:0.0018 | train_time:10663.29s | step:4137.37ms
step:2552/4768 | loss 3.938212 | lr:0.0018 | train_time:10667.43s | step:4143.40ms
step:2553/4768 | loss 3.639121 | lr:0.0018 | train_time:10671.56s | step:4131.06ms
step:2554/4768 | loss 3.635058 | lr:0.0018 | train_time:10675.70s | step:4141.58ms
step:2555/4768 | loss 3.775075 | lr:0.0018 | train_time:10679.83s | step:4132.62ms
step:2556/4768 | loss 3.616906 | lr:0.0018 | train_time:10683.96s | step:4127.17ms
step:2557/4768 | loss 3.606825 | lr:0.0018 | train_time:10688.09s | step:4130.33ms
step:2558/4768 | loss 3.657260 | lr:0.0018 | train_time:10692.24s | step:4150.67ms
step:2559/4768 | loss 3.662488 | lr:0.0018 | train_time:10696.38s | step:4135.05ms
step:2560/4768 | loss 3.623005 | lr:0.0018 | train_time:10700.52s | step:4141.15ms
saved checkpoint: runs/baseline-20260718T074451Z/full-seed-0/checkpoint.pt (next step 2560)
step:2560/4768 | val loss 3.620888
step:2561/4768 | loss 3.611102 | lr:0.0018 | train_time:10704.67s | step:4147.87ms
step:2562/4768 | loss 3.592478 | lr:0.0018 | train_time:10708.78s | step:4117.89ms
step:2563/4768 | loss 3.708091 | lr:0.0018 | train_time:10712.92s | step:4136.90ms
step:2564/4768 | loss 3.635218 | lr:0.0018 | train_time:10717.06s | step:4133.61ms
step:2565/4768 | loss 3.614321 | lr:0.0018 | train_time:10721.20s | step:4140.95ms
step:2566/4768 | loss 3.608202 | lr:0.0018 | train_time:10725.32s | step:4125.57ms
step:2567/4768 | loss 3.640010 | lr:0.0018 | train_time:10729.45s | step:4126.85ms
step:2568/4768 | loss 3.605635 | lr:0.0018 | train_time:10733.59s | step:4137.45ms
step:2569/4768 | loss 3.617746 | lr:0.0018 | train_time:10737.73s | step:4139.84ms
step:2570/4768 | loss 3.645979 | lr:0.0018 | train_time:10741.86s | step:4136.58ms
step:2571/4768 | loss 3.614037 | lr:0.0018 | train_time:10746.00s | step:4138.22ms
step:2572/4768 | loss 3.691186 | lr:0.0018 | train_time:10750.14s | step:4134.42ms
step:2573/4768 | loss 3.605303 | lr:0.0018 | train_time:10754.28s | step:4142.33ms
step:2574/4768 | loss 3.626155 | lr:0.0018 | train_time:10758.41s | step:4136.97ms
step:2575/4768 | loss 3.613415 | lr:0.0018 | train_time:10762.55s | step:4136.68ms
step:2576/4768 | loss 3.652758 | lr:0.0018 | train_time:10766.69s | step:4139.64ms
step:2577/4768 | loss 3.654416 | lr:0.0018 | train_time:10770.84s | step:4147.66ms
step:2578/4768 | loss 3.587377 | lr:0.0018 | train_time:10774.98s | step:4146.12ms
step:2579/4768 | loss 3.642816 | lr:0.0018 | train_time:10779.12s | step:4132.88ms
step:2580/4768 | loss 3.572658 | lr:0.0018 | train_time:10783.26s | step:4144.72ms
step:2581/4768 | loss 3.627977 | lr:0.0018 | train_time:10787.40s | step:4138.71ms
step:2582/4768 | loss 3.571901 | lr:0.0018 | train_time:10791.54s | step:4137.80ms
step:2583/4768 | loss 3.597024 | lr:0.0018 | train_time:10795.67s | step:4136.01ms
step:2584/4768 | loss 3.564830 | lr:0.0018 | train_time:10799.81s | step:4135.54ms
step:2585/4768 | loss 3.682034 | lr:0.0018 | train_time:10803.95s | step:4140.59ms
step:2586/4768 | loss 3.605812 | lr:0.0018 | train_time:10808.09s | step:4137.55ms
step:2587/4768 | loss 3.594596 | lr:0.0018 | train_time:10812.23s | step:4145.61ms
step:2588/4768 | loss 3.602877 | lr:0.0018 | train_time:10816.38s | step:4142.52ms
step:2589/4768 | loss 3.590334 | lr:0.0018 | train_time:10820.51s | step:4134.04ms
step:2590/4768 | loss 3.647595 | lr:0.0018 | train_time:10824.65s | step:4144.37ms
step:2591/4768 | loss 3.600413 | lr:0.0018 | train_time:10828.79s | step:4135.23ms
step:2592/4768 | loss 3.657970 | lr:0.0018 | train_time:10832.93s | step:4139.31ms
step:2593/4768 | loss 3.674823 | lr:0.0018 | train_time:10837.07s | step:4139.70ms
step:2594/4768 | loss 3.653894 | lr:0.0018 | train_time:10841.21s | step:4139.15ms
step:2595/4768 | loss 3.673402 | lr:0.0018 | train_time:10845.34s | step:4132.89ms
step:2596/4768 | loss 3.612571 | lr:0.0018 | train_time:10849.48s | step:4135.48ms
step:2597/4768 | loss 3.594553 | lr:0.0018 | train_time:10853.61s | step:4137.64ms
step:2598/4768 | loss 3.639429 | lr:0.0018 | train_time:10857.75s | step:4137.86ms
step:2599/4768 | loss 3.636939 | lr:0.0018 | train_time:10861.88s | step:4128.36ms
step:2600/4768 | loss 3.663429 | lr:0.0018 | train_time:10866.01s | step:4132.89ms
step:2601/4768 | loss 3.696728 | lr:0.0018 | train_time:10870.16s | step:4146.52ms
step:2602/4768 | loss 3.676644 | lr:0.0018 | train_time:10874.31s | step:4149.61ms
step:2603/4768 | loss 3.603920 | lr:0.0018 | train_time:10878.45s | step:4139.16ms
step:2604/4768 | loss 3.658283 | lr:0.0018 | train_time:10882.59s | step:4144.03ms
step:2605/4768 | loss 3.591786 | lr:0.0018 | train_time:10886.74s | step:4147.68ms
step:2606/4768 | loss 3.666660 | lr:0.0018 | train_time:10890.89s | step:4153.04ms
step:2607/4768 | loss 3.648965 | lr:0.0018 | train_time:10895.03s | step:4133.43ms
step:2608/4768 | loss 3.610468 | lr:0.0018 | train_time:10899.17s | step:4142.25ms
step:2609/4768 | loss 3.623345 | lr:0.0018 | train_time:10903.31s | step:4137.06ms
step:2610/4768 | loss 3.566520 | lr:0.0018 | train_time:10907.46s | step:4151.52ms
step:2611/4768 | loss 3.601028 | lr:0.0018 | train_time:10911.60s | step:4141.83ms
step:2612/4768 | loss 3.684218 | lr:0.0018 | train_time:10915.74s | step:4137.40ms
step:2613/4768 | loss 3.622431 | lr:0.0018 | train_time:10919.87s | step:4136.72ms
step:2614/4768 | loss 3.599638 | lr:0.0018 | train_time:10924.02s | step:4144.42ms
step:2615/4768 | loss 3.613759 | lr:0.0018 | train_time:10928.16s | step:4141.52ms
step:2616/4768 | loss 3.571290 | lr:0.0018 | train_time:10932.30s | step:4141.56ms
step:2617/4768 | loss 3.661335 | lr:0.0018 | train_time:10936.44s | step:4139.20ms
step:2618/4768 | loss 3.640762 | lr:0.0018 | train_time:10940.58s | step:4138.17ms
step:2619/4768 | loss 3.605100 | lr:0.0018 | train_time:10944.73s | step:4152.05ms
step:2620/4768 | loss 3.593431 | lr:0.0018 | train_time:10948.87s | step:4136.48ms
step:2621/4768 | loss 3.583839 | lr:0.0018 | train_time:10953.01s | step:4141.21ms
step:2622/4768 | loss 3.613858 | lr:0.0018 | train_time:10957.15s | step:4143.00ms
step:2623/4768 | loss 3.655884 | lr:0.0018 | train_time:10961.29s | step:4137.97ms
step:2624/4768 | loss 3.594792 | lr:0.0018 | train_time:10965.44s | step:4145.92ms
step:2625/4768 | loss 3.550448 | lr:0.0018 | train_time:10969.58s | step:4145.60ms
step:2626/4768 | loss 3.674148 | lr:0.0018 | train_time:10973.72s | step:4137.36ms
step:2627/4768 | loss 3.602011 | lr:0.0018 | train_time:10977.86s | step:4140.63ms
step:2628/4768 | loss 3.650146 | lr:0.0018 | train_time:10982.01s | step:4155.11ms
step:2629/4768 | loss 3.615850 | lr:0.0018 | train_time:10986.16s | step:4145.12ms
step:2630/4768 | loss 3.650135 | lr:0.0018 | train_time:10990.31s | step:4146.82ms
step:2631/4768 | loss 3.638806 | lr:0.0018 | train_time:10994.45s | step:4143.40ms
step:2632/4768 | loss 3.659423 | lr:0.0018 | train_time:10998.59s | step:4138.87ms
step:2633/4768 | loss 3.624137 | lr:0.0018 | train_time:11002.73s | step:4137.82ms
step:2634/4768 | loss 3.558106 | lr:0.0018 | train_time:11006.87s | step:4146.01ms
step:2635/4768 | loss 3.660251 | lr:0.0018 | train_time:11011.01s | step:4139.90ms
step:2636/4768 | loss 3.622945 | lr:0.0018 | train_time:11015.16s | step:4151.60ms
step:2637/4768 | loss 3.649675 | lr:0.0018 | train_time:11019.31s | step:4147.87ms
step:2638/4768 | loss 3.633517 | lr:0.0018 | train_time:11023.45s | step:4134.89ms
step:2639/4768 | loss 3.623163 | lr:0.0018 | train_time:11027.60s | step:4157.51ms
step:2640/4768 | loss 3.671856 | lr:0.0018 | train_time:11031.75s | step:4142.00ms
step:2641/4768 | loss 3.582131 | lr:0.0018 | train_time:11035.89s | step:4143.74ms
step:2642/4768 | loss 3.573339 | lr:0.0018 | train_time:11040.04s | step:4151.38ms
step:2643/4768 | loss 3.649370 | lr:0.0018 | train_time:11044.19s | step:4150.46ms
step:2644/4768 | loss 3.569158 | lr:0.0018 | train_time:11048.33s | step:4139.82ms
step:2645/4768 | loss 3.598933 | lr:0.0018 | train_time:11052.48s | step:4146.84ms
step:2646/4768 | loss 3.628965 | lr:0.0018 | train_time:11056.63s | step:4153.49ms
step:2647/4768 | loss 3.598780 | lr:0.0018 | train_time:11060.77s | step:4141.32ms
step:2648/4768 | loss 3.637276 | lr:0.0018 | train_time:11064.92s | step:4149.39ms
step:2649/4768 | loss 3.665531 | lr:0.0018 | train_time:11069.07s | step:4145.18ms
step:2650/4768 | loss 3.635524 | lr:0.0018 | train_time:11073.22s | step:4151.51ms
step:2651/4768 | loss 3.551820 | lr:0.0018 | train_time:11077.37s | step:4152.53ms
step:2652/4768 | loss 3.603429 | lr:0.0018 | train_time:11081.52s | step:4146.59ms
step:2653/4768 | loss 3.619928 | lr:0.0018 | train_time:11085.66s | step:4143.86ms
step:2654/4768 | loss 3.656905 | lr:0.0018 | train_time:11089.81s | step:4148.43ms
step:2655/4768 | loss 3.622899 | lr:0.0018 | train_time:11093.96s | step:4147.79ms
step:2656/4768 | loss 3.595360 | lr:0.0018 | train_time:11098.10s | step:4144.39ms
step:2657/4768 | loss 3.662363 | lr:0.0018 | train_time:11102.25s | step:4151.24ms
step:2658/4768 | loss 3.603156 | lr:0.0018 | train_time:11106.40s | step:4145.01ms
step:2659/4768 | loss 3.654492 | lr:0.0018 | train_time:11110.55s | step:4152.76ms
step:2660/4768 | loss 3.664227 | lr:0.0018 | train_time:11114.69s | step:4137.36ms
step:2661/4768 | loss 3.623360 | lr:0.0018 | train_time:11118.83s | step:4144.16ms
step:2662/4768 | loss 3.673834 | lr:0.0018 | train_time:11122.98s | step:4143.20ms
step:2663/4768 | loss 3.643282 | lr:0.0018 | train_time:11127.12s | step:4148.77ms
step:2664/4768 | loss 3.632572 | lr:0.0018 | train_time:11131.27s | step:4145.92ms
step:2665/4768 | loss 3.620626 | lr:0.0018 | train_time:11135.41s | step:4138.67ms
step:2666/4768 | loss 3.617559 | lr:0.0018 | train_time:11139.56s | step:4151.71ms
step:2667/4768 | loss 3.588174 | lr:0.0018 | train_time:11143.71s | step:4148.88ms
step:2668/4768 | loss 3.619863 | lr:0.0018 | train_time:11147.85s | step:4137.66ms
step:2669/4768 | loss 3.631988 | lr:0.0018 | train_time:11152.00s | step:4149.73ms
step:2670/4768 | loss 3.576474 | lr:0.0018 | train_time:11156.14s | step:4144.33ms
step:2671/4768 | loss 3.622668 | lr:0.0018 | train_time:11160.81s | step:4670.85ms
step:2672/4768 | loss 3.650008 | lr:0.0018 | train_time:11164.95s | step:4140.07ms
step:2673/4768 | loss 3.609197 | lr:0.0018 | train_time:11169.10s | step:4142.86ms
step:2674/4768 | loss 3.582293 | lr:0.0018 | train_time:11173.24s | step:4147.14ms
step:2675/4768 | loss 3.614300 | lr:0.0018 | train_time:11177.39s | step:4145.52ms
step:2676/4768 | loss 3.685033 | lr:0.0018 | train_time:11181.53s | step:4144.54ms
step:2677/4768 | loss 3.641997 | lr:0.0018 | train_time:11185.69s | step:4153.69ms
step:2678/4768 | loss 3.611776 | lr:0.0018 | train_time:11189.83s | step:4142.83ms
step:2679/4768 | loss 3.627776 | lr:0.0018 | train_time:11193.96s | step:4135.06ms
step:2680/4768 | loss 3.608720 | lr:0.0018 | train_time:11198.12s | step:4153.51ms
step:2681/4768 | loss 3.573242 | lr:0.0018 | train_time:11202.25s | step:4136.85ms
step:2682/4768 | loss 3.568581 | lr:0.0018 | train_time:11206.39s | step:4135.81ms
step:2683/4768 | loss 3.584828 | lr:0.0018 | train_time:11210.54s | step:4145.40ms
step:2684/4768 | loss 3.622414 | lr:0.0018 | train_time:11214.69s | step:4155.50ms
step:2685/4768 | loss 3.656599 | lr:0.0018 | train_time:11218.83s | step:4135.40ms
step:2686/4768 | loss 3.588936 | lr:0.0018 | train_time:11222.97s | step:4138.54ms
step:2687/4768 | loss 3.549891 | lr:0.0018 | train_time:11227.10s | step:4136.46ms
step:2688/4768 | loss 3.669040 | lr:0.0018 | train_time:11231.25s | step:4151.68ms
step:2688/4768 | val loss 3.615252
step:2689/4768 | loss 3.659021 | lr:0.0018 | train_time:11235.40s | step:4147.88ms
step:2690/4768 | loss 3.578363 | lr:0.0018 | train_time:11239.54s | step:4136.72ms
step:2691/4768 | loss 3.603352 | lr:0.0018 | train_time:11243.67s | step:4131.98ms
step:2692/4768 | loss 3.674725 | lr:0.0018 | train_time:11247.81s | step:4139.67ms
step:2693/4768 | loss 3.614089 | lr:0.0018 | train_time:11251.95s | step:4137.49ms
step:2694/4768 | loss 3.709706 | lr:0.0018 | train_time:11256.09s | step:4142.18ms
step:2695/4768 | loss 3.661459 | lr:0.0018 | train_time:11260.24s | step:4149.84ms
step:2696/4768 | loss 3.597431 | lr:0.0018 | train_time:11264.38s | step:4144.38ms
step:2697/4768 | loss 3.647909 | lr:0.0018 | train_time:11268.53s | step:4149.54ms
step:2698/4768 | loss 3.619444 | lr:0.0018 | train_time:11272.69s | step:4153.28ms
step:2699/4768 | loss 3.629291 | lr:0.0018 | train_time:11276.82s | step:4138.27ms
step:2700/4768 | loss 3.623771 | lr:0.0018 | train_time:11280.97s | step:4140.96ms
step:2701/4768 | loss 3.621467 | lr:0.0018 | train_time:11285.12s | step:4152.30ms
step:2702/4768 | loss 3.672887 | lr:0.0018 | train_time:11289.26s | step:4141.54ms
step:2703/4768 | loss 3.655939 | lr:0.0018 | train_time:11293.41s | step:4146.54ms
step:2704/4768 | loss 3.599368 | lr:0.0018 | train_time:11297.54s | step:4136.79ms
step:2705/4768 | loss 3.572404 | lr:0.0018 | train_time:11301.69s | step:4142.33ms
step:2706/4768 | loss 3.709232 | lr:0.0018 | train_time:11305.83s | step:4140.60ms
step:2707/4768 | loss 3.598551 | lr:0.0018 | train_time:11309.97s | step:4142.25ms
step:2708/4768 | loss 3.544126 | lr:0.0018 | train_time:11314.11s | step:4140.42ms
step:2709/4768 | loss 3.634929 | lr:0.0018 | train_time:11318.26s | step:4150.18ms
step:2710/4768 | loss 3.622020 | lr:0.0018 | train_time:11322.40s | step:4143.85ms
step:2711/4768 | loss 3.610290 | lr:0.0018 | train_time:11326.54s | step:4140.48ms
step:2712/4768 | loss 3.626635 | lr:0.0018 | train_time:11330.68s | step:4136.68ms
step:2713/4768 | loss 3.662044 | lr:0.0018 | train_time:11334.83s | step:4151.61ms
step:2714/4768 | loss 3.625896 | lr:0.0018 | train_time:11338.97s | step:4135.45ms
step:2715/4768 | loss 3.626858 | lr:0.0018 | train_time:11343.12s | step:4156.09ms
step:2716/4768 | loss 3.631615 | lr:0.0018 | train_time:11347.26s | step:4136.53ms
step:2717/4768 | loss 3.600906 | lr:0.0018 | train_time:11351.40s | step:4142.80ms
step:2718/4768 | loss 3.643212 | lr:0.0018 | train_time:11355.55s | step:4151.13ms
step:2719/4768 | loss 3.655723 | lr:0.0018 | train_time:11359.69s | step:4140.61ms
step:2720/4768 | loss 3.600637 | lr:0.0018 | train_time:11363.84s | step:4141.87ms
step:2721/4768 | loss 3.675845 | lr:0.0018 | train_time:11367.98s | step:4141.11ms
step:2722/4768 | loss 3.610798 | lr:0.0018 | train_time:11372.13s | step:4152.11ms
step:2723/4768 | loss 3.603233 | lr:0.0018 | train_time:11376.26s | step:4135.94ms
step:2724/4768 | loss 3.607056 | lr:0.0018 | train_time:11380.41s | step:4142.84ms
step:2725/4768 | loss 3.586740 | lr:0.0018 | train_time:11384.55s | step:4146.45ms
step:2726/4768 | loss 3.586028 | lr:0.0018 | train_time:11388.69s | step:4138.74ms
step:2727/4768 | loss 3.636712 | lr:0.0018 | train_time:11392.83s | step:4138.50ms
step:2728/4768 | loss 3.628577 | lr:0.0018 | train_time:11396.98s | step:4146.51ms
step:2729/4768 | loss 3.614553 | lr:0.0018 | train_time:11401.12s | step:4144.92ms
step:2730/4768 | loss 3.616623 | lr:0.0018 | train_time:11405.28s | step:4157.64ms
step:2731/4768 | loss 3.655557 | lr:0.0018 | train_time:11409.42s | step:4140.04ms
step:2732/4768 | loss 3.730304 | lr:0.0018 | train_time:11413.56s | step:4142.47ms
step:2733/4768 | loss 3.601835 | lr:0.0018 | train_time:11417.72s | step:4153.95ms
step:2734/4768 | loss 3.615901 | lr:0.0018 | train_time:11421.87s | step:4152.90ms
step:2735/4768 | loss 3.658790 | lr:0.0018 | train_time:11426.01s | step:4138.39ms
step:2736/4768 | loss 3.599790 | lr:0.0018 | train_time:11430.15s | step:4144.05ms
step:2737/4768 | loss 3.606966 | lr:0.0018 | train_time:11434.29s | step:4133.26ms
step:2738/4768 | loss 3.635628 | lr:0.0018 | train_time:11438.44s | step:4155.73ms
step:2739/4768 | loss 3.648718 | lr:0.0018 | train_time:11442.58s | step:4143.73ms
step:2740/4768 | loss 3.631995 | lr:0.0018 | train_time:11446.72s | step:4136.62ms
step:2741/4768 | loss 3.614203 | lr:0.0018 | train_time:11450.87s | step:4144.01ms
step:2742/4768 | loss 3.548925 | lr:0.0018 | train_time:11455.01s | step:4142.26ms
step:2743/4768 | loss 3.566247 | lr:0.0018 | train_time:11459.15s | step:4137.48ms
step:2744/4768 | loss 3.603910 | lr:0.0018 | train_time:11463.29s | step:4144.72ms
step:2745/4768 | loss 3.599432 | lr:0.0018 | train_time:11467.42s | step:4134.07ms
step:2746/4768 | loss 3.616460 | lr:0.0018 | train_time:11471.57s | step:4141.33ms
step:2747/4768 | loss 3.627562 | lr:0.0018 | train_time:11475.71s | step:4145.02ms
step:2748/4768 | loss 3.611011 | lr:0.0018 | train_time:11479.85s | step:4135.98ms
step:2749/4768 | loss 3.564570 | lr:0.0018 | train_time:11483.99s | step:4145.00ms
step:2750/4768 | loss 3.626878 | lr:0.0018 | train_time:11488.12s | step:4133.49ms
step:2751/4768 | loss 3.620116 | lr:0.0018 | train_time:11492.27s | step:4148.02ms
step:2752/4768 | loss 3.652927 | lr:0.0018 | train_time:11496.42s | step:4145.60ms
step:2753/4768 | loss 3.636220 | lr:0.0018 | train_time:11500.55s | step:4136.40ms
step:2754/4768 | loss 3.671020 | lr:0.0018 | train_time:11504.69s | step:4139.34ms
step:2755/4768 | loss 3.594187 | lr:0.0018 | train_time:11508.83s | step:4131.10ms
step:2756/4768 | loss 3.598574 | lr:0.0018 | train_time:11512.96s | step:4137.04ms
step:2757/4768 | loss 3.597218 | lr:0.0018 | train_time:11517.10s | step:4133.32ms
step:2758/4768 | loss 3.638558 | lr:0.0018 | train_time:11521.24s | step:4148.12ms
step:2759/4768 | loss 3.595767 | lr:0.0018 | train_time:11525.39s | step:4146.72ms
step:2760/4768 | loss 3.629410 | lr:0.0018 | train_time:11529.53s | step:4139.62ms
step:2761/4768 | loss 3.603750 | lr:0.0018 | train_time:11533.67s | step:4138.72ms
step:2762/4768 | loss 3.574676 | lr:0.0018 | train_time:11537.80s | step:4132.07ms
step:2763/4768 | loss 3.566899 | lr:0.0018 | train_time:11541.93s | step:4131.20ms
step:2764/4768 | loss 3.596006 | lr:0.0018 | train_time:11546.06s | step:4129.45ms
step:2765/4768 | loss 3.528050 | lr:0.0018 | train_time:11550.19s | step:4130.97ms
step:2766/4768 | loss 3.600316 | lr:0.0018 | train_time:11554.32s | step:4130.80ms
step:2767/4768 | loss 3.661647 | lr:0.0018 | train_time:11558.46s | step:4139.02ms
step:2768/4768 | loss 3.590065 | lr:0.0018 | train_time:11562.60s | step:4136.93ms
step:2769/4768 | loss 3.594140 | lr:0.0018 | train_time:11566.73s | step:4135.12ms
step:2770/4768 | loss 3.617879 | lr:0.0018 | train_time:11570.87s | step:4138.48ms
step:2771/4768 | loss 3.629905 | lr:0.0018 | train_time:11575.00s | step:4122.75ms
step:2772/4768 | loss 3.567140 | lr:0.0018 | train_time:11579.13s | step:4131.31ms
step:2773/4768 | loss 3.619558 | lr:0.0018 | train_time:11583.27s | step:4141.86ms
step:2774/4768 | loss 3.650324 | lr:0.0018 | train_time:11587.41s | step:4137.88ms
step:2775/4768 | loss 3.579725 | lr:0.0018 | train_time:11591.54s | step:4133.58ms
step:2776/4768 | loss 3.575629 | lr:0.0018 | train_time:11595.66s | step:4122.66ms
step:2777/4768 | loss 3.599520 | lr:0.0018 | train_time:11599.80s | step:4141.85ms
step:2778/4768 | loss 3.594993 | lr:0.0018 | train_time:11603.94s | step:4138.51ms
step:2779/4768 | loss 3.597467 | lr:0.0018 | train_time:11608.08s | step:4139.02ms
step:2780/4768 | loss 3.557759 | lr:0.0018 | train_time:11612.22s | step:4133.88ms
step:2781/4768 | loss 3.674299 | lr:0.0018 | train_time:11616.35s | step:4132.02ms
step:2782/4768 | loss 3.604419 | lr:0.0018 | train_time:11620.48s | step:4131.46ms
step:2783/4768 | loss 3.548566 | lr:0.0018 | train_time:11624.61s | step:4129.73ms
step:2784/4768 | loss 3.573437 | lr:0.0018 | train_time:11628.75s | step:4143.25ms
step:2785/4768 | loss 3.625456 | lr:0.0018 | train_time:11632.89s | step:4135.03ms
step:2786/4768 | loss 3.670533 | lr:0.0018 | train_time:11637.03s | step:4141.00ms
step:2787/4768 | loss 3.670373 | lr:0.0018 | train_time:11641.16s | step:4128.43ms
step:2788/4768 | loss 3.619509 | lr:0.0018 | train_time:11645.29s | step:4135.88ms
step:2789/4768 | loss 3.610715 | lr:0.0018 | train_time:11649.42s | step:4124.04ms
step:2790/4768 | loss 3.614133 | lr:0.0018 | train_time:11653.54s | step:4124.66ms
step:2791/4768 | loss 3.565805 | lr:0.0018 | train_time:11657.68s | step:4142.87ms
step:2792/4768 | loss 3.616616 | lr:0.0018 | train_time:11661.83s | step:4141.54ms
step:2793/4768 | loss 3.637378 | lr:0.0018 | train_time:11665.97s | step:4144.55ms
step:2794/4768 | loss 3.618633 | lr:0.0018 | train_time:11670.12s | step:4146.55ms
step:2795/4768 | loss 3.588923 | lr:0.0018 | train_time:11674.25s | step:4137.01ms
step:2796/4768 | loss 3.596903 | lr:0.0018 | train_time:11678.39s | step:4131.68ms
step:2797/4768 | loss 3.648185 | lr:0.0018 | train_time:11682.53s | step:4139.18ms
step:2798/4768 | loss 3.652020 | lr:0.0018 | train_time:11686.66s | step:4136.77ms
step:2799/4768 | loss 3.652532 | lr:0.0018 | train_time:11690.79s | step:4123.65ms
step:2800/4768 | loss 3.603013 | lr:0.0018 | train_time:11694.92s | step:4133.09ms
step:2801/4768 | loss 3.561865 | lr:0.0018 | train_time:11699.06s | step:4137.96ms
step:2802/4768 | loss 3.621462 | lr:0.0018 | train_time:11703.19s | step:4132.35ms
step:2803/4768 | loss 3.687946 | lr:0.0018 | train_time:11707.32s | step:4126.68ms
step:2804/4768 | loss 3.576965 | lr:0.0018 | train_time:11711.45s | step:4135.21ms
step:2805/4768 | loss 3.644424 | lr:0.0018 | train_time:11715.59s | step:4135.94ms
step:2806/4768 | loss 3.581759 | lr:0.0018 | train_time:11719.72s | step:4132.21ms
step:2807/4768 | loss 3.620404 | lr:0.0018 | train_time:11723.85s | step:4134.67ms
step:2808/4768 | loss 3.590478 | lr:0.0018 | train_time:11727.98s | step:4127.78ms
step:2809/4768 | loss 3.623017 | lr:0.0018 | train_time:11732.11s | step:4125.20ms
step:2810/4768 | loss 3.599150 | lr:0.0018 | train_time:11736.22s | step:4115.46ms
step:2811/4768 | loss 3.665514 | lr:0.0018 | train_time:11740.36s | step:4134.16ms
step:2812/4768 | loss 3.568617 | lr:0.0018 | train_time:11744.48s | step:4125.20ms
step:2813/4768 | loss 3.646019 | lr:0.0018 | train_time:11748.60s | step:4123.07ms
step:2814/4768 | loss 3.711886 | lr:0.0018 | train_time:11752.74s | step:4134.21ms
step:2815/4768 | loss 3.588698 | lr:0.0018 | train_time:11756.87s | step:4129.95ms
step:2816/4768 | loss 3.672678 | lr:0.0018 | train_time:11760.99s | step:4121.73ms
step:2816/4768 | val loss 3.598497
step:2817/4768 | loss 3.652918 | lr:0.0018 | train_time:11765.11s | step:4121.18ms
step:2818/4768 | loss 3.583253 | lr:0.0018 | train_time:11769.22s | step:4112.73ms
step:2819/4768 | loss 3.638525 | lr:0.0018 | train_time:11773.34s | step:4118.49ms
step:2820/4768 | loss 3.615628 | lr:0.0018 | train_time:11777.46s | step:4116.38ms
step:2821/4768 | loss 3.639784 | lr:0.0018 | train_time:11781.59s | step:4128.85ms
step:2822/4768 | loss 3.564996 | lr:0.0018 | train_time:11785.70s | step:4114.88ms
step:2823/4768 | loss 3.640456 | lr:0.0018 | train_time:11789.83s | step:4122.87ms
step:2824/4768 | loss 3.577220 | lr:0.0018 | train_time:11793.95s | step:4128.29ms
step:2825/4768 | loss 3.554522 | lr:0.0018 | train_time:11798.07s | step:4115.94ms
step:2826/4768 | loss 3.531117 | lr:0.0018 | train_time:11802.20s | step:4126.16ms
step:2827/4768 | loss 3.617314 | lr:0.0018 | train_time:11806.33s | step:4137.12ms
step:2828/4768 | loss 3.629580 | lr:0.0018 | train_time:11810.45s | step:4121.62ms
step:2829/4768 | loss 3.653776 | lr:0.0018 | train_time:11814.58s | step:4126.92ms
step:2830/4768 | loss 3.607228 | lr:0.0018 | train_time:11818.70s | step:4121.22ms
step:2831/4768 | loss 3.669213 | lr:0.0018 | train_time:11822.83s | step:4123.63ms
step:2832/4768 | loss 3.632067 | lr:0.0018 | train_time:11826.94s | step:4113.16ms
step:2833/4768 | loss 3.591316 | lr:0.0018 | train_time:11831.07s | step:4125.99ms
step:2834/4768 | loss 3.539596 | lr:0.0018 | train_time:11835.20s | step:4137.14ms
step:2835/4768 | loss 3.638948 | lr:0.0018 | train_time:11839.33s | step:4130.17ms
step:2836/4768 | loss 3.621166 | lr:0.0018 | train_time:11843.46s | step:4129.05ms
step:2837/4768 | loss 3.600114 | lr:0.0018 | train_time:11847.59s | step:4131.31ms
step:2838/4768 | loss 3.588711 | lr:0.0018 | train_time:11851.71s | step:4118.19ms
step:2839/4768 | loss 3.604448 | lr:0.0018 | train_time:11855.84s | step:4126.87ms
step:2840/4768 | loss 3.634850 | lr:0.0018 | train_time:11859.96s | step:4120.73ms
step:2841/4768 | loss 3.637802 | lr:0.0018 | train_time:11864.08s | step:4123.83ms
step:2842/4768 | loss 3.617748 | lr:0.0018 | train_time:11868.22s | step:4132.61ms
step:2843/4768 | loss 3.648297 | lr:0.0018 | train_time:11872.35s | step:4130.53ms
step:2844/4768 | loss 3.676252 | lr:0.0018 | train_time:11876.47s | step:4127.18ms
step:2845/4768 | loss 3.658242 | lr:0.0018 | train_time:11880.60s | step:4129.91ms
step:2846/4768 | loss 3.602177 | lr:0.0018 | train_time:11884.72s | step:4119.46ms
step:2847/4768 | loss 3.620912 | lr:0.0018 | train_time:11888.85s | step:4132.01ms
step:2848/4768 | loss 3.625566 | lr:0.0018 | train_time:11892.97s | step:4119.64ms
step:2849/4768 | loss 3.634722 | lr:0.0018 | train_time:11897.10s | step:4122.72ms
step:2850/4768 | loss 3.587584 | lr:0.0018 | train_time:11901.23s | step:4134.06ms
step:2851/4768 | loss 3.629361 | lr:0.0018 | train_time:11905.37s | step:4138.53ms
step:2852/4768 | loss 3.606821 | lr:0.0018 | train_time:11909.50s | step:4129.00ms
step:2853/4768 | loss 3.617860 | lr:0.0018 | train_time:11913.63s | step:4130.52ms
step:2854/4768 | loss 3.732813 | lr:0.0018 | train_time:11917.76s | step:4134.46ms
step:2855/4768 | loss 3.560088 | lr:0.0018 | train_time:11921.88s | step:4120.78ms
step:2856/4768 | loss 3.581090 | lr:0.0018 | train_time:11926.01s | step:4125.10ms
step:2857/4768 | loss 3.615719 | lr:0.0018 | train_time:11930.13s | step:4119.14ms
step:2858/4768 | loss 3.626984 | lr:0.0018 | train_time:11934.26s | step:4131.56ms
step:2859/4768 | loss 3.604429 | lr:0.0018 | train_time:11938.39s | step:4130.60ms
step:2860/4768 | loss 3.615891 | lr:0.0018 | train_time:11942.52s | step:4126.15ms
step:2861/4768 | loss 3.590663 | lr:0.0018 | train_time:11947.06s | step:4545.39ms
step:2862/4768 | loss 3.579284 | lr:0.0018 | train_time:11951.17s | step:4111.47ms
step:2863/4768 | loss 3.623816 | lr:0.0018 | train_time:11955.30s | step:4125.34ms
step:2864/4768 | loss 3.577848 | lr:0.0018 | train_time:11959.43s | step:4131.47ms
step:2865/4768 | loss 3.563716 | lr:0.0018 | train_time:11963.55s | step:4117.34ms
step:2866/4768 | loss 3.663197 | lr:0.0018 | train_time:11967.67s | step:4117.13ms
step:2867/4768 | loss 3.677147 | lr:0.0018 | train_time:11971.78s | step:4118.40ms
step:2868/4768 | loss 3.604314 | lr:0.0018 | train_time:11975.91s | step:4125.06ms
step:2869/4768 | loss 3.675842 | lr:0.0018 | train_time:11980.03s | step:4117.54ms
step:2870/4768 | loss 3.583964 | lr:0.0018 | train_time:11984.14s | step:4114.14ms
step:2871/4768 | loss 3.577614 | lr:0.0018 | train_time:11988.26s | step:4115.12ms
step:2872/4768 | loss 3.685091 | lr:0.0018 | train_time:11992.38s | step:4121.15ms
step:2873/4768 | loss 3.685354 | lr:0.0018 | train_time:11996.50s | step:4122.67ms
step:2874/4768 | loss 3.638824 | lr:0.0018 | train_time:12000.62s | step:4118.51ms
step:2875/4768 | loss 3.581499 | lr:0.0018 | train_time:12004.74s | step:4123.14ms
step:2876/4768 | loss 3.581800 | lr:0.0018 | train_time:12008.86s | step:4120.92ms
step:2877/4768 | loss 3.628980 | lr:0.0018 | train_time:12012.98s | step:4118.22ms
step:2878/4768 | loss 3.570593 | lr:0.0018 | train_time:12017.10s | step:4115.81ms
step:2879/4768 | loss 3.644173 | lr:0.0018 | train_time:12021.22s | step:4119.13ms
step:2880/4768 | loss 3.582695 | lr:0.0018 | train_time:12025.33s | step:4119.37ms
step:2881/4768 | loss 3.575800 | lr:0.0018 | train_time:12029.46s | step:4125.22ms
step:2882/4768 | loss 3.591531 | lr:0.0018 | train_time:12033.58s | step:4116.48ms
step:2883/4768 | loss 3.544857 | lr:0.0018 | train_time:12037.70s | step:4126.06ms
step:2884/4768 | loss 3.563038 | lr:0.0018 | train_time:12041.82s | step:4118.54ms
step:2885/4768 | loss 3.610891 | lr:0.0018 | train_time:12045.95s | step:4125.56ms
step:2886/4768 | loss 3.674071 | lr:0.0018 | train_time:12050.07s | step:4121.50ms
step:2887/4768 | loss 3.629613 | lr:0.0018 | train_time:12054.19s | step:4122.26ms
step:2888/4768 | loss 3.602966 | lr:0.0018 | train_time:12058.32s | step:4132.45ms
step:2889/4768 | loss 3.622255 | lr:0.0018 | train_time:12062.45s | step:4123.18ms
step:2890/4768 | loss 3.620365 | lr:0.0018 | train_time:12066.57s | step:4121.87ms
step:2891/4768 | loss 3.602253 | lr:0.0018 | train_time:12070.69s | step:4125.34ms
step:2892/4768 | loss 3.573355 | lr:0.0018 | train_time:12074.81s | step:4121.46ms
step:2893/4768 | loss 3.618987 | lr:0.0018 | train_time:12078.93s | step:4114.34ms
step:2894/4768 | loss 3.603412 | lr:0.0018 | train_time:12083.05s | step:4123.14ms
step:2895/4768 | loss 3.588613 | lr:0.0018 | train_time:12087.17s | step:4122.57ms
step:2896/4768 | loss 3.565249 | lr:0.0018 | train_time:12091.29s | step:4115.89ms
step:2897/4768 | loss 3.643614 | lr:0.0018 | train_time:12095.41s | step:4124.65ms
step:2898/4768 | loss 3.673285 | lr:0.0018 | train_time:12099.53s | step:4118.02ms
step:2899/4768 | loss 3.814819 | lr:0.0018 | train_time:12103.66s | step:4126.01ms
step:2900/4768 | loss 3.594058 | lr:0.0018 | train_time:12107.77s | step:4113.78ms
step:2901/4768 | loss 3.548210 | lr:0.0018 | train_time:12111.90s | step:4125.08ms
step:2902/4768 | loss 3.589021 | lr:0.0018 | train_time:12116.02s | step:4121.43ms
step:2903/4768 | loss 3.562827 | lr:0.0018 | train_time:12120.14s | step:4117.76ms
step:2904/4768 | loss 3.588367 | lr:0.0018 | train_time:12124.26s | step:4122.88ms
step:2905/4768 | loss 3.567207 | lr:0.0018 | train_time:12128.37s | step:4113.35ms
step:2906/4768 | loss 3.685324 | lr:0.0018 | train_time:12132.49s | step:4118.65ms
step:2907/4768 | loss 3.642101 | lr:0.0018 | train_time:12136.61s | step:4121.11ms
step:2908/4768 | loss 3.586114 | lr:0.0018 | train_time:12140.73s | step:4120.42ms
step:2909/4768 | loss 3.789960 | lr:0.0018 | train_time:12144.88s | step:4142.16ms
step:2910/4768 | loss 3.633245 | lr:0.0018 | train_time:12148.99s | step:4114.50ms
step:2911/4768 | loss 3.659314 | lr:0.0018 | train_time:12153.11s | step:4117.58ms
step:2912/4768 | loss 3.616715 | lr:0.0018 | train_time:12157.23s | step:4118.44ms
step:2913/4768 | loss 3.641876 | lr:0.0018 | train_time:12161.34s | step:4110.96ms
step:2914/4768 | loss 3.633645 | lr:0.0018 | train_time:12165.47s | step:4128.52ms
step:2915/4768 | loss 3.629937 | lr:0.0018 | train_time:12169.59s | step:4119.75ms
step:2916/4768 | loss 3.677720 | lr:0.0018 | train_time:12173.70s | step:4114.32ms
step:2917/4768 | loss 3.618399 | lr:0.0018 | train_time:12177.81s | step:4105.35ms
step:2918/4768 | loss 3.630573 | lr:0.0018 | train_time:12181.92s | step:4116.18ms
step:2919/4768 | loss 3.711679 | lr:0.0018 | train_time:12186.05s | step:4129.99ms
step:2920/4768 | loss 3.600765 | lr:0.0018 | train_time:12190.17s | step:4120.38ms
step:2921/4768 | loss 3.618388 | lr:0.0018 | train_time:12194.29s | step:4119.86ms
step:2922/4768 | loss 3.612556 | lr:0.0018 | train_time:12198.43s | step:4135.09ms
step:2923/4768 | loss 3.629457 | lr:0.0018 | train_time:12202.54s | step:4111.34ms
step:2924/4768 | loss 3.611833 | lr:0.0018 | train_time:12206.67s | step:4128.49ms
step:2925/4768 | loss 3.609492 | lr:0.0018 | train_time:12210.78s | step:4117.12ms
step:2926/4768 | loss 3.614327 | lr:0.0018 | train_time:12214.90s | step:4115.00ms
step:2927/4768 | loss 3.646116 | lr:0.0018 | train_time:12219.01s | step:4109.68ms
step:2928/4768 | loss 3.558768 | lr:0.0018 | train_time:12223.13s | step:4123.30ms
step:2929/4768 | loss 3.548164 | lr:0.0018 | train_time:12227.24s | step:4107.93ms
step:2930/4768 | loss 3.562701 | lr:0.0018 | train_time:12231.35s | step:4114.04ms
step:2931/4768 | loss 3.575502 | lr:0.0018 | train_time:12235.47s | step:4115.05ms
step:2932/4768 | loss 3.609340 | lr:0.0018 | train_time:12239.59s | step:4119.07ms
step:2933/4768 | loss 3.752490 | lr:0.0018 | train_time:12243.71s | step:4122.29ms
step:2934/4768 | loss 3.608784 | lr:0.0018 | train_time:12247.83s | step:4122.67ms
step:2935/4768 | loss 3.587891 | lr:0.0018 | train_time:12251.95s | step:4117.14ms
step:2936/4768 | loss 3.588063 | lr:0.0018 | train_time:12256.06s | step:4113.03ms
step:2937/4768 | loss 3.622174 | lr:0.0018 | train_time:12260.18s | step:4116.86ms
step:2938/4768 | loss 3.569869 | lr:0.0018 | train_time:12264.30s | step:4120.31ms
step:2939/4768 | loss 3.662607 | lr:0.0018 | train_time:12268.42s | step:4118.14ms
step:2940/4768 | loss 3.567447 | lr:0.0018 | train_time:12272.55s | step:4132.30ms
step:2941/4768 | loss 3.677623 | lr:0.0018 | train_time:12276.68s | step:4131.85ms
step:2942/4768 | loss 3.618599 | lr:0.0018 | train_time:12280.80s | step:4119.18ms
step:2943/4768 | loss 3.630623 | lr:0.0018 | train_time:12284.91s | step:4109.27ms
step:2944/4768 | loss 3.819781 | lr:0.0018 | train_time:12289.02s | step:4113.62ms
step:2944/4768 | val loss 3.596004
step:2945/4768 | loss 3.602715 | lr:0.0018 | train_time:12293.14s | step:4117.17ms
step:2946/4768 | loss 3.717474 | lr:0.0018 | train_time:12297.25s | step:4109.82ms
step:2947/4768 | loss 3.643633 | lr:0.0018 | train_time:12301.38s | step:4124.62ms
step:2948/4768 | loss 3.610150 | lr:0.0018 | train_time:12305.50s | step:4120.60ms
step:2949/4768 | loss 3.620225 | lr:0.0018 | train_time:12309.60s | step:4103.61ms
step:2950/4768 | loss 3.677251 | lr:0.0018 | train_time:12313.71s | step:4114.09ms
step:2951/4768 | loss 3.574664 | lr:0.0018 | train_time:12317.83s | step:4117.33ms
step:2952/4768 | loss 3.574715 | lr:0.0018 | train_time:12321.96s | step:4127.27ms
step:2953/4768 | loss 3.509268 | lr:0.0018 | train_time:12326.08s | step:4123.79ms
step:2954/4768 | loss 3.574547 | lr:0.0018 | train_time:12330.20s | step:4121.80ms
step:2955/4768 | loss 3.554793 | lr:0.0018 | train_time:12334.32s | step:4120.58ms
step:2956/4768 | loss 3.655571 | lr:0.0018 | train_time:12338.44s | step:4117.32ms
step:2957/4768 | loss 3.601659 | lr:0.0018 | train_time:12342.56s | step:4114.07ms
step:2958/4768 | loss 3.632942 | lr:0.0018 | train_time:12346.68s | step:4119.30ms
step:2959/4768 | loss 3.570619 | lr:0.0018 | train_time:12350.79s | step:4116.44ms
step:2960/4768 | loss 3.598798 | lr:0.0018 | train_time:12354.92s | step:4129.40ms
step:2961/4768 | loss 3.635514 | lr:0.0018 | train_time:12359.04s | step:4121.66ms
step:2962/4768 | loss 3.582581 | lr:0.0018 | train_time:12363.17s | step:4127.68ms
step:2963/4768 | loss 3.564190 | lr:0.0018 | train_time:12367.28s | step:4112.81ms
step:2964/4768 | loss 3.611997 | lr:0.0018 | train_time:12371.42s | step:4131.65ms
step:2965/4768 | loss 3.618587 | lr:0.0018 | train_time:12375.53s | step:4119.41ms
step:2966/4768 | loss 3.595939 | lr:0.0018 | train_time:12379.65s | step:4115.16ms
step:2967/4768 | loss 3.594651 | lr:0.0018 | train_time:12383.77s | step:4121.97ms
step:2968/4768 | loss 3.595657 | lr:0.0018 | train_time:12387.88s | step:4113.09ms
step:2969/4768 | loss 3.648925 | lr:0.0018 | train_time:12392.01s | step:4122.39ms
step:2970/4768 | loss 3.501566 | lr:0.0018 | train_time:12396.13s | step:4120.31ms
step:2971/4768 | loss 3.612128 | lr:0.0018 | train_time:12400.25s | step:4123.46ms
step:2972/4768 | loss 3.618467 | lr:0.0018 | train_time:12404.37s | step:4116.68ms
step:2973/4768 | loss 3.571112 | lr:0.0018 | train_time:12408.48s | step:4113.21ms
step:2974/4768 | loss 3.538915 | lr:0.0018 | train_time:12412.59s | step:4110.09ms
step:2975/4768 | loss 3.567237 | lr:0.0018 | train_time:12416.72s | step:4124.30ms
step:2976/4768 | loss 3.579602 | lr:0.0018 | train_time:12420.83s | step:4111.67ms
step:2977/4768 | loss 3.597505 | lr:0.0018 | train_time:12424.94s | step:4112.80ms
step:2978/4768 | loss 3.596962 | lr:0.0018 | train_time:12429.06s | step:4116.16ms
step:2979/4768 | loss 3.602087 | lr:0.0018 | train_time:12433.18s | step:4123.25ms
step:2980/4768 | loss 3.738551 | lr:0.0018 | train_time:12437.30s | step:4116.63ms
step:2981/4768 | loss 3.601827 | lr:0.0018 | train_time:12441.41s | step:4116.16ms
step:2982/4768 | loss 3.633751 | lr:0.0018 | train_time:12445.52s | step:4112.43ms
step:2983/4768 | loss 3.557515 | lr:0.0018 | train_time:12449.64s | step:4114.33ms
step:2984/4768 | loss 3.614346 | lr:0.0018 | train_time:12453.76s | step:4119.26ms
step:2985/4768 | loss 3.546113 | lr:0.0018 | train_time:12457.88s | step:4121.13ms
step:2986/4768 | loss 3.601778 | lr:0.0018 | train_time:12462.00s | step:4117.68ms
step:2987/4768 | loss 3.583737 | lr:0.0018 | train_time:12466.11s | step:4112.47ms
step:2988/4768 | loss 3.623511 | lr:0.0018 | train_time:12470.22s | step:4112.74ms
step:2989/4768 | loss 3.615974 | lr:0.0018 | train_time:12474.34s | step:4115.34ms
step:2990/4768 | loss 3.600520 | lr:0.0018 | train_time:12478.47s | step:4128.55ms
step:2991/4768 | loss 3.604354 | lr:0.0018 | train_time:12482.58s | step:4110.83ms
step:2992/4768 | loss 3.635789 | lr:0.0018 | train_time:12486.70s | step:4121.39ms
step:2993/4768 | loss 3.603043 | lr:0.0018 | train_time:12490.82s | step:4117.68ms
step:2994/4768 | loss 3.620095 | lr:0.0018 | train_time:12494.94s | step:4125.43ms
step:2995/4768 | loss 3.643542 | lr:0.0018 | train_time:12499.06s | step:4116.22ms
step:2996/4768 | loss 3.625211 | lr:0.0018 | train_time:12503.17s | step:4117.17ms
step:2997/4768 | loss 3.638100 | lr:0.0018 | train_time:12507.29s | step:4113.85ms
step:2998/4768 | loss 3.489422 | lr:0.0018 | train_time:12511.40s | step:4111.44ms
step:2999/4768 | loss 3.581365 | lr:0.0018 | train_time:12515.51s | step:4114.51ms
step:3000/4768 | loss 3.648630 | lr:0.0018 | train_time:12519.63s | step:4117.71ms
step:3001/4768 | loss 3.550508 | lr:0.0018 | train_time:12523.74s | step:4105.97ms
step:3002/4768 | loss 3.607895 | lr:0.0018 | train_time:12527.84s | step:4106.15ms
step:3003/4768 | loss 3.638505 | lr:0.0018 | train_time:12531.96s | step:4115.07ms
step:3004/4768 | loss 3.534833 | lr:0.0018 | train_time:12536.08s | step:4124.41ms
step:3005/4768 | loss 3.574415 | lr:0.0018 | train_time:12540.21s | step:4121.84ms
step:3006/4768 | loss 3.651102 | lr:0.0018 | train_time:12544.32s | step:4111.24ms
step:3007/4768 | loss 3.537523 | lr:0.0018 | train_time:12548.43s | step:4115.51ms
step:3008/4768 | loss 3.560054 | lr:0.0018 | train_time:12552.54s | step:4111.25ms
step:3009/4768 | loss 3.611255 | lr:0.0018 | train_time:12556.66s | step:4117.75ms
step:3010/4768 | loss 3.648612 | lr:0.0018 | train_time:12560.78s | step:4114.10ms
step:3011/4768 | loss 3.603454 | lr:0.0018 | train_time:12564.88s | step:4106.13ms
step:3012/4768 | loss 3.603307 | lr:0.0018 | train_time:12568.99s | step:4109.68ms
step:3013/4768 | loss 3.610404 | lr:0.0018 | train_time:12573.11s | step:4115.97ms
step:3014/4768 | loss 3.603810 | lr:0.0018 | train_time:12577.22s | step:4114.72ms
step:3015/4768 | loss 3.587515 | lr:0.0018 | train_time:12581.34s | step:4115.13ms
step:3016/4768 | loss 3.597130 | lr:0.0018 | train_time:12585.45s | step:4115.79ms
step:3017/4768 | loss 3.555397 | lr:0.0018 | train_time:12589.58s | step:4130.61ms
step:3018/4768 | loss 3.623929 | lr:0.0018 | train_time:12593.71s | step:4124.00ms
step:3019/4768 | loss 3.598716 | lr:0.0018 | train_time:12597.82s | step:4110.59ms
step:3020/4768 | loss 3.560274 | lr:0.0018 | train_time:12601.93s | step:4112.39ms
step:3021/4768 | loss 3.621360 | lr:0.0018 | train_time:12606.04s | step:4114.38ms
step:3022/4768 | loss 3.588575 | lr:0.0018 | train_time:12610.18s | step:4134.05ms
step:3023/4768 | loss 3.612236 | lr:0.0018 | train_time:12614.29s | step:4106.31ms
step:3024/4768 | loss 3.628936 | lr:0.0018 | train_time:12618.41s | step:4122.12ms
step:3025/4768 | loss 3.613754 | lr:0.0018 | train_time:12622.52s | step:4108.66ms
step:3026/4768 | loss 3.607872 | lr:0.0018 | train_time:12626.62s | step:4108.28ms
step:3027/4768 | loss 3.605125 | lr:0.0018 | train_time:12630.73s | step:4110.46ms
step:3028/4768 | loss 3.595855 | lr:0.0018 | train_time:12634.85s | step:4117.00ms
step:3029/4768 | loss 3.503426 | lr:0.0018 | train_time:12638.99s | step:4135.97ms
step:3030/4768 | loss 3.637235 | lr:0.0018 | train_time:12643.10s | step:4113.27ms
step:3031/4768 | loss 3.586681 | lr:0.0018 | train_time:12647.22s | step:4122.04ms
step:3032/4768 | loss 3.553094 | lr:0.0018 | train_time:12651.34s | step:4121.86ms
step:3033/4768 | loss 3.577086 | lr:0.0018 | train_time:12655.44s | step:4094.08ms
step:3034/4768 | loss 3.533058 | lr:0.0018 | train_time:12659.54s | step:4105.28ms
step:3035/4768 | loss 3.612082 | lr:0.0018 | train_time:12663.66s | step:4111.35ms
step:3036/4768 | loss 3.594507 | lr:0.0018 | train_time:12667.78s | step:4125.89ms
step:3037/4768 | loss 3.539333 | lr:0.0018 | train_time:12671.90s | step:4122.95ms
step:3038/4768 | loss 3.580071 | lr:0.0018 | train_time:12676.02s | step:4118.44ms
step:3039/4768 | loss 3.623235 | lr:0.0018 | train_time:12680.14s | step:4120.42ms
step:3040/4768 | loss 3.566931 | lr:0.0018 | train_time:12684.25s | step:4108.82ms
step:3041/4768 | loss 3.472126 | lr:0.0018 | train_time:12688.36s | step:4111.85ms
step:3042/4768 | loss 3.594598 | lr:0.0018 | train_time:12692.49s | step:4121.19ms
step:3043/4768 | loss 3.607856 | lr:0.0018 | train_time:12696.61s | step:4122.21ms
step:3044/4768 | loss 3.589927 | lr:0.0018 | train_time:12700.72s | step:4112.80ms
step:3045/4768 | loss 3.542735 | lr:0.0018 | train_time:12704.82s | step:4096.98ms
step:3046/4768 | loss 3.530349 | lr:0.0018 | train_time:12708.93s | step:4112.94ms
step:3047/4768 | loss 3.558147 | lr:0.0018 | train_time:12713.05s | step:4124.51ms
step:3048/4768 | loss 3.565728 | lr:0.0018 | train_time:12717.17s | step:4113.12ms
step:3049/4768 | loss 3.581459 | lr:0.0018 | train_time:12721.30s | step:4134.44ms
step:3050/4768 | loss 3.574768 | lr:0.0018 | train_time:12725.42s | step:4116.92ms
step:3051/4768 | loss 3.583970 | lr:0.0018 | train_time:12729.53s | step:4114.49ms
step:3052/4768 | loss 3.466121 | lr:0.0018 | train_time:12734.02s | step:4485.04ms
step:3053/4768 | loss 3.501389 | lr:0.0018 | train_time:12738.13s | step:4106.57ms
step:3054/4768 | loss 3.587062 | lr:0.0018 | train_time:12742.24s | step:4119.25ms
step:3055/4768 | loss 3.708053 | lr:0.0018 | train_time:12746.36s | step:4118.55ms
step:3056/4768 | loss 3.607796 | lr:0.0018 | train_time:12750.48s | step:4113.52ms
step:3057/4768 | loss 3.504671 | lr:0.0018 | train_time:12754.59s | step:4111.91ms
step:3058/4768 | loss 3.617549 | lr:0.0018 | train_time:12758.71s | step:4125.02ms
step:3059/4768 | loss 3.511347 | lr:0.0018 | train_time:12762.82s | step:4105.59ms
step:3060/4768 | loss 3.569968 | lr:0.0018 | train_time:12766.94s | step:4119.00ms
step:3061/4768 | loss 3.548145 | lr:0.0018 | train_time:12771.06s | step:4117.78ms
step:3062/4768 | loss 3.556005 | lr:0.0018 | train_time:12775.18s | step:4120.29ms
step:3063/4768 | loss 3.618450 | lr:0.0018 | train_time:12779.29s | step:4116.84ms
step:3064/4768 | loss 3.584456 | lr:0.0018 | train_time:12783.41s | step:4113.01ms
step:3065/4768 | loss 3.618666 | lr:0.0018 | train_time:12787.52s | step:4110.60ms
step:3066/4768 | loss 3.607669 | lr:0.0018 | train_time:12791.63s | step:4118.18ms
step:3067/4768 | loss 3.569758 | lr:0.0018 | train_time:12795.75s | step:4112.98ms
step:3068/4768 | loss 3.564072 | lr:0.0018 | train_time:12799.87s | step:4120.07ms
step:3069/4768 | loss 3.634571 | lr:0.0018 | train_time:12804.00s | step:4134.22ms
step:3070/4768 | loss 3.633379 | lr:0.0018 | train_time:12808.12s | step:4118.41ms
step:3071/4768 | loss 3.587076 | lr:0.0018 | train_time:12812.23s | step:4113.16ms
step:3072/4768 | loss 3.575742 | lr:0.0018 | train_time:12816.35s | step:4118.42ms
saved checkpoint: runs/baseline-20260718T074451Z/full-seed-0/checkpoint.pt (next step 3072)
step:3072/4768 | val loss 3.583914
step:3073/4768 | loss 3.571340 | lr:0.0018 | train_time:12820.47s | step:4117.11ms
step:3074/4768 | loss 3.623422 | lr:0.0018 | train_time:12824.59s | step:4118.09ms
step:3075/4768 | loss 3.587542 | lr:0.0018 | train_time:12828.70s | step:4110.36ms
step:3076/4768 | loss 3.579610 | lr:0.0018 | train_time:12832.80s | step:4102.09ms
step:3077/4768 | loss 3.577384 | lr:0.0018 | train_time:12836.89s | step:4094.58ms
step:3078/4768 | loss 3.493711 | lr:0.0018 | train_time:12841.00s | step:4109.27ms
step:3079/4768 | loss 3.578093 | lr:0.0018 | train_time:12845.12s | step:4120.78ms
step:3080/4768 | loss 3.568148 | lr:0.0018 | train_time:12849.24s | step:4114.62ms
step:3081/4768 | loss 3.654358 | lr:0.0018 | train_time:12853.35s | step:4108.07ms
step:3082/4768 | loss 3.602156 | lr:0.0018 | train_time:12857.46s | step:4114.35ms
step:3083/4768 | loss 3.633246 | lr:0.0018 | train_time:12861.58s | step:4115.63ms
step:3084/4768 | loss 3.551845 | lr:0.0018 | train_time:12865.69s | step:4114.48ms
step:3085/4768 | loss 3.615740 | lr:0.0018 | train_time:12869.81s | step:4114.31ms
step:3086/4768 | loss 3.582562 | lr:0.0018 | train_time:12873.92s | step:4114.62ms
step:3087/4768 | loss 3.561211 | lr:0.0018 | train_time:12878.03s | step:4108.84ms
step:3088/4768 | loss 3.607392 | lr:0.0018 | train_time:12882.13s | step:4101.58ms
step:3089/4768 | loss 3.673745 | lr:0.0018 | train_time:12886.25s | step:4123.08ms
step:3090/4768 | loss 3.595969 | lr:0.0018 | train_time:12890.37s | step:4118.42ms
step:3091/4768 | loss 3.530508 | lr:0.0018 | train_time:12894.47s | step:4099.20ms
step:3092/4768 | loss 3.633095 | lr:0.0018 | train_time:12898.59s | step:4119.72ms
step:3093/4768 | loss 3.515404 | lr:0.0018 | train_time:12902.71s | step:4114.04ms
step:3094/4768 | loss 3.552270 | lr:0.0018 | train_time:12906.82s | step:4113.23ms
step:3095/4768 | loss 3.589383 | lr:0.0018 | train_time:12910.93s | step:4114.10ms
step:3096/4768 | loss 3.620032 | lr:0.0018 | train_time:12915.06s | step:4124.16ms
step:3097/4768 | loss 3.646798 | lr:0.0018 | train_time:12919.19s | step:4133.72ms
step:3098/4768 | loss 3.548573 | lr:0.0018 | train_time:12923.31s | step:4121.22ms
step:3099/4768 | loss 3.600683 | lr:0.0018 | train_time:12927.44s | step:4124.70ms
step:3100/4768 | loss 3.563677 | lr:0.0018 | train_time:12931.54s | step:4106.50ms
step:3101/4768 | loss 3.650263 | lr:0.0018 | train_time:12935.64s | step:4101.19ms
step:3102/4768 | loss 3.663152 | lr:0.0018 | train_time:12939.76s | step:4111.68ms
step:3103/4768 | loss 3.619245 | lr:0.0018 | train_time:12943.87s | step:4116.42ms
step:3104/4768 | loss 3.572842 | lr:0.0018 | train_time:12947.98s | step:4112.14ms
step:3105/4768 | loss 3.555382 | lr:0.0018 | train_time:12952.11s | step:4122.80ms
step:3106/4768 | loss 3.600538 | lr:0.0018 | train_time:12956.23s | step:4118.09ms
step:3107/4768 | loss 3.620414 | lr:0.0018 | train_time:12960.34s | step:4116.05ms
step:3108/4768 | loss 3.584161 | lr:0.0018 | train_time:12964.45s | step:4109.36ms
step:3109/4768 | loss 3.541454 | lr:0.0018 | train_time:12968.57s | step:4122.71ms
step:3110/4768 | loss 3.654211 | lr:0.0018 | train_time:12972.70s | step:4131.64ms
step:3111/4768 | loss 3.532593 | lr:0.0018 | train_time:12976.83s | step:4125.81ms
step:3112/4768 | loss 3.552028 | lr:0.0018 | train_time:12980.95s | step:4120.00ms
step:3113/4768 | loss 3.526805 | lr:0.0018 | train_time:12985.07s | step:4122.71ms
step:3114/4768 | loss 3.577843 | lr:0.0018 | train_time:12989.18s | step:4108.03ms
step:3115/4768 | loss 3.603956 | lr:0.0018 | train_time:12993.30s | step:4115.03ms
step:3116/4768 | loss 3.509078 | lr:0.0018 | train_time:12997.41s | step:4111.38ms
step:3117/4768 | loss 3.496012 | lr:0.0018 | train_time:13001.52s | step:4115.24ms
step:3118/4768 | loss 3.492857 | lr:0.0018 | train_time:13005.64s | step:4112.56ms
step:3119/4768 | loss 3.590795 | lr:0.0018 | train_time:13009.74s | step:4108.32ms
step:3120/4768 | loss 3.543324 | lr:0.0018 | train_time:13013.86s | step:4116.32ms
step:3121/4768 | loss 3.632939 | lr:0.0018 | train_time:13017.98s | step:4117.37ms
step:3122/4768 | loss 3.537779 | lr:0.0018 | train_time:13022.10s | step:4117.99ms
step:3123/4768 | loss 3.601195 | lr:0.0018 | train_time:13026.21s | step:4113.28ms
step:3124/4768 | loss 3.537348 | lr:0.0018 | train_time:13030.33s | step:4121.87ms
step:3125/4768 | loss 3.578053 | lr:0.0018 | train_time:13034.46s | step:4132.63ms
step:3126/4768 | loss 3.597530 | lr:0.0018 | train_time:13038.59s | step:4121.83ms
step:3127/4768 | loss 3.683360 | lr:0.0018 | train_time:13042.70s | step:4112.78ms
step:3128/4768 | loss 3.598800 | lr:0.0018 | train_time:13046.82s | step:4117.23ms
step:3129/4768 | loss 3.581603 | lr:0.0018 | train_time:13050.93s | step:4110.90ms
step:3130/4768 | loss 3.580360 | lr:0.0018 | train_time:13055.03s | step:4102.69ms
step:3131/4768 | loss 3.534721 | lr:0.0018 | train_time:13059.14s | step:4112.94ms
step:3132/4768 | loss 3.652118 | lr:0.0018 | train_time:13063.26s | step:4119.96ms
step:3133/4768 | loss 3.609893 | lr:0.0018 | train_time:13067.38s | step:4113.19ms
step:3134/4768 | loss 3.600695 | lr:0.0018 | train_time:13071.48s | step:4106.62ms
step:3135/4768 | loss 3.548068 | lr:0.0018 | train_time:13075.59s | step:4107.62ms
step:3136/4768 | loss 3.530651 | lr:0.0018 | train_time:13079.70s | step:4115.02ms
step:3137/4768 | loss 3.553149 | lr:0.0018 | train_time:13083.82s | step:4111.93ms
step:3138/4768 | loss 3.590595 | lr:0.0018 | train_time:13087.92s | step:4102.16ms
step:3139/4768 | loss 3.680047 | lr:0.0018 | train_time:13092.03s | step:4115.34ms
step:3140/4768 | loss 3.556161 | lr:0.0018 | train_time:13096.13s | step:4096.76ms
step:3141/4768 | loss 3.585200 | lr:0.0018 | train_time:13100.24s | step:4108.89ms
step:3142/4768 | loss 3.563835 | lr:0.0018 | train_time:13104.36s | step:4117.04ms
step:3143/4768 | loss 3.577142 | lr:0.0018 | train_time:13108.46s | step:4107.15ms
step:3144/4768 | loss 3.561129 | lr:0.0018 | train_time:13112.58s | step:4120.05ms
step:3145/4768 | loss 3.611278 | lr:0.0018 | train_time:13116.70s | step:4119.11ms
step:3146/4768 | loss 3.496552 | lr:0.0018 | train_time:13120.81s | step:4108.04ms
step:3147/4768 | loss 3.577172 | lr:0.0018 | train_time:13124.92s | step:4106.05ms
step:3148/4768 | loss 3.612728 | lr:0.0018 | train_time:13129.02s | step:4104.31ms
step:3149/4768 | loss 3.638263 | lr:0.0018 | train_time:13133.15s | step:4127.26ms
step:3150/4768 | loss 3.576498 | lr:0.0018 | train_time:13137.26s | step:4113.13ms
step:3151/4768 | loss 3.619121 | lr:0.0018 | train_time:13141.36s | step:4094.35ms
step:3152/4768 | loss 3.570915 | lr:0.0018 | train_time:13145.47s | step:4112.43ms
step:3153/4768 | loss 3.597648 | lr:0.0018 | train_time:13149.58s | step:4107.62ms
step:3154/4768 | loss 3.504804 | lr:0.0018 | train_time:13153.69s | step:4115.36ms
step:3155/4768 | loss 3.622072 | lr:0.0018 | train_time:13157.81s | step:4115.60ms
step:3156/4768 | loss 3.542270 | lr:0.0018 | train_time:13161.91s | step:4106.15ms
step:3157/4768 | loss 3.607214 | lr:0.0018 | train_time:13166.02s | step:4107.76ms
step:3158/4768 | loss 3.607845 | lr:0.0018 | train_time:13170.15s | step:4131.78ms
step:3159/4768 | loss 3.598496 | lr:0.0018 | train_time:13174.25s | step:4100.73ms
step:3160/4768 | loss 3.561479 | lr:0.0018 | train_time:13178.37s | step:4115.58ms
step:3161/4768 | loss 3.554901 | lr:0.0018 | train_time:13182.47s | step:4099.07ms
step:3162/4768 | loss 3.573964 | lr:0.0018 | train_time:13186.59s | step:4118.95ms
step:3163/4768 | loss 3.566091 | lr:0.0018 | train_time:13190.70s | step:4111.64ms
step:3164/4768 | loss 3.590164 | lr:0.0018 | train_time:13194.83s | step:4128.77ms
step:3165/4768 | loss 3.528691 | lr:0.0018 | train_time:13198.93s | step:4100.19ms
step:3166/4768 | loss 3.623298 | lr:0.0018 | train_time:13203.04s | step:4114.33ms
step:3167/4768 | loss 3.581774 | lr:0.0018 | train_time:13207.15s | step:4105.66ms
step:3168/4768 | loss 3.585177 | lr:0.0018 | train_time:13211.25s | step:4102.34ms
step:3169/4768 | loss 3.630157 | lr:0.0018 | train_time:13215.36s | step:4108.96ms
step:3170/4768 | loss 3.576188 | lr:0.0018 | train_time:13219.46s | step:4100.06ms
step:3171/4768 | loss 3.578029 | lr:0.0018 | train_time:13223.57s | step:4115.82ms
step:3172/4768 | loss 3.548228 | lr:0.0018 | train_time:13227.69s | step:4113.64ms
step:3173/4768 | loss 3.544771 | lr:0.0018 | train_time:13231.80s | step:4108.35ms
step:3174/4768 | loss 3.571118 | lr:0.0018 | train_time:13235.92s | step:4125.54ms
step:3175/4768 | loss 3.490968 | lr:0.0018 | train_time:13240.03s | step:4105.50ms
step:3176/4768 | loss 3.606615 | lr:0.0018 | train_time:13244.14s | step:4110.72ms
step:3177/4768 | loss 3.582223 | lr:0.0018 | train_time:13248.25s | step:4110.24ms
step:3178/4768 | loss 3.530145 | lr:0.0018 | train_time:13252.33s | step:4077.07ms
step:3179/4768 | loss 3.581313 | lr:0.0018 | train_time:13256.43s | step:4106.63ms
step:3180/4768 | loss 3.586640 | lr:0.0018 | train_time:13260.53s | step:4096.61ms
step:3181/4768 | loss 3.551936 | lr:0.0018 | train_time:13264.64s | step:4108.26ms
step:3182/4768 | loss 3.593634 | lr:0.0018 | train_time:13268.75s | step:4108.18ms
step:3183/4768 | loss 3.597573 | lr:0.0018 | train_time:13272.85s | step:4103.01ms
step:3184/4768 | loss 3.614349 | lr:0.0018 | train_time:13276.96s | step:4112.97ms
step:3185/4768 | loss 3.580890 | lr:0.0018 | train_time:13281.08s | step:4120.44ms
step:3186/4768 | loss 3.593661 | lr:0.0018 | train_time:13285.16s | step:4077.96ms
step:3187/4768 | loss 3.608989 | lr:0.0018 | train_time:13289.28s | step:4116.02ms
step:3188/4768 | loss 3.561836 | lr:0.0018 | train_time:13293.37s | step:4091.24ms
step:3189/4768 | loss 3.623143 | lr:0.0018 | train_time:13297.46s | step:4097.58ms
step:3190/4768 | loss 3.651786 | lr:0.0018 | train_time:13301.56s | step:4092.00ms
step:3191/4768 | loss 3.558970 | lr:0.0018 | train_time:13305.66s | step:4104.59ms
step:3192/4768 | loss 3.550190 | lr:0.0018 | train_time:13309.78s | step:4117.44ms
step:3193/4768 | loss 3.550655 | lr:0.0018 | train_time:13313.88s | step:4105.86ms
step:3194/4768 | loss 3.518018 | lr:0.0018 | train_time:13318.00s | step:4114.15ms
step:3195/4768 | loss 3.602788 | lr:0.0018 | train_time:13322.11s | step:4113.40ms
step:3196/4768 | loss 3.510285 | lr:0.0018 | train_time:13326.21s | step:4097.89ms
step:3197/4768 | loss 3.555254 | lr:0.0018 | train_time:13330.30s | step:4085.40ms
step:3198/4768 | loss 3.598307 | lr:0.0018 | train_time:13334.40s | step:4106.42ms
step:3199/4768 | loss 3.537002 | lr:0.0018 | train_time:13338.52s | step:4113.59ms
step:3200/4768 | loss 3.577324 | lr:0.0018 | train_time:13342.62s | step:4101.22ms
step:3200/4768 | val loss 3.570813
step:3201/4768 | loss 3.601606 | lr:0.0018 | train_time:13346.72s | step:4102.20ms
step:3202/4768 | loss 3.540208 | lr:0.0018 | train_time:13350.82s | step:4097.17ms
step:3203/4768 | loss 3.530470 | lr:0.0018 | train_time:13354.92s | step:4103.04ms
step:3204/4768 | loss 3.718601 | lr:0.0018 | train_time:13359.02s | step:4105.28ms
step:3205/4768 | loss 3.570147 | lr:0.0018 | train_time:13363.12s | step:4098.55ms
step:3206/4768 | loss 3.527803 | lr:0.0018 | train_time:13367.25s | step:4123.69ms
step:3207/4768 | loss 3.717501 | lr:0.0018 | train_time:13371.35s | step:4107.52ms
step:3208/4768 | loss 3.532279 | lr:0.0018 | train_time:13375.46s | step:4102.89ms
step:3209/4768 | loss 3.574878 | lr:0.0018 | train_time:13379.56s | step:4104.65ms
step:3210/4768 | loss 3.565727 | lr:0.0018 | train_time:13383.67s | step:4104.09ms
step:3211/4768 | loss 3.544122 | lr:0.0018 | train_time:13387.77s | step:4105.63ms
step:3212/4768 | loss 3.568831 | lr:0.0018 | train_time:13391.89s | step:4118.18ms
step:3213/4768 | loss 3.580307 | lr:0.0018 | train_time:13396.00s | step:4106.88ms
step:3214/4768 | loss 3.583254 | lr:0.0018 | train_time:13400.11s | step:4109.25ms
step:3215/4768 | loss 3.566890 | lr:0.0018 | train_time:13404.21s | step:4105.84ms
step:3216/4768 | loss 3.652122 | lr:0.0018 | train_time:13408.32s | step:4107.92ms
step:3217/4768 | loss 3.581247 | lr:0.0018 | train_time:13412.43s | step:4107.95ms
step:3218/4768 | loss 3.553241 | lr:0.0018 | train_time:13416.53s | step:4104.82ms
step:3219/4768 | loss 3.593516 | lr:0.0018 | train_time:13420.63s | step:4097.05ms
step:3220/4768 | loss 3.602248 | lr:0.0018 | train_time:13424.73s | step:4101.38ms
step:3221/4768 | loss 3.601907 | lr:0.0018 | train_time:13428.84s | step:4112.72ms
step:3222/4768 | loss 3.513607 | lr:0.0018 | train_time:13432.95s | step:4105.09ms
step:3223/4768 | loss 3.579604 | lr:0.0018 | train_time:13437.04s | step:4096.12ms
step:3224/4768 | loss 3.617394 | lr:0.0018 | train_time:13441.15s | step:4105.90ms
step:3225/4768 | loss 3.517661 | lr:0.0018 | train_time:13445.26s | step:4106.93ms
step:3226/4768 | loss 3.590763 | lr:0.0018 | train_time:13449.36s | step:4105.88ms
step:3227/4768 | loss 3.530933 | lr:0.0018 | train_time:13453.47s | step:4105.22ms
step:3228/4768 | loss 3.602136 | lr:0.0018 | train_time:13457.58s | step:4110.27ms
step:3229/4768 | loss 3.567413 | lr:0.0018 | train_time:13461.69s | step:4107.06ms
step:3230/4768 | loss 3.609983 | lr:0.0018 | train_time:13465.81s | step:4126.51ms
step:3231/4768 | loss 3.620573 | lr:0.0018 | train_time:13469.91s | step:4098.29ms
step:3232/4768 | loss 3.576055 | lr:0.0018 | train_time:13474.01s | step:4101.92ms
step:3233/4768 | loss 3.572097 | lr:0.0018 | train_time:13478.12s | step:4112.34ms
step:3234/4768 | loss 3.597488 | lr:0.0018 | train_time:13482.23s | step:4108.47ms
step:3235/4768 | loss 3.512785 | lr:0.0018 | train_time:13486.35s | step:4115.62ms
step:3236/4768 | loss 3.558285 | lr:0.0018 | train_time:13490.46s | step:4111.93ms
step:3237/4768 | loss 3.513496 | lr:0.0018 | train_time:13494.58s | step:4116.09ms
step:3238/4768 | loss 3.584257 | lr:0.0018 | train_time:13498.68s | step:4100.59ms
step:3239/4768 | loss 3.568335 | lr:0.0018 | train_time:13502.79s | step:4116.05ms
step:3240/4768 | loss 3.512258 | lr:0.0018 | train_time:13506.91s | step:4112.19ms
step:3241/4768 | loss 3.567008 | lr:0.0018 | train_time:13511.01s | step:4100.49ms
step:3242/4768 | loss 3.621191 | lr:0.0018 | train_time:13515.11s | step:4100.68ms
step:3243/4768 | loss 3.628324 | lr:0.0018 | train_time:13519.70s | step:4588.47ms
step:3244/4768 | loss 3.554206 | lr:0.0018 | train_time:13523.79s | step:4098.72ms
step:3245/4768 | loss 3.638674 | lr:0.0018 | train_time:13527.90s | step:4104.49ms
step:3246/4768 | loss 3.527859 | lr:0.0018 | train_time:13532.01s | step:4110.41ms
step:3247/4768 | loss 3.567792 | lr:0.0018 | train_time:13536.11s | step:4100.74ms
step:3248/4768 | loss 3.616835 | lr:0.0018 | train_time:13540.20s | step:4089.69ms
step:3249/4768 | loss 3.567461 | lr:0.0018 | train_time:13544.31s | step:4113.26ms
step:3250/4768 | loss 3.561438 | lr:0.0018 | train_time:13548.41s | step:4101.19ms
step:3251/4768 | loss 3.501808 | lr:0.0018 | train_time:13552.51s | step:4099.97ms
step:3252/4768 | loss 3.591930 | lr:0.0018 | train_time:13556.63s | step:4121.10ms
step:3253/4768 | loss 3.655945 | lr:0.0018 | train_time:13560.74s | step:4106.75ms
step:3254/4768 | loss 3.619002 | lr:0.0018 | train_time:13564.85s | step:4109.97ms
step:3255/4768 | loss 3.586306 | lr:0.0018 | train_time:13568.96s | step:4110.40ms
step:3256/4768 | loss 3.634423 | lr:0.0018 | train_time:13573.07s | step:4110.10ms
step:3257/4768 | loss 3.589190 | lr:0.0018 | train_time:13577.17s | step:4098.86ms
step:3258/4768 | loss 3.594616 | lr:0.0018 | train_time:13581.28s | step:4110.34ms
step:3259/4768 | loss 3.504795 | lr:0.0018 | train_time:13585.38s | step:4096.16ms
step:3260/4768 | loss 3.499249 | lr:0.0018 | train_time:13589.50s | step:4124.23ms
step:3261/4768 | loss 3.539172 | lr:0.0018 | train_time:13593.62s | step:4114.48ms
step:3262/4768 | loss 3.593476 | lr:0.0018 | train_time:13597.72s | step:4106.00ms
step:3263/4768 | loss 3.572000 | lr:0.0018 | train_time:13601.83s | step:4108.39ms
step:3264/4768 | loss 3.561115 | lr:0.0018 | train_time:13605.93s | step:4098.50ms
step:3265/4768 | loss 3.576843 | lr:0.0018 | train_time:13610.04s | step:4107.18ms
step:3266/4768 | loss 3.625750 | lr:0.0018 | train_time:13614.14s | step:4104.10ms
step:3267/4768 | loss 3.579111 | lr:0.0018 | train_time:13618.24s | step:4103.04ms
step:3268/4768 | loss 3.586857 | lr:0.0018 | train_time:13622.34s | step:4100.57ms
step:3269/4768 | loss 3.571956 | lr:0.0018 | train_time:13626.44s | step:4093.13ms
step:3270/4768 | loss 3.577267 | lr:0.0018 | train_time:13630.54s | step:4099.75ms
step:3271/4768 | loss 3.615444 | lr:0.0018 | train_time:13634.65s | step:4109.58ms
step:3272/4768 | loss 3.556979 | lr:0.0018 | train_time:13638.75s | step:4104.52ms
step:3273/4768 | loss 3.541578 | lr:0.0018 | train_time:13642.84s | step:4090.51ms
step:3274/4768 | loss 3.563227 | lr:0.0018 | train_time:13646.96s | step:4122.76ms
step:3275/4768 | loss 3.640924 | lr:0.0018 | train_time:13651.06s | step:4094.00ms
step:3276/4768 | loss 3.629151 | lr:0.0018 | train_time:13655.17s | step:4114.16ms
step:3277/4768 | loss 3.607322 | lr:0.0018 | train_time:13659.27s | step:4101.29ms
step:3278/4768 | loss 3.572663 | lr:0.0018 | train_time:13663.37s | step:4096.23ms
step:3279/4768 | loss 3.590453 | lr:0.0018 | train_time:13667.48s | step:4111.01ms
step:3280/4768 | loss 3.526665 | lr:0.0018 | train_time:13671.59s | step:4108.70ms
step:3281/4768 | loss 3.601277 | lr:0.0018 | train_time:13675.68s | step:4093.89ms
step:3282/4768 | loss 3.544681 | lr:0.0018 | train_time:13679.78s | step:4100.02ms
step:3283/4768 | loss 3.590188 | lr:0.0018 | train_time:13683.87s | step:4084.13ms
step:3284/4768 | loss 3.546757 | lr:0.0018 | train_time:13687.97s | step:4103.75ms
step:3285/4768 | loss 3.559256 | lr:0.0018 | train_time:13692.08s | step:4106.15ms
step:3286/4768 | loss 3.549509 | lr:0.0018 | train_time:13696.18s | step:4104.80ms
step:3287/4768 | loss 3.535220 | lr:0.0018 | train_time:13700.29s | step:4105.22ms
step:3288/4768 | loss 3.519445 | lr:0.0018 | train_time:13704.39s | step:4099.95ms
step:3289/4768 | loss 3.603705 | lr:0.0018 | train_time:13708.49s | step:4100.62ms
step:3290/4768 | loss 3.538230 | lr:0.0018 | train_time:13712.59s | step:4106.26ms
step:3291/4768 | loss 3.571374 | lr:0.0018 | train_time:13716.70s | step:4102.63ms
step:3292/4768 | loss 3.512325 | lr:0.0018 | train_time:13720.80s | step:4107.06ms
step:3293/4768 | loss 3.572661 | lr:0.0018 | train_time:13724.92s | step:4116.22ms
step:3294/4768 | loss 3.553080 | lr:0.0018 | train_time:13729.02s | step:4096.99ms
step:3295/4768 | loss 3.627591 | lr:0.0018 | train_time:13733.14s | step:4118.96ms
step:3296/4768 | loss 3.535480 | lr:0.0018 | train_time:13737.24s | step:4101.18ms
step:3297/4768 | loss 3.577051 | lr:0.0018 | train_time:13741.34s | step:4099.22ms
step:3298/4768 | loss 3.531747 | lr:0.0018 | train_time:13745.43s | step:4094.26ms
step:3299/4768 | loss 3.549633 | lr:0.0018 | train_time:13749.55s | step:4114.13ms
step:3300/4768 | loss 3.674911 | lr:0.0018 | train_time:13753.65s | step:4103.23ms
step:3301/4768 | loss 3.567522 | lr:0.0018 | train_time:13757.76s | step:4110.05ms
step:3302/4768 | loss 3.500992 | lr:0.0018 | train_time:13761.87s | step:4108.90ms
step:3303/4768 | loss 3.596578 | lr:0.0018 | train_time:13765.98s | step:4112.39ms
step:3304/4768 | loss 3.587674 | lr:0.0018 | train_time:13770.09s | step:4108.63ms
step:3305/4768 | loss 3.575787 | lr:0.0018 | train_time:13774.19s | step:4106.43ms
step:3306/4768 | loss 3.600849 | lr:0.0018 | train_time:13778.30s | step:4108.31ms
step:3307/4768 | loss 3.592132 | lr:0.0018 | train_time:13782.41s | step:4105.89ms
step:3308/4768 | loss 3.607480 | lr:0.0018 | train_time:13786.53s | step:4123.37ms
step:3309/4768 | loss 3.589421 | lr:0.0018 | train_time:13790.62s | step:4090.06ms
step:3310/4768 | loss 3.550786 | lr:0.0018 | train_time:13794.74s | step:4122.01ms
step:3311/4768 | loss 3.596550 | lr:0.0018 | train_time:13798.86s | step:4110.73ms
step:3312/4768 | loss 3.542095 | lr:0.0018 | train_time:13802.95s | step:4092.45ms
step:3313/4768 | loss 3.555284 | lr:0.0018 | train_time:13807.05s | step:4102.09ms
step:3314/4768 | loss 3.577014 | lr:0.0018 | train_time:13811.16s | step:4112.68ms
step:3315/4768 | loss 3.573287 | lr:0.0018 | train_time:13815.27s | step:4102.79ms
step:3316/4768 | loss 3.614814 | lr:0.0018 | train_time:13819.38s | step:4116.81ms
step:3317/4768 | loss 3.594555 | lr:0.0018 | train_time:13823.51s | step:4123.76ms
step:3318/4768 | loss 3.519787 | lr:0.0018 | train_time:13827.62s | step:4111.91ms
step:3319/4768 | loss 3.599078 | lr:0.0018 | train_time:13831.72s | step:4097.61ms
step:3320/4768 | loss 3.589717 | lr:0.0018 | train_time:13835.82s | step:4108.70ms
step:3321/4768 | loss 3.705400 | lr:0.0018 | train_time:13839.93s | step:4110.13ms
step:3322/4768 | loss 3.533237 | lr:0.0018 | train_time:13844.04s | step:4105.77ms
step:3323/4768 | loss 3.631502 | lr:0.0018 | train_time:13848.14s | step:4104.95ms
step:3324/4768 | loss 3.562948 | lr:0.0018 | train_time:13852.24s | step:4091.68ms
step:3325/4768 | loss 3.713998 | lr:0.0018 | train_time:13856.34s | step:4101.78ms
step:3326/4768 | loss 3.599202 | lr:0.0018 | train_time:13860.44s | step:4098.28ms
step:3327/4768 | loss 3.604066 | lr:0.0018 | train_time:13864.55s | step:4114.00ms
step:3328/4768 | loss 3.579463 | lr:0.0018 | train_time:13868.65s | step:4098.44ms
step:3328/4768 | val loss 3.568082
step:3329/4768 | loss 3.575134 | lr:0.0018 | train_time:13872.75s | step:4097.28ms
step:3330/4768 | loss 3.575545 | lr:0.0018 | train_time:13876.83s | step:4086.99ms
step:3331/4768 | loss 3.548833 | lr:0.0018 | train_time:13880.92s | step:4085.90ms
step:3332/4768 | loss 3.590540 | lr:0.0018 | train_time:13885.00s | step:4077.30ms
step:3333/4768 | loss 3.669862 | lr:0.0018 | train_time:13889.09s | step:4097.69ms
step:3334/4768 | loss 3.585803 | lr:0.0018 | train_time:13893.19s | step:4098.22ms
step:3335/4768 | loss 3.565584 | lr:0.0018 | train_time:13897.30s | step:4103.44ms
step:3336/4768 | loss 3.563425 | lr:0.0018 | train_time:13901.39s | step:4095.76ms
step:3337/4768 | loss 3.511504 | lr:0.0018 | train_time:13905.49s | step:4100.08ms
step:3338/4768 | loss 3.619879 | lr:0.0018 | train_time:13909.58s | step:4090.07ms
step:3339/4768 | loss 3.522022 | lr:0.0018 | train_time:13913.69s | step:4110.63ms
step:3340/4768 | loss 3.584564 | lr:0.0018 | train_time:13917.80s | step:4104.85ms
step:3341/4768 | loss 3.570696 | lr:0.0018 | train_time:13921.89s | step:4090.47ms
step:3342/4768 | loss 3.583886 | lr:0.0018 | train_time:13925.98s | step:4087.58ms
step:3343/4768 | loss 3.540109 | lr:0.0018 | train_time:13930.08s | step:4104.29ms
step:3344/4768 | loss 3.585139 | lr:0.0018 | train_time:13934.19s | step:4106.22ms
step:3345/4768 | loss 3.558838 | lr:0.0018 | train_time:13938.28s | step:4097.07ms
step:3346/4768 | loss 3.535697 | lr:0.0018 | train_time:13942.38s | step:4096.91ms
step:3347/4768 | loss 3.572628 | lr:0.0018 | train_time:13946.48s | step:4104.19ms
step:3348/4768 | loss 3.511221 | lr:0.0018 | train_time:13950.59s | step:4102.76ms
step:3349/4768 | loss 3.640157 | lr:0.0018 | train_time:13954.69s | step:4101.81ms
step:3350/4768 | loss 3.525379 | lr:0.0018 | train_time:13958.78s | step:4094.56ms
step:3351/4768 | loss 3.590443 | lr:0.0018 | train_time:13962.88s | step:4092.91ms
step:3352/4768 | loss 3.599420 | lr:0.0018 | train_time:13966.96s | step:4084.96ms
step:3353/4768 | loss 3.625029 | lr:0.0018 | train_time:13971.05s | step:4089.39ms
step:3354/4768 | loss 3.665264 | lr:0.0018 | train_time:13975.15s | step:4101.14ms
step:3355/4768 | loss 3.588545 | lr:0.0018 | train_time:13979.26s | step:4103.86ms
step:3356/4768 | loss 3.566248 | lr:0.0018 | train_time:13983.36s | step:4101.09ms
step:3357/4768 | loss 3.605730 | lr:0.0018 | train_time:13987.46s | step:4105.14ms
step:3358/4768 | loss 3.607278 | lr:0.0018 | train_time:13991.57s | step:4108.07ms
step:3359/4768 | loss 3.574397 | lr:0.0018 | train_time:13995.66s | step:4092.07ms
step:3360/4768 | loss 3.546159 | lr:0.0018 | train_time:13999.77s | step:4103.66ms
step:3361/4768 | loss 3.577323 | lr:0.0018 | train_time:14003.87s | step:4109.19ms
step:3362/4768 | loss 3.586626 | lr:0.0018 | train_time:14007.98s | step:4103.83ms
step:3363/4768 | loss 3.544058 | lr:0.0018 | train_time:14012.08s | step:4104.18ms
step:3364/4768 | loss 3.601140 | lr:0.0018 | train_time:14016.19s | step:4106.49ms
step:3365/4768 | loss 3.504220 | lr:0.0018 | train_time:14020.29s | step:4103.09ms
step:3366/4768 | loss 3.578204 | lr:0.0018 | train_time:14024.40s | step:4104.67ms
step:3367/4768 | loss 3.530138 | lr:0.0018 | train_time:14028.50s | step:4101.98ms
step:3368/4768 | loss 3.621219 | lr:0.0018 | train_time:14032.61s | step:4112.54ms
step:3369/4768 | loss 3.580348 | lr:0.0018 | train_time:14036.72s | step:4107.98ms
step:3370/4768 | loss 3.650090 | lr:0.0018 | train_time:14040.83s | step:4107.30ms
step:3371/4768 | loss 3.528881 | lr:0.0018 | train_time:14044.94s | step:4109.06ms
step:3372/4768 | loss 3.693232 | lr:0.0018 | train_time:14049.03s | step:4096.09ms
step:3373/4768 | loss 3.566645 | lr:0.0018 | train_time:14053.13s | step:4095.32ms
step:3374/4768 | loss 3.606592 | lr:0.0018 | train_time:14057.22s | step:4097.11ms
step:3375/4768 | loss 3.631438 | lr:0.0018 | train_time:14061.32s | step:4095.00ms
step:3376/4768 | loss 3.623174 | lr:0.0018 | train_time:14065.41s | step:4089.04ms
step:3377/4768 | loss 3.512642 | lr:0.0018 | train_time:14069.50s | step:4091.73ms
step:3378/4768 | loss 3.630828 | lr:0.0018 | train_time:14073.60s | step:4099.59ms
step:3379/4768 | loss 3.543124 | lr:0.0018 | train_time:14077.67s | step:4072.09ms
step:3380/4768 | loss 3.558429 | lr:0.0018 | train_time:14081.77s | step:4096.80ms
step:3381/4768 | loss 3.672629 | lr:0.0018 | train_time:14085.86s | step:4094.78ms
step:3382/4768 | loss 3.568146 | lr:0.0018 | train_time:14089.94s | step:4081.52ms
step:3383/4768 | loss 3.615647 | lr:0.0018 | train_time:14094.07s | step:4120.45ms
step:3384/4768 | loss 3.564375 | lr:0.0018 | train_time:14098.17s | step:4102.87ms
step:3385/4768 | loss 3.568128 | lr:0.0018 | train_time:14102.27s | step:4100.42ms
step:3386/4768 | loss 3.558095 | lr:0.0018 | train_time:14106.38s | step:4106.98ms
step:3387/4768 | loss 3.613190 | lr:0.0018 | train_time:14110.47s | step:4091.02ms
step:3388/4768 | loss 3.554931 | lr:0.0018 | train_time:14114.57s | step:4101.57ms
step:3389/4768 | loss 3.616444 | lr:0.0018 | train_time:14118.67s | step:4103.50ms
step:3390/4768 | loss 3.527129 | lr:0.0018 | train_time:14122.77s | step:4098.09ms
step:3391/4768 | loss 3.726377 | lr:0.0018 | train_time:14126.87s | step:4105.06ms
step:3392/4768 | loss 3.507609 | lr:0.0018 | train_time:14130.99s | step:4110.65ms
step:3393/4768 | loss 3.602726 | lr:0.0018 | train_time:14135.08s | step:4092.54ms
step:3394/4768 | loss 3.541001 | lr:0.0018 | train_time:14139.18s | step:4101.17ms
step:3395/4768 | loss 3.586600 | lr:0.0018 | train_time:14143.28s | step:4098.43ms
step:3396/4768 | loss 3.552553 | lr:0.0018 | train_time:14147.37s | step:4093.97ms
step:3397/4768 | loss 3.597318 | lr:0.0018 | train_time:14151.47s | step:4094.56ms
step:3398/4768 | loss 3.525146 | lr:0.0018 | train_time:14155.58s | step:4109.54ms
step:3399/4768 | loss 3.606023 | lr:0.0018 | train_time:14159.68s | step:4105.42ms
step:3400/4768 | loss 3.580416 | lr:0.0018 | train_time:14163.78s | step:4099.18ms
step:3401/4768 | loss 3.531827 | lr:0.0018 | train_time:14167.87s | step:4094.09ms
step:3402/4768 | loss 3.554852 | lr:0.0018 | train_time:14171.98s | step:4110.37ms
step:3403/4768 | loss 3.625757 | lr:0.0018 | train_time:14176.09s | step:4109.02ms
step:3404/4768 | loss 3.715813 | lr:0.0018 | train_time:14180.19s | step:4098.52ms
step:3405/4768 | loss 3.733224 | lr:0.0018 | train_time:14184.27s | step:4075.51ms
step:3406/4768 | loss 3.584376 | lr:0.0018 | train_time:14188.38s | step:4111.77ms
step:3407/4768 | loss 3.564969 | lr:0.0018 | train_time:14192.48s | step:4100.80ms
step:3408/4768 | loss 3.609036 | lr:0.0018 | train_time:14196.59s | step:4110.86ms
step:3409/4768 | loss 3.528645 | lr:0.0018 | train_time:14200.70s | step:4113.96ms
step:3410/4768 | loss 3.513285 | lr:0.0018 | train_time:14204.81s | step:4106.45ms
step:3411/4768 | loss 3.493082 | lr:0.0018 | train_time:14208.93s | step:4115.58ms
step:3412/4768 | loss 3.609177 | lr:0.0018 | train_time:14213.03s | step:4098.30ms
step:3413/4768 | loss 3.537736 | lr:0.0018 | train_time:14217.11s | step:4089.57ms
step:3414/4768 | loss 3.573009 | lr:0.0018 | train_time:14221.20s | step:4090.01ms
step:3415/4768 | loss 3.514782 | lr:0.0018 | train_time:14225.30s | step:4098.03ms
step:3416/4768 | loss 3.553546 | lr:0.0018 | train_time:14229.40s | step:4099.24ms
step:3417/4768 | loss 3.575742 | lr:0.0018 | train_time:14233.50s | step:4099.61ms
step:3418/4768 | loss 3.549691 | lr:0.0018 | train_time:14237.60s | step:4101.35ms
step:3419/4768 | loss 3.626966 | lr:0.0018 | train_time:14241.71s | step:4110.00ms
step:3420/4768 | loss 3.596321 | lr:0.0018 | train_time:14245.82s | step:4106.43ms
step:3421/4768 | loss 3.567547 | lr:0.0018 | train_time:14249.92s | step:4103.65ms
step:3422/4768 | loss 3.556439 | lr:0.0018 | train_time:14254.03s | step:4109.37ms
step:3423/4768 | loss 3.613264 | lr:0.0018 | train_time:14258.13s | step:4099.19ms
step:3424/4768 | loss 3.580594 | lr:0.0018 | train_time:14262.24s | step:4103.44ms
step:3425/4768 | loss 3.588472 | lr:0.0018 | train_time:14266.34s | step:4102.43ms
step:3426/4768 | loss 3.473975 | lr:0.0018 | train_time:14270.44s | step:4099.27ms
step:3427/4768 | loss 3.548294 | lr:0.0018 | train_time:14274.54s | step:4101.29ms
step:3428/4768 | loss 3.579268 | lr:0.0018 | train_time:14278.63s | step:4096.03ms
step:3429/4768 | loss 3.534817 | lr:0.0018 | train_time:14282.74s | step:4107.07ms
step:3430/4768 | loss 3.530073 | lr:0.0018 | train_time:14286.85s | step:4105.18ms
step:3431/4768 | loss 3.533328 | lr:0.0018 | train_time:14290.95s | step:4099.15ms
step:3432/4768 | loss 3.549251 | lr:0.0018 | train_time:14295.05s | step:4104.58ms
step:3433/4768 | loss 3.606922 | lr:0.0018 | train_time:14299.59s | step:4535.81ms
step:3434/4768 | loss 3.573445 | lr:0.0018 | train_time:14303.65s | step:4063.62ms
step:3435/4768 | loss 3.559503 | lr:0.0018 | train_time:14307.75s | step:4100.09ms
step:3436/4768 | loss 3.637141 | lr:0.0018 | train_time:14311.84s | step:4090.73ms
step:3437/4768 | loss 3.542727 | lr:0.0018 | train_time:14315.92s | step:4077.89ms
step:3438/4768 | loss 3.633671 | lr:0.0018 | train_time:14320.01s | step:4093.30ms
step:3439/4768 | loss 3.523737 | lr:0.0018 | train_time:14324.10s | step:4092.13ms
step:3440/4768 | loss 3.600722 | lr:0.0018 | train_time:14328.20s | step:4091.44ms
step:3441/4768 | loss 3.584002 | lr:0.0018 | train_time:14332.31s | step:4112.88ms
step:3442/4768 | loss 3.613561 | lr:0.0018 | train_time:14336.40s | step:4088.35ms
step:3443/4768 | loss 3.616554 | lr:0.0018 | train_time:14340.49s | step:4094.10ms
step:3444/4768 | loss 3.540819 | lr:0.0018 | train_time:14344.59s | step:4097.37ms
step:3445/4768 | loss 3.595334 | lr:0.0018 | train_time:14348.66s | step:4067.44ms
step:3446/4768 | loss 3.572496 | lr:0.0018 | train_time:14352.74s | step:4082.68ms
step:3447/4768 | loss 3.578757 | lr:0.0018 | train_time:14356.82s | step:4077.48ms
step:3448/4768 | loss 3.554236 | lr:0.0018 | train_time:14360.92s | step:4099.82ms
step:3449/4768 | loss 3.586055 | lr:0.0018 | train_time:14365.01s | step:4092.78ms
step:3450/4768 | loss 3.552306 | lr:0.0018 | train_time:14369.11s | step:4100.63ms
step:3451/4768 | loss 3.543037 | lr:0.0018 | train_time:14373.20s | step:4092.39ms
step:3452/4768 | loss 3.563543 | lr:0.0018 | train_time:14377.28s | step:4083.33ms
step:3453/4768 | loss 3.564345 | lr:0.0018 | train_time:14381.39s | step:4101.35ms
step:3454/4768 | loss 3.614652 | lr:0.0018 | train_time:14385.48s | step:4092.63ms
step:3455/4768 | loss 3.629686 | lr:0.0018 | train_time:14389.58s | step:4096.70ms
step:3456/4768 | loss 3.713426 | lr:0.0018 | train_time:14393.66s | step:4081.92ms
step:3456/4768 | val loss 3.562463
step:3457/4768 | loss 3.554246 | lr:0.0018 | train_time:14397.76s | step:4102.25ms
step:3458/4768 | loss 3.691458 | lr:0.0018 | train_time:14401.84s | step:4084.57ms
step:3459/4768 | loss 3.576182 | lr:0.0018 | train_time:14405.94s | step:4092.76ms
step:3460/4768 | loss 3.586352 | lr:0.0018 | train_time:14410.02s | step:4086.88ms
step:3461/4768 | loss 3.561666 | lr:0.0018 | train_time:14414.12s | step:4098.37ms
step:3462/4768 | loss 3.523527 | lr:0.0018 | train_time:14418.22s | step:4094.91ms
step:3463/4768 | loss 3.595148 | lr:0.0018 | train_time:14422.32s | step:4102.54ms
step:3464/4768 | loss 3.565755 | lr:0.0018 | train_time:14426.42s | step:4099.08ms
step:3465/4768 | loss 3.617116 | lr:0.0018 | train_time:14430.50s | step:4080.05ms
step:3466/4768 | loss 3.529644 | lr:0.0018 | train_time:14434.59s | step:4092.17ms
step:3467/4768 | loss 3.560124 | lr:0.0018 | train_time:14438.69s | step:4102.59ms
step:3468/4768 | loss 3.562837 | lr:0.0018 | train_time:14442.79s | step:4093.20ms
step:3469/4768 | loss 3.592852 | lr:0.0018 | train_time:14446.89s | step:4101.78ms
step:3470/4768 | loss 3.565430 | lr:0.0018 | train_time:14450.98s | step:4096.17ms
step:3471/4768 | loss 3.559282 | lr:0.0018 | train_time:14455.08s | step:4095.05ms
step:3472/4768 | loss 3.614368 | lr:0.0018 | train_time:14459.19s | step:4106.37ms
step:3473/4768 | loss 3.557655 | lr:0.0018 | train_time:14463.29s | step:4102.60ms
step:3474/4768 | loss 3.563989 | lr:0.0018 | train_time:14467.40s | step:4107.35ms
step:3475/4768 | loss 3.535976 | lr:0.0018 | train_time:14471.49s | step:4096.77ms
step:3476/4768 | loss 3.558825 | lr:0.0018 | train_time:14475.59s | step:4093.58ms
step:3477/4768 | loss 3.571787 | lr:0.0018 | train_time:14479.67s | step:4086.71ms
step:3478/4768 | loss 3.584820 | lr:0.0018 | train_time:14483.78s | step:4108.92ms
step:3479/4768 | loss 3.550041 | lr:0.0018 | train_time:14487.88s | step:4101.29ms
step:3480/4768 | loss 3.584105 | lr:0.0018 | train_time:14491.96s | step:4072.07ms
step:3481/4768 | loss 3.571520 | lr:0.0018 | train_time:14496.06s | step:4105.22ms
step:3482/4768 | loss 3.577024 | lr:0.0018 | train_time:14500.17s | step:4106.35ms
step:3483/4768 | loss 3.603830 | lr:0.0018 | train_time:14504.27s | step:4104.89ms
step:3484/4768 | loss 3.619845 | lr:0.0018 | train_time:14508.37s | step:4093.87ms
step:3485/4768 | loss 3.646065 | lr:0.0018 | train_time:14512.46s | step:4098.66ms
step:3486/4768 | loss 3.500080 | lr:0.0018 | train_time:14516.56s | step:4091.90ms
step:3487/4768 | loss 3.533260 | lr:0.0018 | train_time:14520.66s | step:4101.73ms
step:3488/4768 | loss 3.654841 | lr:0.0018 | train_time:14524.77s | step:4108.38ms
step:3489/4768 | loss 3.588151 | lr:0.0018 | train_time:14528.86s | step:4093.43ms
step:3490/4768 | loss 3.540797 | lr:0.0018 | train_time:14532.94s | step:4080.56ms
step:3491/4768 | loss 3.581140 | lr:0.0018 | train_time:14537.04s | step:4102.47ms
step:3492/4768 | loss 3.603694 | lr:0.0018 | train_time:14541.13s | step:4092.26ms
step:3493/4768 | loss 3.584645 | lr:0.0018 | train_time:14545.23s | step:4094.54ms
step:3494/4768 | loss 3.647392 | lr:0.0018 | train_time:14549.33s | step:4102.99ms
step:3495/4768 | loss 3.552427 | lr:0.0018 | train_time:14553.43s | step:4097.13ms
step:3496/4768 | loss 3.602183 | lr:0.0018 | train_time:14557.53s | step:4095.88ms
step:3497/4768 | loss 3.548054 | lr:0.0018 | train_time:14561.64s | step:4111.00ms
step:3498/4768 | loss 3.594401 | lr:0.0018 | train_time:14565.72s | step:4085.87ms
step:3499/4768 | loss 3.607774 | lr:0.0018 | train_time:14569.82s | step:4093.07ms
step:3500/4768 | loss 3.566255 | lr:0.0018 | train_time:14573.93s | step:4114.08ms
step:3501/4768 | loss 3.571148 | lr:0.0018 | train_time:14578.05s | step:4115.89ms
step:3502/4768 | loss 3.610377 | lr:0.0018 | train_time:14582.14s | step:4095.14ms
step:3503/4768 | loss 3.606282 | lr:0.0018 | train_time:14586.21s | step:4066.90ms
step:3504/4768 | loss 3.628967 | lr:0.0018 | train_time:14590.31s | step:4098.71ms
step:3505/4768 | loss 3.589845 | lr:0.0018 | train_time:14594.39s | step:4086.97ms
step:3506/4768 | loss 3.578109 | lr:0.0018 | train_time:14598.48s | step:4082.69ms
step:3507/4768 | loss 3.527508 | lr:0.0018 | train_time:14602.57s | step:4092.00ms
step:3508/4768 | loss 3.524791 | lr:0.0018 | train_time:14606.66s | step:4095.83ms
step:3509/4768 | loss 3.551569 | lr:0.0018 | train_time:14610.75s | step:4089.70ms
step:3510/4768 | loss 3.547403 | lr:0.0018 | train_time:14614.86s | step:4106.53ms
step:3511/4768 | loss 3.574409 | lr:0.0018 | train_time:14618.95s | step:4088.43ms
step:3512/4768 | loss 3.572360 | lr:0.0018 | train_time:14623.06s | step:4115.01ms
step:3513/4768 | loss 3.647360 | lr:0.0018 | train_time:14627.17s | step:4107.26ms
step:3514/4768 | loss 3.600801 | lr:0.0018 | train_time:14631.26s | step:4090.41ms
step:3515/4768 | loss 3.514138 | lr:0.0018 | train_time:14635.36s | step:4096.54ms
step:3516/4768 | loss 3.662299 | lr:0.0018 | train_time:14639.46s | step:4103.60ms
step:3517/4768 | loss 3.745056 | lr:0.0018 | train_time:14643.57s | step:4111.04ms
step:3518/4768 | loss 3.539939 | lr:0.0018 | train_time:14647.67s | step:4097.56ms
step:3519/4768 | loss 3.560407 | lr:0.0018 | train_time:14651.78s | step:4111.52ms
step:3520/4768 | loss 3.543647 | lr:0.0018 | train_time:14655.88s | step:4093.95ms
step:3521/4768 | loss 3.584457 | lr:0.0018 | train_time:14659.97s | step:4096.62ms
step:3522/4768 | loss 3.537079 | lr:0.0018 | train_time:14664.07s | step:4103.16ms
step:3523/4768 | loss 3.536234 | lr:0.0018 | train_time:14668.16s | step:4088.16ms
step:3524/4768 | loss 3.532632 | lr:0.0018 | train_time:14672.26s | step:4101.29ms
step:3525/4768 | loss 3.549676 | lr:0.0018 | train_time:14676.37s | step:4104.34ms
step:3526/4768 | loss 3.597545 | lr:0.0018 | train_time:14680.47s | step:4104.12ms
step:3527/4768 | loss 3.510395 | lr:0.0018 | train_time:14684.58s | step:4104.96ms
step:3528/4768 | loss 3.552036 | lr:0.0018 | train_time:14688.68s | step:4103.71ms
step:3529/4768 | loss 3.579450 | lr:0.0018 | train_time:14692.77s | step:4088.42ms
step:3530/4768 | loss 3.550711 | lr:0.0018 | train_time:14696.88s | step:4113.24ms
step:3531/4768 | loss 3.562705 | lr:0.0018 | train_time:14700.98s | step:4096.74ms
step:3532/4768 | loss 3.530671 | lr:0.0018 | train_time:14705.08s | step:4104.52ms
step:3533/4768 | loss 3.717234 | lr:0.0018 | train_time:14709.19s | step:4108.33ms
step:3534/4768 | loss 3.565537 | lr:0.0018 | train_time:14713.30s | step:4108.72ms
step:3535/4768 | loss 3.529784 | lr:0.0018 | train_time:14717.41s | step:4105.91ms
step:3536/4768 | loss 3.575287 | lr:0.0018 | train_time:14721.50s | step:4094.97ms
step:3537/4768 | loss 3.520847 | lr:0.0018 | train_time:14725.60s | step:4102.00ms
step:3538/4768 | loss 3.599303 | lr:0.0018 | train_time:14729.70s | step:4096.65ms
step:3539/4768 | loss 3.507297 | lr:0.0018 | train_time:14733.79s | step:4085.24ms
step:3540/4768 | loss 3.568768 | lr:0.0018 | train_time:14737.89s | step:4102.79ms
step:3541/4768 | loss 3.519434 | lr:0.0018 | train_time:14742.00s | step:4110.67ms
step:3542/4768 | loss 3.599842 | lr:0.0018 | train_time:14746.10s | step:4101.73ms
step:3543/4768 | loss 3.567488 | lr:0.0018 | train_time:14750.19s | step:4088.00ms
step:3544/4768 | loss 3.560211 | lr:0.0018 | train_time:14754.30s | step:4114.85ms
step:3545/4768 | loss 3.488018 | lr:0.0018 | train_time:14758.41s | step:4106.13ms
step:3546/4768 | loss 3.525205 | lr:0.0018 | train_time:14762.51s | step:4099.00ms
step:3547/4768 | loss 3.514403 | lr:0.0018 | train_time:14766.61s | step:4101.44ms
step:3548/4768 | loss 3.596496 | lr:0.0018 | train_time:14770.71s | step:4100.44ms
step:3549/4768 | loss 3.620654 | lr:0.0018 | train_time:14774.80s | step:4092.25ms
step:3550/4768 | loss 3.527173 | lr:0.0018 | train_time:14778.91s | step:4108.47ms
step:3551/4768 | loss 3.568090 | lr:0.0018 | train_time:14783.01s | step:4098.97ms
step:3552/4768 | loss 3.563662 | lr:0.0018 | train_time:14787.11s | step:4097.96ms
step:3553/4768 | loss 3.552134 | lr:0.0018 | train_time:14791.21s | step:4101.73ms
step:3554/4768 | loss 3.513875 | lr:0.0018 | train_time:14795.31s | step:4094.79ms
step:3555/4768 | loss 3.584906 | lr:0.0018 | train_time:14799.40s | step:4092.59ms
step:3556/4768 | loss 3.612915 | lr:0.0018 | train_time:14803.50s | step:4101.58ms
step:3557/4768 | loss 3.560682 | lr:0.0018 | train_time:14807.58s | step:4078.73ms
step:3558/4768 | loss 3.603942 | lr:0.0018 | train_time:14811.67s | step:4093.90ms
step:3559/4768 | loss 3.571025 | lr:0.0018 | train_time:14815.76s | step:4084.93ms
step:3560/4768 | loss 3.525685 | lr:0.0018 | train_time:14819.85s | step:4093.82ms
step:3561/4768 | loss 3.554631 | lr:0.0018 | train_time:14823.94s | step:4092.15ms
step:3562/4768 | loss 3.596488 | lr:0.0018 | train_time:14828.03s | step:4087.70ms
step:3563/4768 | loss 3.556328 | lr:0.0018 | train_time:14832.13s | step:4099.69ms
step:3564/4768 | loss 3.819108 | lr:0.0018 | train_time:14836.23s | step:4098.21ms
step:3565/4768 | loss 3.582858 | lr:0.0018 | train_time:14840.34s | step:4109.05ms
step:3566/4768 | loss 3.607386 | lr:0.0018 | train_time:14844.45s | step:4112.65ms
step:3567/4768 | loss 3.584951 | lr:0.0018 | train_time:14848.57s | step:4114.78ms
step:3568/4768 | loss 3.513083 | lr:0.0018 | train_time:14852.66s | step:4097.89ms
step:3569/4768 | loss 3.485623 | lr:0.0018 | train_time:14856.75s | step:4086.96ms
step:3570/4768 | loss 3.597103 | lr:0.0018 | train_time:14860.85s | step:4104.61ms
step:3571/4768 | loss 3.663783 | lr:0.0018 | train_time:14864.95s | step:4093.10ms
step:3572/4768 | loss 3.538078 | lr:0.0018 | train_time:14869.04s | step:4090.55ms
step:3573/4768 | loss 3.659222 | lr:0.0018 | train_time:14873.13s | step:4090.55ms
step:3574/4768 | loss 3.583655 | lr:0.0018 | train_time:14877.23s | step:4096.88ms
step:3575/4768 | loss 3.553989 | lr:0.0018 | train_time:14881.33s | step:4102.86ms
step:3576/4768 | loss 3.524320 | lr:0.0018 | train_time:14885.41s | step:4082.91ms
step:3577/4768 | loss 3.597866 | lr:0.0018 | train_time:14889.52s | step:4103.72ms
step:3578/4768 | loss 3.544256 | lr:0.0018 | train_time:14893.62s | step:4105.70ms
step:3579/4768 | loss 3.514241 | lr:0.0018 | train_time:14897.72s | step:4101.96ms
step:3580/4768 | loss 3.608466 | lr:0.0018 | train_time:14901.84s | step:4114.65ms
step:3581/4768 | loss 3.599970 | lr:0.0018 | train_time:14905.92s | step:4087.21ms
step:3582/4768 | loss 3.584635 | lr:0.0018 | train_time:14910.02s | step:4095.53ms
step:3583/4768 | loss 3.556289 | lr:0.0018 | train_time:14914.11s | step:4091.22ms
step:3584/4768 | loss 3.561680 | lr:0.0018 | train_time:14918.21s | step:4095.78ms
saved checkpoint: runs/baseline-20260718T074451Z/full-seed-0/checkpoint.pt (next step 3584)
step:3584/4768 | val loss 3.547741
step:3585/4768 | loss 3.559505 | lr:0.0018 | train_time:14922.29s | step:4082.14ms
step:3586/4768 | loss 3.518141 | lr:0.0018 | train_time:14926.36s | step:4071.00ms
step:3587/4768 | loss 3.591652 | lr:0.0018 | train_time:14930.44s | step:4082.71ms
step:3588/4768 | loss 3.539834 | lr:0.0018 | train_time:14934.53s | step:4081.98ms
step:3589/4768 | loss 3.783984 | lr:0.0018 | train_time:14938.62s | step:4091.04ms
step:3590/4768 | loss 3.577593 | lr:0.0018 | train_time:14942.70s | step:4084.52ms
step:3591/4768 | loss 3.550779 | lr:0.0018 | train_time:14946.78s | step:4079.07ms
step:3592/4768 | loss 3.576937 | lr:0.0018 | train_time:14950.86s | step:4078.20ms
step:3593/4768 | loss 3.526347 | lr:0.0018 | train_time:14954.94s | step:4079.93ms
step:3594/4768 | loss 3.552194 | lr:0.0018 | train_time:14959.03s | step:4090.06ms
step:3595/4768 | loss 3.513568 | lr:0.0018 | train_time:14963.10s | step:4074.93ms
step:3596/4768 | loss 3.558280 | lr:0.0018 | train_time:14967.18s | step:4079.71ms
step:3597/4768 | loss 3.531339 | lr:0.0018 | train_time:14971.27s | step:4086.41ms
step:3598/4768 | loss 3.634424 | lr:0.0018 | train_time:14975.36s | step:4086.43ms
step:3599/4768 | loss 3.608307 | lr:0.0018 | train_time:14979.43s | step:4078.65ms
step:3600/4768 | loss 3.527563 | lr:0.0018 | train_time:14983.52s | step:4089.61ms
step:3601/4768 | loss 3.582589 | lr:0.0018 | train_time:14987.60s | step:4079.08ms
step:3602/4768 | loss 3.546099 | lr:0.0018 | train_time:14991.70s | step:4092.42ms
step:3603/4768 | loss 3.528647 | lr:0.0018 | train_time:14995.78s | step:4081.58ms
step:3604/4768 | loss 3.533269 | lr:0.0018 | train_time:14999.86s | step:4086.67ms
step:3605/4768 | loss 3.554075 | lr:0.0018 | train_time:15003.95s | step:4090.45ms
step:3606/4768 | loss 3.581372 | lr:0.0018 | train_time:15008.05s | step:4095.60ms
step:3607/4768 | loss 3.654343 | lr:0.0018 | train_time:15012.13s | step:4081.77ms
step:3608/4768 | loss 3.612415 | lr:0.0018 | train_time:15016.21s | step:4080.04ms
step:3609/4768 | loss 3.583403 | lr:0.0018 | train_time:15020.30s | step:4089.13ms
step:3610/4768 | loss 3.572606 | lr:0.0018 | train_time:15024.38s | step:4080.41ms
step:3611/4768 | loss 3.575132 | lr:0.0018 | train_time:15028.47s | step:4086.83ms
step:3612/4768 | loss 3.511743 | lr:0.0018 | train_time:15032.57s | step:4100.04ms
step:3613/4768 | loss 3.567730 | lr:0.0018 | train_time:15036.63s | step:4061.77ms
step:3614/4768 | loss 3.580163 | lr:0.0018 | train_time:15040.72s | step:4085.59ms
step:3615/4768 | loss 3.594480 | lr:0.0018 | train_time:15044.80s | step:4081.55ms
step:3616/4768 | loss 3.506267 | lr:0.0018 | train_time:15048.87s | step:4075.19ms
step:3617/4768 | loss 3.515397 | lr:0.0018 | train_time:15052.96s | step:4091.02ms
step:3618/4768 | loss 3.609500 | lr:0.0018 | train_time:15057.06s | step:4092.32ms
step:3619/4768 | loss 3.578808 | lr:0.0018 | train_time:15061.13s | step:4075.74ms
step:3620/4768 | loss 3.547413 | lr:0.0018 | train_time:15065.19s | step:4062.27ms
step:3621/4768 | loss 3.566451 | lr:0.0018 | train_time:15069.28s | step:4087.03ms
step:3622/4768 | loss 3.548156 | lr:0.0018 | train_time:15073.34s | step:4063.06ms
step:3623/4768 | loss 3.549000 | lr:0.0018 | train_time:15077.43s | step:4088.64ms
step:3624/4768 | loss 3.657842 | lr:0.0018 | train_time:15081.94s | step:4505.89ms
step:3625/4768 | loss 3.588892 | lr:0.0018 | train_time:15086.02s | step:4079.29ms
step:3626/4768 | loss 3.617442 | lr:0.0018 | train_time:15090.09s | step:4070.22ms
step:3627/4768 | loss 3.545252 | lr:0.0018 | train_time:15094.15s | step:4065.67ms
step:3628/4768 | loss 3.537804 | lr:0.0018 | train_time:15098.23s | step:4076.20ms
step:3629/4768 | loss 3.570879 | lr:0.0018 | train_time:15102.31s | step:4079.98ms
step:3630/4768 | loss 3.580334 | lr:0.0018 | train_time:15106.37s | step:4065.67ms
step:3631/4768 | loss 3.617276 | lr:0.0018 | train_time:15110.46s | step:4082.87ms
step:3632/4768 | loss 3.580766 | lr:0.0018 | train_time:15114.53s | step:4068.31ms
step:3633/4768 | loss 3.542017 | lr:0.0018 | train_time:15118.60s | step:4078.63ms
step:3634/4768 | loss 3.577310 | lr:0.0018 | train_time:15122.67s | step:4069.78ms
step:3635/4768 | loss 3.567271 | lr:0.0018 | train_time:15126.76s | step:4082.80ms
step:3636/4768 | loss 3.542034 | lr:0.0018 | train_time:15130.83s | step:4072.80ms
step:3637/4768 | loss 3.645563 | lr:0.0018 | train_time:15134.90s | step:4074.35ms
step:3638/4768 | loss 3.590113 | lr:0.0018 | train_time:15138.98s | step:4074.12ms
step:3639/4768 | loss 3.660078 | lr:0.0018 | train_time:15143.04s | step:4061.01ms
step:3640/4768 | loss 3.591789 | lr:0.0018 | train_time:15147.10s | step:4061.17ms
step:3641/4768 | loss 3.613451 | lr:0.0018 | train_time:15151.18s | step:4080.22ms
step:3642/4768 | loss 3.607414 | lr:0.0018 | train_time:15155.25s | step:4066.25ms
step:3643/4768 | loss 3.594929 | lr:0.0018 | train_time:15159.33s | step:4083.88ms
step:3644/4768 | loss 3.616204 | lr:0.0018 | train_time:15163.40s | step:4066.61ms
step:3645/4768 | loss 3.657900 | lr:0.0018 | train_time:15167.47s | step:4071.46ms
step:3646/4768 | loss 3.573849 | lr:0.0018 | train_time:15171.55s | step:4078.41ms
step:3647/4768 | loss 3.687656 | lr:0.0018 | train_time:15175.63s | step:4077.92ms
step:3648/4768 | loss 3.563733 | lr:0.0018 | train_time:15179.71s | step:4082.78ms
step:3649/4768 | loss 3.617244 | lr:0.0018 | train_time:15183.77s | step:4062.37ms
step:3650/4768 | loss 3.508966 | lr:0.0018 | train_time:15187.86s | step:4089.90ms
step:3651/4768 | loss 3.541137 | lr:0.0018 | train_time:15191.93s | step:4071.93ms
step:3652/4768 | loss 3.528788 | lr:0.0018 | train_time:15196.00s | step:4063.90ms
step:3653/4768 | loss 3.609493 | lr:0.0018 | train_time:15200.08s | step:4079.54ms
step:3654/4768 | loss 3.531615 | lr:0.0018 | train_time:15204.14s | step:4060.74ms
step:3655/4768 | loss 3.489859 | lr:0.0018 | train_time:15208.20s | step:4063.04ms
step:3656/4768 | loss 3.535671 | lr:0.0018 | train_time:15212.28s | step:4078.27ms
step:3657/4768 | loss 3.518178 | lr:0.0018 | train_time:15216.34s | step:4059.34ms
step:3658/4768 | loss 3.596998 | lr:0.0018 | train_time:15220.40s | step:4065.03ms
step:3659/4768 | loss 3.554919 | lr:0.0018 | train_time:15224.48s | step:4077.15ms
step:3660/4768 | loss 3.571473 | lr:0.0018 | train_time:15228.55s | step:4074.52ms
step:3661/4768 | loss 3.564519 | lr:0.0018 | train_time:15232.63s | step:4078.71ms
step:3662/4768 | loss 3.542366 | lr:0.0018 | train_time:15236.71s | step:4076.02ms
step:3663/4768 | loss 3.549559 | lr:0.0018 | train_time:15240.78s | step:4073.68ms
step:3664/4768 | loss 3.549533 | lr:0.0018 | train_time:15244.86s | step:4076.12ms
step:3665/4768 | loss 3.548656 | lr:0.0018 | train_time:15248.93s | step:4069.84ms
step:3666/4768 | loss 3.544644 | lr:0.0018 | train_time:15252.99s | step:4057.33ms
step:3667/4768 | loss 3.574036 | lr:0.0018 | train_time:15257.05s | step:4064.03ms
step:3668/4768 | loss 3.735298 | lr:0.0018 | train_time:15261.12s | step:4068.70ms
step:3669/4768 | loss 3.591271 | lr:0.0018 | train_time:15265.19s | step:4067.82ms
step:3670/4768 | loss 3.536878 | lr:0.0018 | train_time:15269.25s | step:4061.33ms
step:3671/4768 | loss 3.545459 | lr:0.0018 | train_time:15273.32s | step:4073.89ms
step:3672/4768 | loss 3.580076 | lr:0.0018 | train_time:15277.39s | step:4067.98ms
step:3673/4768 | loss 3.594337 | lr:0.0018 | train_time:15281.45s | step:4057.91ms
step:3674/4768 | loss 3.525620 | lr:0.0018 | train_time:15285.53s | step:4080.74ms
step:3675/4768 | loss 3.587270 | lr:0.0018 | train_time:15289.59s | step:4066.05ms
step:3676/4768 | loss 3.561566 | lr:0.0018 | train_time:15293.66s | step:4062.09ms
step:3677/4768 | loss 3.588323 | lr:0.0018 | train_time:15297.72s | step:4063.69ms
step:3678/4768 | loss 3.548743 | lr:0.0018 | train_time:15301.79s | step:4070.08ms
step:3679/4768 | loss 3.537392 | lr:0.0018 | train_time:15305.86s | step:4066.11ms
step:3680/4768 | loss 3.544476 | lr:0.0018 | train_time:15309.92s | step:4065.94ms
step:3681/4768 | loss 3.501441 | lr:0.0018 | train_time:15313.99s | step:4071.85ms
step:3682/4768 | loss 3.549425 | lr:0.0018 | train_time:15318.06s | step:4069.76ms
step:3683/4768 | loss 3.636667 | lr:0.0018 | train_time:15322.14s | step:4076.35ms
step:3684/4768 | loss 3.548161 | lr:0.0018 | train_time:15326.20s | step:4057.08ms
step:3685/4768 | loss 3.563892 | lr:0.0018 | train_time:15330.27s | step:4069.16ms
step:3686/4768 | loss 3.531134 | lr:0.0018 | train_time:15334.33s | step:4067.00ms
step:3687/4768 | loss 3.587450 | lr:0.0018 | train_time:15338.40s | step:4069.70ms
step:3688/4768 | loss 3.591650 | lr:0.0018 | train_time:15342.48s | step:4080.47ms
step:3689/4768 | loss 3.525403 | lr:0.0018 | train_time:15346.55s | step:4068.98ms
step:3690/4768 | loss 3.559041 | lr:0.0018 | train_time:15350.62s | step:4064.46ms
step:3691/4768 | loss 3.521029 | lr:0.0018 | train_time:15354.67s | step:4057.93ms
step:3692/4768 | loss 3.521294 | lr:0.0018 | train_time:15358.73s | step:4057.86ms
step:3693/4768 | loss 3.561540 | lr:0.0018 | train_time:15362.80s | step:4065.78ms
step:3694/4768 | loss 3.601234 | lr:0.0018 | train_time:15366.87s | step:4072.33ms
step:3695/4768 | loss 3.735583 | lr:0.0018 | train_time:15370.94s | step:4073.85ms
step:3696/4768 | loss 3.513691 | lr:0.0018 | train_time:15375.01s | step:4065.53ms
step:3697/4768 | loss 3.609581 | lr:0.0018 | train_time:15379.08s | step:4068.72ms
step:3698/4768 | loss 3.593063 | lr:0.0018 | train_time:15383.14s | step:4056.84ms
step:3699/4768 | loss 3.452442 | lr:0.0018 | train_time:15387.19s | step:4056.40ms
step:3700/4768 | loss 3.558372 | lr:0.0018 | train_time:15391.26s | step:4064.09ms
step:3701/4768 | loss 3.461726 | lr:0.0018 | train_time:15395.32s | step:4066.16ms
step:3702/4768 | loss 3.566929 | lr:0.0018 | train_time:15399.39s | step:4063.88ms
step:3703/4768 | loss 3.578760 | lr:0.0018 | train_time:15403.44s | step:4057.17ms
step:3704/4768 | loss 3.563619 | lr:0.0018 | train_time:15407.51s | step:4063.13ms
step:3705/4768 | loss 3.558829 | lr:0.0018 | train_time:15411.59s | step:4081.76ms
step:3706/4768 | loss 3.585215 | lr:0.0018 | train_time:15415.66s | step:4073.18ms
step:3707/4768 | loss 3.566239 | lr:0.0018 | train_time:15419.72s | step:4057.33ms
step:3708/4768 | loss 3.485159 | lr:0.0018 | train_time:15423.78s | step:4062.55ms
step:3709/4768 | loss 3.588178 | lr:0.0018 | train_time:15427.85s | step:4067.68ms
step:3710/4768 | loss 3.571106 | lr:0.0018 | train_time:15431.91s | step:4058.06ms
step:3711/4768 | loss 3.464403 | lr:0.0018 | train_time:15435.96s | step:4056.59ms
step:3712/4768 | loss 3.585934 | lr:0.0018 | train_time:15440.03s | step:4067.94ms
step:3712/4768 | val loss 3.542397
step:3713/4768 | loss 3.569503 | lr:0.0018 | train_time:15444.11s | step:4080.83ms
step:3714/4768 | loss 3.547314 | lr:0.0018 | train_time:15448.17s | step:4056.07ms
step:3715/4768 | loss 3.581254 | lr:0.0018 | train_time:15452.22s | step:4055.87ms
step:3716/4768 | loss 3.660426 | lr:0.0018 | train_time:15456.28s | step:4055.56ms
step:3717/4768 | loss 3.552288 | lr:0.0018 | train_time:15460.34s | step:4056.25ms
step:3718/4768 | loss 3.572504 | lr:0.0018 | train_time:15464.39s | step:4056.82ms
step:3719/4768 | loss 3.544717 | lr:0.0018 | train_time:15468.46s | step:4065.82ms
step:3720/4768 | loss 3.558240 | lr:0.0018 | train_time:15472.52s | step:4057.25ms
step:3721/4768 | loss 3.518969 | lr:0.0018 | train_time:15476.57s | step:4057.14ms
step:3722/4768 | loss 3.629647 | lr:0.0018 | train_time:15480.64s | step:4063.90ms
step:3723/4768 | loss 3.617159 | lr:0.0018 | train_time:15484.69s | step:4056.08ms
step:3724/4768 | loss 3.578077 | lr:0.0018 | train_time:15488.75s | step:4055.72ms
step:3725/4768 | loss 3.484426 | lr:0.0018 | train_time:15492.80s | step:4055.25ms
step:3726/4768 | loss 3.623584 | lr:0.0018 | train_time:15496.86s | step:4055.31ms
step:3727/4768 | loss 3.581180 | lr:0.0018 | train_time:15500.92s | step:4056.10ms
step:3728/4768 | loss 3.624032 | lr:0.0018 | train_time:15504.97s | step:4056.35ms
step:3729/4768 | loss 3.636060 | lr:0.0018 | train_time:15509.04s | step:4063.98ms
step:3730/4768 | loss 3.518271 | lr:0.0018 | train_time:15513.09s | step:4056.31ms
step:3731/4768 | loss 3.521204 | lr:0.0018 | train_time:15517.15s | step:4056.52ms
step:3732/4768 | loss 3.583036 | lr:0.0018 | train_time:15521.22s | step:4068.80ms
step:3733/4768 | loss 3.684247 | lr:0.0018 | train_time:15525.27s | step:4056.37ms
step:3734/4768 | loss 3.565322 | lr:0.0018 | train_time:15529.33s | step:4056.94ms
step:3735/4768 | loss 3.536149 | lr:0.0018 | train_time:15533.39s | step:4056.06ms
step:3736/4768 | loss 3.559504 | lr:0.0018 | train_time:15537.44s | step:4055.10ms
step:3737/4768 | loss 3.528740 | lr:0.0018 | train_time:15541.50s | step:4055.01ms
step:3738/4768 | loss 3.568748 | lr:0.0018 | train_time:15545.57s | step:4071.21ms
step:3739/4768 | loss 3.673854 | lr:0.0018 | train_time:15549.63s | step:4056.93ms
step:3740/4768 | loss 3.549031 | lr:0.0018 | train_time:15553.68s | step:4057.06ms
step:3741/4768 | loss 3.522596 | lr:0.0018 | train_time:15557.75s | step:4063.03ms
step:3742/4768 | loss 3.574733 | lr:0.0018 | train_time:15561.80s | step:4055.71ms
step:3743/4768 | loss 3.605766 | lr:0.0018 | train_time:15565.86s | step:4056.08ms
step:3744/4768 | loss 3.534620 | lr:0.0018 | train_time:15569.91s | step:4056.36ms
step:3745/4768 | loss 3.566087 | lr:0.0018 | train_time:15573.98s | step:4070.04ms
step:3746/4768 | loss 3.567482 | lr:0.00179824 | train_time:15578.04s | step:4056.55ms
step:3747/4768 | loss 3.542245 | lr:0.00179648 | train_time:15582.10s | step:4057.44ms
step:3748/4768 | loss 3.542598 | lr:0.00179473 | train_time:15586.17s | step:4070.97ms
step:3749/4768 | loss 3.564402 | lr:0.00179297 | train_time:15590.24s | step:4070.92ms
step:3750/4768 | loss 3.575377 | lr:0.00179121 | train_time:15594.30s | step:4056.88ms
step:3751/4768 | loss 3.604781 | lr:0.00178945 | train_time:15598.35s | step:4057.05ms
step:3752/4768 | loss 3.691676 | lr:0.0017877 | train_time:15602.41s | step:4058.00ms
step:3753/4768 | loss 3.593012 | lr:0.00178594 | train_time:15606.47s | step:4056.83ms
step:3754/4768 | loss 3.555102 | lr:0.00178418 | train_time:15610.52s | step:4056.67ms
step:3755/4768 | loss 3.509251 | lr:0.00178242 | train_time:15614.58s | step:4057.00ms
step:3756/4768 | loss 3.602548 | lr:0.00178066 | train_time:15618.64s | step:4056.96ms
step:3757/4768 | loss 3.725964 | lr:0.00177891 | train_time:15622.69s | step:4056.37ms
step:3758/4768 | loss 3.535087 | lr:0.00177715 | train_time:15626.75s | step:4056.05ms
step:3759/4768 | loss 3.553022 | lr:0.00177539 | train_time:15630.81s | step:4056.31ms
step:3760/4768 | loss 3.514396 | lr:0.00177363 | train_time:15634.86s | step:4056.20ms
step:3761/4768 | loss 3.531456 | lr:0.00177188 | train_time:15638.92s | step:4055.61ms
step:3762/4768 | loss 3.512821 | lr:0.00177012 | train_time:15642.99s | step:4069.75ms
step:3763/4768 | loss 3.552843 | lr:0.00176836 | train_time:15647.04s | step:4056.11ms
step:3764/4768 | loss 3.569317 | lr:0.0017666 | train_time:15651.10s | step:4055.56ms
step:3765/4768 | loss 3.486824 | lr:0.00176484 | train_time:15655.17s | step:4068.59ms
step:3766/4768 | loss 3.571138 | lr:0.00176309 | train_time:15659.23s | step:4056.95ms
step:3767/4768 | loss 3.508396 | lr:0.00176133 | train_time:15663.28s | step:4055.27ms
step:3768/4768 | loss 3.581648 | lr:0.00175957 | train_time:15667.35s | step:4064.03ms
step:3769/4768 | loss 3.543781 | lr:0.00175781 | train_time:15671.40s | step:4056.18ms
step:3770/4768 | loss 3.534271 | lr:0.00175605 | train_time:15675.46s | step:4056.53ms
step:3771/4768 | loss 3.868709 | lr:0.0017543 | train_time:15679.52s | step:4057.24ms
step:3772/4768 | loss 3.565262 | lr:0.00175254 | train_time:15683.57s | step:4055.96ms
step:3773/4768 | loss 3.575609 | lr:0.00175078 | train_time:15687.64s | step:4065.25ms
step:3774/4768 | loss 3.553726 | lr:0.00174902 | train_time:15691.69s | step:4055.77ms
step:3775/4768 | loss 3.513644 | lr:0.00174727 | train_time:15695.75s | step:4061.49ms
step:3776/4768 | loss 3.557805 | lr:0.00174551 | train_time:15699.81s | step:4056.69ms
step:3777/4768 | loss 3.523896 | lr:0.00174375 | train_time:15703.87s | step:4056.15ms
step:3778/4768 | loss 3.565084 | lr:0.00174199 | train_time:15707.92s | step:4055.33ms
step:3779/4768 | loss 3.486445 | lr:0.00174023 | train_time:15711.98s | step:4055.72ms
step:3780/4768 | loss 3.504311 | lr:0.00173848 | train_time:15716.03s | step:4055.98ms
step:3781/4768 | loss 3.569811 | lr:0.00173672 | train_time:15720.09s | step:4055.58ms
step:3782/4768 | loss 3.543225 | lr:0.00173496 | train_time:15724.14s | step:4055.65ms
step:3783/4768 | loss 3.503422 | lr:0.0017332 | train_time:15728.21s | step:4067.56ms
step:3784/4768 | loss 3.503838 | lr:0.00173145 | train_time:15732.28s | step:4066.19ms
step:3785/4768 | loss 3.614284 | lr:0.00172969 | train_time:15736.34s | step:4057.13ms
step:3786/4768 | loss 3.535445 | lr:0.00172793 | train_time:15740.39s | step:4055.79ms
step:3787/4768 | loss 3.527898 | lr:0.00172617 | train_time:15744.45s | step:4056.17ms
step:3788/4768 | loss 3.551226 | lr:0.00172441 | train_time:15748.50s | step:4056.82ms
step:3789/4768 | loss 3.563155 | lr:0.00172266 | train_time:15752.56s | step:4055.99ms
step:3790/4768 | loss 3.489210 | lr:0.0017209 | train_time:15756.62s | step:4055.05ms
step:3791/4768 | loss 3.475808 | lr:0.00171914 | train_time:15760.67s | step:4055.33ms
step:3792/4768 | loss 3.568501 | lr:0.00171738 | train_time:15764.73s | step:4054.76ms
step:3793/4768 | loss 3.584681 | lr:0.00171562 | train_time:15768.78s | step:4054.92ms
step:3794/4768 | loss 3.533035 | lr:0.00171387 | train_time:15772.84s | step:4062.34ms
step:3795/4768 | loss 3.564787 | lr:0.00171211 | train_time:15776.90s | step:4055.85ms
step:3796/4768 | loss 3.533019 | lr:0.00171035 | train_time:15780.97s | step:4068.49ms
step:3797/4768 | loss 3.564926 | lr:0.00170859 | train_time:15785.02s | step:4056.49ms
step:3798/4768 | loss 3.536444 | lr:0.00170684 | train_time:15789.09s | step:4063.84ms
step:3799/4768 | loss 3.568738 | lr:0.00170508 | train_time:15793.14s | step:4055.92ms
step:3800/4768 | loss 3.526781 | lr:0.00170332 | train_time:15797.20s | step:4056.18ms
step:3801/4768 | loss 3.541656 | lr:0.00170156 | train_time:15801.26s | step:4055.65ms
step:3802/4768 | loss 3.465634 | lr:0.0016998 | train_time:15805.31s | step:4055.89ms
step:3803/4768 | loss 3.534629 | lr:0.00169805 | train_time:15809.38s | step:4063.90ms
step:3804/4768 | loss 3.561257 | lr:0.00169629 | train_time:15813.43s | step:4055.82ms
step:3805/4768 | loss 3.580703 | lr:0.00169453 | train_time:15817.50s | step:4064.62ms
step:3806/4768 | loss 3.572702 | lr:0.00169277 | train_time:15821.57s | step:4072.42ms
step:3807/4768 | loss 3.570751 | lr:0.00169102 | train_time:15825.63s | step:4057.32ms
step:3808/4768 | loss 3.567691 | lr:0.00168926 | train_time:15829.68s | step:4056.29ms
step:3809/4768 | loss 3.610807 | lr:0.0016875 | train_time:15833.74s | step:4055.31ms
step:3810/4768 | loss 3.549379 | lr:0.00168574 | train_time:15837.79s | step:4056.76ms
step:3811/4768 | loss 3.553774 | lr:0.00168398 | train_time:15841.85s | step:4055.05ms
step:3812/4768 | loss 3.576590 | lr:0.00168223 | train_time:15845.90s | step:4054.69ms
step:3813/4768 | loss 3.524486 | lr:0.00168047 | train_time:15849.96s | step:4054.95ms
step:3814/4768 | loss 3.515764 | lr:0.00167871 | train_time:15854.01s | step:4054.07ms
step:3815/4768 | loss 3.533507 | lr:0.00167695 | train_time:15858.45s | step:4438.73ms
step:3816/4768 | loss 3.526146 | lr:0.0016752 | train_time:15862.51s | step:4054.65ms
step:3817/4768 | loss 3.581343 | lr:0.00167344 | train_time:15866.56s | step:4055.65ms
step:3818/4768 | loss 3.548209 | lr:0.00167168 | train_time:15870.62s | step:4056.31ms
step:3819/4768 | loss 3.576221 | lr:0.00166992 | train_time:15874.67s | step:4055.25ms
step:3820/4768 | loss 3.573267 | lr:0.00166816 | train_time:15878.73s | step:4061.73ms
step:3821/4768 | loss 3.578493 | lr:0.00166641 | train_time:15882.79s | step:4055.70ms
step:3822/4768 | loss 3.550593 | lr:0.00166465 | train_time:15886.84s | step:4054.46ms
step:3823/4768 | loss 3.584425 | lr:0.00166289 | train_time:15890.91s | step:4060.97ms
step:3824/4768 | loss 3.517069 | lr:0.00166113 | train_time:15894.96s | step:4055.19ms
step:3825/4768 | loss 3.555276 | lr:0.00165938 | train_time:15899.02s | step:4055.81ms
step:3826/4768 | loss 3.497752 | lr:0.00165762 | train_time:15903.07s | step:4055.34ms
step:3827/4768 | loss 3.625247 | lr:0.00165586 | train_time:15907.13s | step:4056.15ms
step:3828/4768 | loss 3.529387 | lr:0.0016541 | train_time:15911.20s | step:4069.75ms
step:3829/4768 | loss 3.582193 | lr:0.00165234 | train_time:15915.25s | step:4055.61ms
step:3830/4768 | loss 3.544914 | lr:0.00165059 | train_time:15919.31s | step:4054.84ms
step:3831/4768 | loss 3.511764 | lr:0.00164883 | train_time:15923.37s | step:4056.67ms
step:3832/4768 | loss 3.566968 | lr:0.00164707 | train_time:15927.43s | step:4066.85ms
step:3833/4768 | loss 3.551300 | lr:0.00164531 | train_time:15931.49s | step:4055.58ms
step:3834/4768 | loss 3.533197 | lr:0.00164355 | train_time:15935.54s | step:4056.91ms
step:3835/4768 | loss 3.531269 | lr:0.0016418 | train_time:15939.60s | step:4056.21ms
step:3836/4768 | loss 3.485632 | lr:0.00164004 | train_time:15943.66s | step:4054.50ms
step:3837/4768 | loss 3.531341 | lr:0.00163828 | train_time:15947.71s | step:4055.43ms
step:3838/4768 | loss 3.526592 | lr:0.00163652 | train_time:15951.77s | step:4057.15ms
step:3839/4768 | loss 3.535598 | lr:0.00163477 | train_time:15955.82s | step:4056.57ms
step:3840/4768 | loss 3.514080 | lr:0.00163301 | train_time:15959.88s | step:4056.44ms
step:3840/4768 | val loss 3.529897
step:3841/4768 | loss 3.585148 | lr:0.00163125 | train_time:15963.96s | step:4083.11ms
step:3842/4768 | loss 3.563931 | lr:0.00162949 | train_time:15968.02s | step:4059.07ms
step:3843/4768 | loss 3.560841 | lr:0.00162773 | train_time:15972.08s | step:4053.02ms
step:3844/4768 | loss 3.508940 | lr:0.00162598 | train_time:15976.13s | step:4052.66ms
step:3845/4768 | loss 3.597543 | lr:0.00162422 | train_time:15980.18s | step:4052.15ms
step:3846/4768 | loss 3.581071 | lr:0.00162246 | train_time:15984.23s | step:4052.36ms
step:3847/4768 | loss 3.586919 | lr:0.0016207 | train_time:15988.29s | step:4052.89ms
step:3848/4768 | loss 3.562150 | lr:0.00161895 | train_time:15992.34s | step:4052.03ms
step:3849/4768 | loss 3.474827 | lr:0.00161719 | train_time:15996.39s | step:4053.67ms
step:3850/4768 | loss 3.493787 | lr:0.00161543 | train_time:16000.45s | step:4054.36ms
step:3851/4768 | loss 3.565166 | lr:0.00161367 | train_time:16004.50s | step:4053.12ms
step:3852/4768 | loss 3.613733 | lr:0.00161191 | train_time:16008.57s | step:4066.65ms
step:3853/4768 | loss 3.734479 | lr:0.00161016 | train_time:16012.63s | step:4065.74ms
step:3854/4768 | loss 3.609458 | lr:0.0016084 | train_time:16016.69s | step:4053.75ms
step:3855/4768 | loss 3.567157 | lr:0.00160664 | train_time:16020.74s | step:4054.20ms
step:3856/4768 | loss 3.576565 | lr:0.00160488 | train_time:16024.81s | step:4067.37ms
step:3857/4768 | loss 3.548110 | lr:0.00160312 | train_time:16028.86s | step:4056.06ms
step:3858/4768 | loss 3.541992 | lr:0.00160137 | train_time:16032.92s | step:4054.52ms
step:3859/4768 | loss 3.554990 | lr:0.00159961 | train_time:16036.97s | step:4054.45ms
step:3860/4768 | loss 3.491973 | lr:0.00159785 | train_time:16041.03s | step:4054.60ms
step:3861/4768 | loss 3.564307 | lr:0.00159609 | train_time:16045.08s | step:4053.66ms
step:3862/4768 | loss 3.592872 | lr:0.00159434 | train_time:16049.15s | step:4065.77ms
step:3863/4768 | loss 3.515551 | lr:0.00159258 | train_time:16053.21s | step:4065.63ms
step:3864/4768 | loss 3.533523 | lr:0.00159082 | train_time:16057.27s | step:4053.59ms
step:3865/4768 | loss 3.566247 | lr:0.00158906 | train_time:16061.32s | step:4054.34ms
step:3866/4768 | loss 3.520352 | lr:0.0015873 | train_time:16065.37s | step:4053.42ms
step:3867/4768 | loss 3.568727 | lr:0.00158555 | train_time:16069.43s | step:4054.13ms
step:3868/4768 | loss 3.559364 | lr:0.00158379 | train_time:16073.48s | step:4053.26ms
step:3869/4768 | loss 3.537854 | lr:0.00158203 | train_time:16077.53s | step:4052.54ms
step:3870/4768 | loss 3.523111 | lr:0.00158027 | train_time:16081.59s | step:4052.78ms
step:3871/4768 | loss 3.548240 | lr:0.00157852 | train_time:16085.64s | step:4053.32ms
step:3872/4768 | loss 3.469676 | lr:0.00157676 | train_time:16089.70s | step:4057.08ms
step:3873/4768 | loss 3.547273 | lr:0.001575 | train_time:16093.75s | step:4053.08ms
step:3874/4768 | loss 3.658147 | lr:0.00157324 | train_time:16097.80s | step:4053.44ms
step:3875/4768 | loss 3.540468 | lr:0.00157148 | train_time:16101.86s | step:4052.27ms
step:3876/4768 | loss 3.613955 | lr:0.00156973 | train_time:16105.91s | step:4052.62ms
step:3877/4768 | loss 3.625381 | lr:0.00156797 | train_time:16109.96s | step:4053.74ms
step:3878/4768 | loss 3.562007 | lr:0.00156621 | train_time:16114.01s | step:4053.51ms
step:3879/4768 | loss 3.550321 | lr:0.00156445 | train_time:16118.07s | step:4053.44ms
step:3880/4768 | loss 3.617401 | lr:0.0015627 | train_time:16122.12s | step:4052.24ms
step:3881/4768 | loss 3.593516 | lr:0.00156094 | train_time:16126.19s | step:4065.66ms
step:3882/4768 | loss 3.639320 | lr:0.00155918 | train_time:16130.24s | step:4054.02ms
step:3883/4768 | loss 3.522843 | lr:0.00155742 | train_time:16134.29s | step:4052.27ms
step:3884/4768 | loss 3.493124 | lr:0.00155566 | train_time:16138.34s | step:4051.21ms
step:3885/4768 | loss 3.528139 | lr:0.00155391 | train_time:16142.40s | step:4060.87ms
step:3886/4768 | loss 3.567043 | lr:0.00155215 | train_time:16146.46s | step:4053.25ms
step:3887/4768 | loss 3.533988 | lr:0.00155039 | train_time:16150.51s | step:4053.20ms
step:3888/4768 | loss 3.588159 | lr:0.00154863 | train_time:16154.56s | step:4052.35ms
step:3889/4768 | loss 3.587861 | lr:0.00154687 | train_time:16158.62s | step:4052.07ms
step:3890/4768 | loss 3.517944 | lr:0.00154512 | train_time:16162.67s | step:4053.43ms
step:3891/4768 | loss 3.533875 | lr:0.00154336 | train_time:16166.72s | step:4053.51ms
step:3892/4768 | loss 3.561701 | lr:0.0015416 | train_time:16170.78s | step:4053.90ms
step:3893/4768 | loss 3.520765 | lr:0.00153984 | train_time:16174.83s | step:4053.24ms
step:3894/4768 | loss 3.518159 | lr:0.00153809 | train_time:16178.88s | step:4052.05ms
step:3895/4768 | loss 3.551987 | lr:0.00153633 | train_time:16182.93s | step:4052.14ms
step:3896/4768 | loss 3.564608 | lr:0.00153457 | train_time:16187.00s | step:4064.46ms
step:3897/4768 | loss 3.539277 | lr:0.00153281 | train_time:16191.06s | step:4057.66ms
step:3898/4768 | loss 3.516661 | lr:0.00153105 | train_time:16195.11s | step:4052.85ms
step:3899/4768 | loss 3.556139 | lr:0.0015293 | train_time:16199.17s | step:4064.57ms
step:3900/4768 | loss 3.547396 | lr:0.00152754 | train_time:16203.23s | step:4052.76ms
step:3901/4768 | loss 3.624809 | lr:0.00152578 | train_time:16207.29s | step:4066.39ms
step:3902/4768 | loss 3.528662 | lr:0.00152402 | train_time:16211.35s | step:4054.54ms
step:3903/4768 | loss 3.558077 | lr:0.00152227 | train_time:16215.40s | step:4053.87ms
step:3904/4768 | loss 3.513064 | lr:0.00152051 | train_time:16219.45s | step:4054.00ms
step:3905/4768 | loss 3.519339 | lr:0.00151875 | train_time:16223.51s | step:4052.90ms
step:3906/4768 | loss 3.519420 | lr:0.00151699 | train_time:16227.56s | step:4053.00ms
step:3907/4768 | loss 3.527921 | lr:0.00151523 | train_time:16231.61s | step:4052.78ms
step:3908/4768 | loss 3.513255 | lr:0.00151348 | train_time:16235.67s | step:4051.82ms
step:3909/4768 | loss 3.572283 | lr:0.00151172 | train_time:16239.73s | step:4063.18ms
step:3910/4768 | loss 3.639041 | lr:0.00150996 | train_time:16243.78s | step:4053.33ms
step:3911/4768 | loss 3.505104 | lr:0.0015082 | train_time:16247.84s | step:4053.54ms
step:3912/4768 | loss 3.545965 | lr:0.00150645 | train_time:16251.89s | step:4051.52ms
step:3913/4768 | loss 3.561008 | lr:0.00150469 | train_time:16255.94s | step:4052.15ms
step:3914/4768 | loss 3.529823 | lr:0.00150293 | train_time:16260.01s | step:4067.22ms
step:3915/4768 | loss 3.531506 | lr:0.00150117 | train_time:16264.06s | step:4052.51ms
step:3916/4768 | loss 3.534038 | lr:0.00149941 | train_time:16268.11s | step:4052.77ms
step:3917/4768 | loss 3.517022 | lr:0.00149766 | train_time:16272.16s | step:4052.89ms
step:3918/4768 | loss 3.657049 | lr:0.0014959 | train_time:16276.22s | step:4052.42ms
step:3919/4768 | loss 3.543841 | lr:0.00149414 | train_time:16280.27s | step:4052.24ms
step:3920/4768 | loss 3.540506 | lr:0.00149238 | train_time:16284.32s | step:4051.96ms
step:3921/4768 | loss 3.532174 | lr:0.00149062 | train_time:16288.37s | step:4053.30ms
step:3922/4768 | loss 3.537172 | lr:0.00148887 | train_time:16292.43s | step:4053.21ms
step:3923/4768 | loss 3.587393 | lr:0.00148711 | train_time:16296.49s | step:4060.85ms
step:3924/4768 | loss 3.556451 | lr:0.00148535 | train_time:16300.54s | step:4053.30ms
step:3925/4768 | loss 3.522245 | lr:0.00148359 | train_time:16304.60s | step:4054.42ms
step:3926/4768 | loss 3.527551 | lr:0.00148184 | train_time:16308.65s | step:4052.86ms
step:3927/4768 | loss 3.676467 | lr:0.00148008 | train_time:16312.71s | step:4058.75ms
step:3928/4768 | loss 3.531116 | lr:0.00147832 | train_time:16316.76s | step:4053.88ms
step:3929/4768 | loss 3.542478 | lr:0.00147656 | train_time:16320.81s | step:4052.95ms
step:3930/4768 | loss 3.714619 | lr:0.0014748 | train_time:16324.87s | step:4053.18ms
step:3931/4768 | loss 3.529873 | lr:0.00147305 | train_time:16328.92s | step:4053.23ms
step:3932/4768 | loss 3.570443 | lr:0.00147129 | train_time:16332.99s | step:4065.22ms
step:3933/4768 | loss 3.507710 | lr:0.00146953 | train_time:16337.04s | step:4058.65ms
step:3934/4768 | loss 3.561014 | lr:0.00146777 | train_time:16341.10s | step:4054.09ms
step:3935/4768 | loss 3.541597 | lr:0.00146602 | train_time:16345.15s | step:4052.38ms
step:3936/4768 | loss 3.512767 | lr:0.00146426 | train_time:16349.21s | step:4054.07ms
step:3937/4768 | loss 3.523304 | lr:0.0014625 | train_time:16353.26s | step:4053.12ms
step:3938/4768 | loss 3.552711 | lr:0.00146074 | train_time:16357.31s | step:4053.05ms
step:3939/4768 | loss 3.532629 | lr:0.00145898 | train_time:16361.37s | step:4054.20ms
step:3940/4768 | loss 3.605379 | lr:0.00145723 | train_time:16365.42s | step:4052.05ms
step:3941/4768 | loss 3.544840 | lr:0.00145547 | train_time:16369.47s | step:4051.77ms
step:3942/4768 | loss 3.516814 | lr:0.00145371 | train_time:16373.52s | step:4052.00ms
step:3943/4768 | loss 3.593719 | lr:0.00145195 | train_time:16377.59s | step:4065.06ms
step:3944/4768 | loss 3.584600 | lr:0.0014502 | train_time:16381.65s | step:4064.11ms
step:3945/4768 | loss 3.548536 | lr:0.00144844 | train_time:16385.70s | step:4053.60ms
step:3946/4768 | loss 3.580983 | lr:0.00144668 | train_time:16389.76s | step:4051.84ms
step:3947/4768 | loss 3.512070 | lr:0.00144492 | train_time:16393.81s | step:4052.14ms
step:3948/4768 | loss 3.463923 | lr:0.00144316 | train_time:16397.86s | step:4052.35ms
step:3949/4768 | loss 3.640381 | lr:0.00144141 | train_time:16401.92s | step:4055.19ms
step:3950/4768 | loss 3.679063 | lr:0.00143965 | train_time:16405.97s | step:4055.30ms
step:3951/4768 | loss 3.515304 | lr:0.00143789 | train_time:16410.02s | step:4052.92ms
step:3952/4768 | loss 3.551019 | lr:0.00143613 | train_time:16414.08s | step:4052.91ms
step:3953/4768 | loss 3.400991 | lr:0.00143437 | train_time:16418.13s | step:4051.82ms
step:3954/4768 | loss 3.436933 | lr:0.00143262 | train_time:16422.19s | step:4064.85ms
step:3955/4768 | loss 3.488143 | lr:0.00143086 | train_time:16426.25s | step:4052.77ms
step:3956/4768 | loss 3.532964 | lr:0.0014291 | train_time:16430.30s | step:4053.51ms
step:3957/4768 | loss 3.574428 | lr:0.00142734 | train_time:16434.36s | step:4062.48ms
step:3958/4768 | loss 3.538342 | lr:0.00142559 | train_time:16438.42s | step:4054.25ms
step:3959/4768 | loss 3.568457 | lr:0.00142383 | train_time:16442.47s | step:4052.98ms
step:3960/4768 | loss 3.551081 | lr:0.00142207 | train_time:16446.52s | step:4052.34ms
step:3961/4768 | loss 3.546610 | lr:0.00142031 | train_time:16450.57s | step:4052.64ms
step:3962/4768 | loss 3.550347 | lr:0.00141855 | train_time:16454.64s | step:4065.17ms
step:3963/4768 | loss 3.540639 | lr:0.0014168 | train_time:16458.71s | step:4069.31ms
step:3964/4768 | loss 3.513573 | lr:0.00141504 | train_time:16462.76s | step:4055.49ms
step:3965/4768 | loss 3.509067 | lr:0.00141328 | train_time:16466.82s | step:4052.97ms
step:3966/4768 | loss 3.491690 | lr:0.00141152 | train_time:16470.87s | step:4053.25ms
step:3967/4768 | loss 3.544297 | lr:0.00140977 | train_time:16474.93s | step:4057.45ms
step:3968/4768 | loss 3.512399 | lr:0.00140801 | train_time:16478.98s | step:4053.48ms
step:3968/4768 | val loss 3.516934
step:3969/4768 | loss 3.597098 | lr:0.00140625 | train_time:16483.05s | step:4066.64ms
step:3970/4768 | loss 3.563637 | lr:0.00140449 | train_time:16487.10s | step:4052.15ms
step:3971/4768 | loss 3.481456 | lr:0.00140273 | train_time:16491.15s | step:4052.30ms
step:3972/4768 | loss 3.526500 | lr:0.00140098 | train_time:16495.21s | step:4054.69ms
step:3973/4768 | loss 3.534172 | lr:0.00139922 | train_time:16499.26s | step:4051.86ms
step:3974/4768 | loss 3.522887 | lr:0.00139746 | train_time:16503.31s | step:4052.16ms
step:3975/4768 | loss 3.515815 | lr:0.0013957 | train_time:16507.36s | step:4051.48ms
step:3976/4768 | loss 3.535671 | lr:0.00139395 | train_time:16511.42s | step:4052.81ms
step:3977/4768 | loss 3.572592 | lr:0.00139219 | train_time:16515.47s | step:4051.70ms
step:3978/4768 | loss 3.506707 | lr:0.00139043 | train_time:16519.52s | step:4052.36ms
step:3979/4768 | loss 3.516641 | lr:0.00138867 | train_time:16523.57s | step:4052.95ms
step:3980/4768 | loss 3.510576 | lr:0.00138691 | train_time:16527.63s | step:4053.25ms
step:3981/4768 | loss 3.531130 | lr:0.00138516 | train_time:16531.68s | step:4053.27ms
step:3982/4768 | loss 3.556523 | lr:0.0013834 | train_time:16535.73s | step:4052.30ms
step:3983/4768 | loss 3.503152 | lr:0.00138164 | train_time:16539.78s | step:4052.79ms
step:3984/4768 | loss 3.526656 | lr:0.00137988 | train_time:16543.84s | step:4052.22ms
step:3985/4768 | loss 3.493844 | lr:0.00137813 | train_time:16547.89s | step:4053.34ms
step:3986/4768 | loss 3.558101 | lr:0.00137637 | train_time:16551.94s | step:4053.04ms
step:3987/4768 | loss 3.506924 | lr:0.00137461 | train_time:16556.00s | step:4053.14ms
step:3988/4768 | loss 3.553469 | lr:0.00137285 | train_time:16560.05s | step:4052.66ms
step:3989/4768 | loss 3.508220 | lr:0.00137109 | train_time:16564.10s | step:4053.07ms
step:3990/4768 | loss 3.487077 | lr:0.00136934 | train_time:16568.16s | step:4053.53ms
step:3991/4768 | loss 3.531143 | lr:0.00136758 | train_time:16572.21s | step:4053.90ms
step:3992/4768 | loss 3.591844 | lr:0.00136582 | train_time:16576.26s | step:4053.18ms
step:3993/4768 | loss 3.495857 | lr:0.00136406 | train_time:16580.33s | step:4062.42ms
step:3994/4768 | loss 3.511815 | lr:0.0013623 | train_time:16584.38s | step:4052.73ms
step:3995/4768 | loss 3.585103 | lr:0.00136055 | train_time:16588.43s | step:4052.21ms
step:3996/4768 | loss 3.514957 | lr:0.00135879 | train_time:16592.48s | step:4051.94ms
step:3997/4768 | loss 3.516139 | lr:0.00135703 | train_time:16596.53s | step:4052.73ms
step:3998/4768 | loss 3.500845 | lr:0.00135527 | train_time:16600.59s | step:4059.86ms
step:3999/4768 | loss 3.470885 | lr:0.00135352 | train_time:16604.65s | step:4052.70ms
step:4000/4768 | loss 3.500832 | lr:0.00135176 | train_time:16608.70s | step:4052.70ms
step:4001/4768 | loss 3.549181 | lr:0.00135 | train_time:16612.75s | step:4051.75ms
step:4002/4768 | loss 3.483323 | lr:0.00134824 | train_time:16616.80s | step:4051.84ms
step:4003/4768 | loss 3.530689 | lr:0.00134648 | train_time:16620.86s | step:4051.75ms
step:4004/4768 | loss 3.499971 | lr:0.00134473 | train_time:16624.91s | step:4052.75ms
step:4005/4768 | loss 3.545125 | lr:0.00134297 | train_time:16628.96s | step:4051.56ms
step:4006/4768 | loss 3.486501 | lr:0.00134121 | train_time:16633.51s | step:4551.03ms
step:4007/4768 | loss 3.521256 | lr:0.00133945 | train_time:16637.56s | step:4052.48ms
step:4008/4768 | loss 3.563680 | lr:0.0013377 | train_time:16641.62s | step:4052.90ms
step:4009/4768 | loss 3.508065 | lr:0.00133594 | train_time:16645.67s | step:4052.05ms
step:4010/4768 | loss 3.438154 | lr:0.00133418 | train_time:16649.72s | step:4051.42ms
step:4011/4768 | loss 3.498484 | lr:0.00133242 | train_time:16653.77s | step:4052.54ms
step:4012/4768 | loss 3.514602 | lr:0.00133066 | train_time:16657.82s | step:4051.97ms
step:4013/4768 | loss 3.480947 | lr:0.00132891 | train_time:16661.88s | step:4051.16ms
step:4014/4768 | loss 3.522424 | lr:0.00132715 | train_time:16665.93s | step:4052.73ms
step:4015/4768 | loss 3.533917 | lr:0.00132539 | train_time:16669.99s | step:4065.78ms
step:4016/4768 | loss 3.464081 | lr:0.00132363 | train_time:16674.05s | step:4053.98ms
step:4017/4768 | loss 3.556462 | lr:0.00132187 | train_time:16678.10s | step:4054.60ms
step:4018/4768 | loss 3.442080 | lr:0.00132012 | train_time:16682.16s | step:4053.43ms
step:4019/4768 | loss 3.491993 | lr:0.00131836 | train_time:16686.21s | step:4052.59ms
step:4020/4768 | loss 3.428575 | lr:0.0013166 | train_time:16690.27s | step:4061.51ms
step:4021/4768 | loss 3.482111 | lr:0.00131484 | train_time:16694.32s | step:4053.90ms
step:4022/4768 | loss 3.554811 | lr:0.00131309 | train_time:16698.38s | step:4054.28ms
step:4023/4768 | loss 3.453856 | lr:0.00131133 | train_time:16702.43s | step:4053.89ms
step:4024/4768 | loss 3.501203 | lr:0.00130957 | train_time:16706.49s | step:4053.35ms
step:4025/4768 | loss 3.487162 | lr:0.00130781 | train_time:16710.54s | step:4053.10ms
step:4026/4768 | loss 3.424072 | lr:0.00130605 | train_time:16714.60s | step:4060.90ms
step:4027/4768 | loss 3.558535 | lr:0.0013043 | train_time:16718.65s | step:4053.28ms
step:4028/4768 | loss 3.525987 | lr:0.00130254 | train_time:16722.70s | step:4052.29ms
step:4029/4768 | loss 3.523934 | lr:0.00130078 | train_time:16726.76s | step:4052.96ms
step:4030/4768 | loss 3.536407 | lr:0.00129902 | train_time:16730.81s | step:4053.46ms
step:4031/4768 | loss 3.603715 | lr:0.00129727 | train_time:16734.87s | step:4054.15ms
step:4032/4768 | loss 3.475021 | lr:0.00129551 | train_time:16738.93s | step:4061.87ms
step:4033/4768 | loss 3.536458 | lr:0.00129375 | train_time:16742.98s | step:4053.51ms
step:4034/4768 | loss 3.487010 | lr:0.00129199 | train_time:16747.03s | step:4052.91ms
step:4035/4768 | loss 3.520732 | lr:0.00129023 | train_time:16751.10s | step:4061.92ms
step:4036/4768 | loss 3.561499 | lr:0.00128848 | train_time:16755.16s | step:4067.04ms
step:4037/4768 | loss 3.513824 | lr:0.00128672 | train_time:16759.23s | step:4064.79ms
step:4038/4768 | loss 3.512176 | lr:0.00128496 | train_time:16763.28s | step:4052.31ms
step:4039/4768 | loss 3.522531 | lr:0.0012832 | train_time:16767.33s | step:4054.19ms
step:4040/4768 | loss 3.462000 | lr:0.00128145 | train_time:16771.39s | step:4053.92ms
step:4041/4768 | loss 3.514911 | lr:0.00127969 | train_time:16775.44s | step:4054.74ms
step:4042/4768 | loss 3.496965 | lr:0.00127793 | train_time:16779.50s | step:4054.28ms
step:4043/4768 | loss 3.467151 | lr:0.00127617 | train_time:16783.55s | step:4053.95ms
step:4044/4768 | loss 3.486672 | lr:0.00127441 | train_time:16787.62s | step:4065.92ms
step:4045/4768 | loss 3.516132 | lr:0.00127266 | train_time:16791.67s | step:4054.26ms
step:4046/4768 | loss 3.502610 | lr:0.0012709 | train_time:16795.72s | step:4054.06ms
step:4047/4768 | loss 3.492017 | lr:0.00126914 | train_time:16799.78s | step:4054.19ms
step:4048/4768 | loss 3.516083 | lr:0.00126738 | train_time:16803.83s | step:4053.19ms
step:4049/4768 | loss 3.492200 | lr:0.00126563 | train_time:16807.89s | step:4054.07ms
step:4050/4768 | loss 3.501698 | lr:0.00126387 | train_time:16811.94s | step:4053.96ms
step:4051/4768 | loss 3.533037 | lr:0.00126211 | train_time:16816.00s | step:4055.20ms
step:4052/4768 | loss 3.545671 | lr:0.00126035 | train_time:16820.05s | step:4055.35ms
step:4053/4768 | loss 3.500083 | lr:0.00125859 | train_time:16824.11s | step:4054.12ms
step:4054/4768 | loss 3.550365 | lr:0.00125684 | train_time:16828.16s | step:4053.87ms
step:4055/4768 | loss 3.528199 | lr:0.00125508 | train_time:16832.21s | step:4052.65ms
step:4056/4768 | loss 3.576584 | lr:0.00125332 | train_time:16836.27s | step:4054.48ms
step:4057/4768 | loss 3.560991 | lr:0.00125156 | train_time:16840.32s | step:4054.92ms
step:4058/4768 | loss 3.505569 | lr:0.0012498 | train_time:16844.38s | step:4055.14ms
step:4059/4768 | loss 3.505716 | lr:0.00124805 | train_time:16848.44s | step:4060.09ms
step:4060/4768 | loss 3.468302 | lr:0.00124629 | train_time:16852.49s | step:4053.31ms
step:4061/4768 | loss 3.520924 | lr:0.00124453 | train_time:16856.54s | step:4054.42ms
step:4062/4768 | loss 3.490533 | lr:0.00124277 | train_time:16860.60s | step:4054.70ms
step:4063/4768 | loss 3.486131 | lr:0.00124102 | train_time:16864.65s | step:4054.61ms
step:4064/4768 | loss 3.589772 | lr:0.00123926 | train_time:16868.72s | step:4071.48ms
step:4065/4768 | loss 3.510258 | lr:0.0012375 | train_time:16872.79s | step:4061.75ms
step:4066/4768 | loss 3.490448 | lr:0.00123574 | train_time:16876.85s | step:4066.92ms
step:4067/4768 | loss 3.485128 | lr:0.00123398 | train_time:16880.91s | step:4055.30ms
step:4068/4768 | loss 3.515691 | lr:0.00123223 | train_time:16884.96s | step:4054.51ms
step:4069/4768 | loss 3.499985 | lr:0.00123047 | train_time:16889.02s | step:4055.04ms
step:4070/4768 | loss 3.544948 | lr:0.00122871 | train_time:16893.08s | step:4064.48ms
step:4071/4768 | loss 3.541462 | lr:0.00122695 | train_time:16897.14s | step:4053.55ms
step:4072/4768 | loss 3.418630 | lr:0.0012252 | train_time:16901.19s | step:4054.32ms
step:4073/4768 | loss 3.446078 | lr:0.00122344 | train_time:16905.25s | step:4054.56ms
step:4074/4768 | loss 3.562021 | lr:0.00122168 | train_time:16909.30s | step:4053.61ms
step:4075/4768 | loss 3.482172 | lr:0.00121992 | train_time:16913.35s | step:4054.34ms
step:4076/4768 | loss 3.493926 | lr:0.00121816 | train_time:16917.41s | step:4054.16ms
step:4077/4768 | loss 3.597280 | lr:0.00121641 | train_time:16921.47s | step:4065.52ms
step:4078/4768 | loss 3.403752 | lr:0.00121465 | train_time:16925.53s | step:4053.31ms
step:4079/4768 | loss 3.589755 | lr:0.00121289 | train_time:16929.58s | step:4054.85ms
step:4080/4768 | loss 3.584545 | lr:0.00121113 | train_time:16933.65s | step:4066.41ms
step:4081/4768 | loss 3.521211 | lr:0.00120937 | train_time:16937.71s | step:4060.35ms
step:4082/4768 | loss 3.504359 | lr:0.00120762 | train_time:16941.78s | step:4076.88ms
step:4083/4768 | loss 3.461583 | lr:0.00120586 | train_time:16945.84s | step:4054.86ms
step:4084/4768 | loss 3.486241 | lr:0.0012041 | train_time:16949.89s | step:4054.73ms
step:4085/4768 | loss 3.484013 | lr:0.00120234 | train_time:16953.95s | step:4054.38ms
step:4086/4768 | loss 3.681460 | lr:0.00120059 | train_time:16958.02s | step:4070.44ms
step:4087/4768 | loss 3.508989 | lr:0.00119883 | train_time:16962.07s | step:4053.74ms
step:4088/4768 | loss 3.502268 | lr:0.00119707 | train_time:16966.14s | step:4064.01ms
step:4089/4768 | loss 3.519450 | lr:0.00119531 | train_time:16970.21s | step:4071.29ms
step:4090/4768 | loss 3.476638 | lr:0.00119355 | train_time:16974.26s | step:4053.61ms
step:4091/4768 | loss 3.510462 | lr:0.0011918 | train_time:16978.32s | step:4053.91ms
step:4092/4768 | loss 3.515600 | lr:0.00119004 | train_time:16982.37s | step:4054.10ms
step:4093/4768 | loss 3.503169 | lr:0.00118828 | train_time:16986.42s | step:4054.23ms
step:4094/4768 | loss 3.495637 | lr:0.00118652 | train_time:16990.48s | step:4058.86ms
step:4095/4768 | loss 3.486583 | lr:0.00118477 | train_time:16994.54s | step:4054.79ms
step:4096/4768 | loss 3.503402 | lr:0.00118301 | train_time:16998.59s | step:4053.25ms
saved checkpoint: runs/baseline-20260718T074451Z/full-seed-0/checkpoint.pt (next step 4096)
step:4096/4768 | val loss 3.488057
step:4097/4768 | loss 3.473593 | lr:0.00118125 | train_time:17002.66s | step:4072.49ms
step:4098/4768 | loss 3.488750 | lr:0.00117949 | train_time:17006.71s | step:4051.47ms
step:4099/4768 | loss 3.501140 | lr:0.00117773 | train_time:17010.77s | step:4051.39ms
step:4100/4768 | loss 3.458881 | lr:0.00117598 | train_time:17014.82s | step:4051.59ms
step:4101/4768 | loss 3.508420 | lr:0.00117422 | train_time:17018.87s | step:4051.63ms
step:4102/4768 | loss 3.495735 | lr:0.00117246 | train_time:17022.92s | step:4053.08ms
step:4103/4768 | loss 3.486003 | lr:0.0011707 | train_time:17026.98s | step:4053.40ms
step:4104/4768 | loss 3.640867 | lr:0.00116895 | train_time:17031.03s | step:4053.82ms
step:4105/4768 | loss 3.525667 | lr:0.00116719 | train_time:17035.08s | step:4053.14ms
step:4106/4768 | loss 3.523532 | lr:0.00116543 | train_time:17039.14s | step:4053.46ms
step:4107/4768 | loss 3.457898 | lr:0.00116367 | train_time:17043.19s | step:4053.30ms
step:4108/4768 | loss 3.516819 | lr:0.00116191 | train_time:17047.24s | step:4053.36ms
step:4109/4768 | loss 3.457896 | lr:0.00116016 | train_time:17051.31s | step:4067.62ms
step:4110/4768 | loss 3.506771 | lr:0.0011584 | train_time:17055.37s | step:4054.93ms
step:4111/4768 | loss 3.515738 | lr:0.00115664 | train_time:17059.42s | step:4051.92ms
step:4112/4768 | loss 3.523755 | lr:0.00115488 | train_time:17063.48s | step:4066.18ms
step:4113/4768 | loss 3.488288 | lr:0.00115313 | train_time:17067.54s | step:4053.30ms
step:4114/4768 | loss 3.542738 | lr:0.00115137 | train_time:17071.59s | step:4052.94ms
step:4115/4768 | loss 3.468330 | lr:0.00114961 | train_time:17075.64s | step:4053.38ms
step:4116/4768 | loss 3.430620 | lr:0.00114785 | train_time:17079.70s | step:4054.91ms
step:4117/4768 | loss 3.455822 | lr:0.00114609 | train_time:17083.76s | step:4061.64ms
step:4118/4768 | loss 3.399346 | lr:0.00114434 | train_time:17087.81s | step:4054.06ms
step:4119/4768 | loss 3.510370 | lr:0.00114258 | train_time:17091.87s | step:4053.51ms
step:4120/4768 | loss 3.573025 | lr:0.00114082 | train_time:17095.92s | step:4055.03ms
step:4121/4768 | loss 3.500637 | lr:0.00113906 | train_time:17099.98s | step:4053.65ms
step:4122/4768 | loss 3.451023 | lr:0.0011373 | train_time:17104.03s | step:4053.42ms
step:4123/4768 | loss 3.484837 | lr:0.00113555 | train_time:17108.08s | step:4053.29ms
step:4124/4768 | loss 3.557194 | lr:0.00113379 | train_time:17112.15s | step:4063.94ms
step:4125/4768 | loss 3.563010 | lr:0.00113203 | train_time:17116.20s | step:4053.59ms
step:4126/4768 | loss 3.521790 | lr:0.00113027 | train_time:17120.25s | step:4054.00ms
step:4127/4768 | loss 3.519574 | lr:0.00112852 | train_time:17124.31s | step:4053.32ms
step:4128/4768 | loss 3.516122 | lr:0.00112676 | train_time:17128.36s | step:4053.58ms
step:4129/4768 | loss 3.485312 | lr:0.001125 | train_time:17132.42s | step:4053.99ms
step:4130/4768 | loss 3.507358 | lr:0.00112324 | train_time:17136.47s | step:4054.73ms
step:4131/4768 | loss 3.590464 | lr:0.00112148 | train_time:17140.52s | step:4054.01ms
step:4132/4768 | loss 3.429332 | lr:0.00111973 | train_time:17144.58s | step:4054.47ms
step:4133/4768 | loss 3.508123 | lr:0.00111797 | train_time:17148.63s | step:4053.92ms
step:4134/4768 | loss 3.550696 | lr:0.00111621 | train_time:17152.70s | step:4065.95ms
step:4135/4768 | loss 3.468594 | lr:0.00111445 | train_time:17156.76s | step:4062.44ms
step:4136/4768 | loss 3.509148 | lr:0.0011127 | train_time:17160.81s | step:4054.19ms
step:4137/4768 | loss 3.495987 | lr:0.00111094 | train_time:17164.87s | step:4055.16ms
step:4138/4768 | loss 3.475603 | lr:0.00110918 | train_time:17168.93s | step:4063.50ms
step:4139/4768 | loss 3.447972 | lr:0.00110742 | train_time:17173.01s | step:4075.63ms
step:4140/4768 | loss 3.522405 | lr:0.00110566 | train_time:17177.07s | step:4064.54ms
step:4141/4768 | loss 3.460013 | lr:0.00110391 | train_time:17181.13s | step:4054.58ms
step:4142/4768 | loss 3.469184 | lr:0.00110215 | train_time:17185.18s | step:4054.70ms
step:4143/4768 | loss 3.461358 | lr:0.00110039 | train_time:17189.24s | step:4061.67ms
step:4144/4768 | loss 3.475666 | lr:0.00109863 | train_time:17193.30s | step:4054.29ms
step:4145/4768 | loss 3.503162 | lr:0.00109687 | train_time:17197.35s | step:4054.12ms
step:4146/4768 | loss 3.468791 | lr:0.00109512 | train_time:17201.41s | step:4054.22ms
step:4147/4768 | loss 3.456120 | lr:0.00109336 | train_time:17205.47s | step:4065.94ms
step:4148/4768 | loss 3.469857 | lr:0.0010916 | train_time:17209.53s | step:4054.06ms
step:4149/4768 | loss 3.482912 | lr:0.00108984 | train_time:17213.59s | step:4065.88ms
step:4150/4768 | loss 3.508236 | lr:0.00108809 | train_time:17217.65s | step:4054.10ms
step:4151/4768 | loss 3.543588 | lr:0.00108633 | train_time:17221.70s | step:4054.00ms
step:4152/4768 | loss 3.513987 | lr:0.00108457 | train_time:17225.76s | step:4058.40ms
step:4153/4768 | loss 3.522496 | lr:0.00108281 | train_time:17229.81s | step:4054.55ms
step:4154/4768 | loss 3.466964 | lr:0.00108105 | train_time:17233.87s | step:4053.16ms
step:4155/4768 | loss 3.555096 | lr:0.0010793 | train_time:17237.92s | step:4051.70ms
step:4156/4768 | loss 3.528487 | lr:0.00107754 | train_time:17241.98s | step:4061.09ms
step:4157/4768 | loss 3.527172 | lr:0.00107578 | train_time:17246.03s | step:4054.26ms
step:4158/4768 | loss 3.438912 | lr:0.00107402 | train_time:17250.09s | step:4053.53ms
step:4159/4768 | loss 3.462624 | lr:0.00107227 | train_time:17254.14s | step:4055.23ms
step:4160/4768 | loss 3.498852 | lr:0.00107051 | train_time:17258.20s | step:4057.01ms
step:4161/4768 | loss 3.463451 | lr:0.00106875 | train_time:17262.27s | step:4066.27ms
step:4162/4768 | loss 3.453966 | lr:0.00106699 | train_time:17266.32s | step:4056.15ms
step:4163/4768 | loss 3.502515 | lr:0.00106523 | train_time:17270.38s | step:4054.41ms
step:4164/4768 | loss 3.431287 | lr:0.00106348 | train_time:17274.44s | step:4066.26ms
step:4165/4768 | loss 3.470253 | lr:0.00106172 | train_time:17278.50s | step:4053.75ms
step:4166/4768 | loss 3.432315 | lr:0.00105996 | train_time:17282.55s | step:4053.84ms
step:4167/4768 | loss 3.473005 | lr:0.0010582 | train_time:17286.61s | step:4054.43ms
step:4168/4768 | loss 3.469706 | lr:0.00105645 | train_time:17290.66s | step:4054.09ms
step:4169/4768 | loss 3.525637 | lr:0.00105469 | train_time:17294.71s | step:4054.27ms
step:4170/4768 | loss 3.528342 | lr:0.00105293 | train_time:17298.77s | step:4054.38ms
step:4171/4768 | loss 3.466832 | lr:0.00105117 | train_time:17302.82s | step:4054.09ms
step:4172/4768 | loss 3.656486 | lr:0.00104941 | train_time:17306.88s | step:4054.06ms
step:4173/4768 | loss 3.526397 | lr:0.00104766 | train_time:17310.93s | step:4054.23ms
step:4174/4768 | loss 3.491161 | lr:0.0010459 | train_time:17314.98s | step:4054.16ms
step:4175/4768 | loss 3.497827 | lr:0.00104414 | train_time:17319.04s | step:4054.47ms
step:4176/4768 | loss 3.545268 | lr:0.00104238 | train_time:17323.09s | step:4053.56ms
step:4177/4768 | loss 3.512745 | lr:0.00104062 | train_time:17327.15s | step:4054.17ms
step:4178/4768 | loss 3.469202 | lr:0.00103887 | train_time:17331.20s | step:4054.13ms
step:4179/4768 | loss 3.500957 | lr:0.00103711 | train_time:17335.25s | step:4053.02ms
step:4180/4768 | loss 3.497207 | lr:0.00103535 | train_time:17339.31s | step:4052.95ms
step:4181/4768 | loss 3.413509 | lr:0.00103359 | train_time:17343.37s | step:4063.46ms
step:4182/4768 | loss 3.424273 | lr:0.00103184 | train_time:17347.43s | step:4054.78ms
step:4183/4768 | loss 3.514020 | lr:0.00103008 | train_time:17351.48s | step:4054.61ms
step:4184/4768 | loss 3.392741 | lr:0.00102832 | train_time:17355.53s | step:4054.54ms
step:4185/4768 | loss 3.439615 | lr:0.00102656 | train_time:17359.60s | step:4064.61ms
step:4186/4768 | loss 3.492850 | lr:0.0010248 | train_time:17363.65s | step:4054.75ms
step:4187/4768 | loss 3.532785 | lr:0.00102305 | train_time:17367.71s | step:4053.86ms
step:4188/4768 | loss 3.547735 | lr:0.00102129 | train_time:17371.76s | step:4053.26ms
step:4189/4768 | loss 3.503206 | lr:0.00101953 | train_time:17375.82s | step:4062.02ms
step:4190/4768 | loss 3.515443 | lr:0.00101777 | train_time:17379.89s | step:4067.79ms
step:4191/4768 | loss 3.487435 | lr:0.00101602 | train_time:17383.94s | step:4053.89ms
step:4192/4768 | loss 3.469018 | lr:0.00101426 | train_time:17388.00s | step:4053.30ms
step:4193/4768 | loss 3.481938 | lr:0.0010125 | train_time:17392.05s | step:4053.08ms
step:4194/4768 | loss 3.501638 | lr:0.00101074 | train_time:17396.10s | step:4053.98ms
step:4195/4768 | loss 3.448895 | lr:0.00100898 | train_time:17400.16s | step:4053.73ms
step:4196/4768 | loss 3.458159 | lr:0.00100723 | train_time:17404.64s | step:4477.85ms
step:4197/4768 | loss 3.418739 | lr:0.00100547 | train_time:17408.69s | step:4050.89ms
step:4198/4768 | loss 3.537683 | lr:0.00100371 | train_time:17412.74s | step:4050.13ms
step:4199/4768 | loss 3.453606 | lr:0.00100195 | train_time:17416.79s | step:4049.66ms
step:4200/4768 | loss 3.461203 | lr:0.0010002 | train_time:17420.84s | step:4050.30ms
step:4201/4768 | loss 3.515473 | lr:0.000998437 | train_time:17424.89s | step:4050.62ms
step:4202/4768 | loss 3.511065 | lr:0.00099668 | train_time:17428.94s | step:4052.58ms
step:4203/4768 | loss 3.388762 | lr:0.000994922 | train_time:17432.99s | step:4053.86ms
step:4204/4768 | loss 3.518317 | lr:0.000993164 | train_time:17437.05s | step:4051.76ms
step:4205/4768 | loss 3.493473 | lr:0.000991406 | train_time:17441.10s | step:4051.51ms
step:4206/4768 | loss 3.456620 | lr:0.000989648 | train_time:17445.15s | step:4053.06ms
step:4207/4768 | loss 3.499809 | lr:0.000987891 | train_time:17449.20s | step:4052.16ms
step:4208/4768 | loss 3.510302 | lr:0.000986133 | train_time:17453.26s | step:4052.34ms
step:4209/4768 | loss 3.502628 | lr:0.000984375 | train_time:17457.31s | step:4052.28ms
step:4210/4768 | loss 3.475023 | lr:0.000982617 | train_time:17461.36s | step:4052.78ms
step:4211/4768 | loss 3.620368 | lr:0.000980859 | train_time:17465.41s | step:4053.88ms
step:4212/4768 | loss 3.458674 | lr:0.000979102 | train_time:17469.47s | step:4054.06ms
step:4213/4768 | loss 3.510943 | lr:0.000977344 | train_time:17473.52s | step:4052.55ms
step:4214/4768 | loss 3.460179 | lr:0.000975586 | train_time:17477.57s | step:4053.55ms
step:4215/4768 | loss 3.401789 | lr:0.000973828 | train_time:17481.63s | step:4052.53ms
step:4216/4768 | loss 3.490582 | lr:0.00097207 | train_time:17485.68s | step:4052.96ms
step:4217/4768 | loss 3.460917 | lr:0.000970312 | train_time:17489.73s | step:4053.02ms
step:4218/4768 | loss 3.426935 | lr:0.000968555 | train_time:17493.79s | step:4053.67ms
step:4219/4768 | loss 3.471404 | lr:0.000966797 | train_time:17497.84s | step:4053.86ms
step:4220/4768 | loss 3.508067 | lr:0.000965039 | train_time:17501.89s | step:4054.07ms
step:4221/4768 | loss 3.538438 | lr:0.000963281 | train_time:17505.95s | step:4052.74ms
step:4222/4768 | loss 3.540669 | lr:0.000961523 | train_time:17510.00s | step:4053.26ms
step:4223/4768 | loss 3.494450 | lr:0.000959766 | train_time:17514.05s | step:4052.31ms
step:4224/4768 | loss 3.490228 | lr:0.000958008 | train_time:17518.10s | step:4051.93ms
step:4224/4768 | val loss 3.465568
step:4225/4768 | loss 3.498338 | lr:0.00095625 | train_time:17522.17s | step:4067.66ms
step:4226/4768 | loss 3.471002 | lr:0.000954492 | train_time:17526.23s | step:4052.90ms
step:4227/4768 | loss 3.451593 | lr:0.000952734 | train_time:17530.28s | step:4050.42ms
step:4228/4768 | loss 3.471078 | lr:0.000950977 | train_time:17534.33s | step:4051.68ms
step:4229/4768 | loss 3.522242 | lr:0.000949219 | train_time:17538.38s | step:4050.11ms
step:4230/4768 | loss 3.431607 | lr:0.000947461 | train_time:17542.43s | step:4050.98ms
step:4231/4768 | loss 3.453478 | lr:0.000945703 | train_time:17546.48s | step:4051.22ms
step:4232/4768 | loss 3.464227 | lr:0.000943945 | train_time:17550.53s | step:4050.51ms
step:4233/4768 | loss 3.462584 | lr:0.000942187 | train_time:17554.58s | step:4050.45ms
step:4234/4768 | loss 3.416881 | lr:0.00094043 | train_time:17558.63s | step:4051.66ms
step:4235/4768 | loss 3.472109 | lr:0.000938672 | train_time:17562.68s | step:4051.36ms
step:4236/4768 | loss 3.468647 | lr:0.000936914 | train_time:17566.74s | step:4051.90ms
step:4237/4768 | loss 3.569872 | lr:0.000935156 | train_time:17570.79s | step:4050.13ms
step:4238/4768 | loss 3.522983 | lr:0.000933398 | train_time:17574.84s | step:4050.27ms
step:4239/4768 | loss 3.512999 | lr:0.000931641 | train_time:17578.90s | step:4063.62ms
step:4240/4768 | loss 3.504598 | lr:0.000929883 | train_time:17582.95s | step:4051.84ms
step:4241/4768 | loss 3.519948 | lr:0.000928125 | train_time:17587.02s | step:4064.45ms
step:4242/4768 | loss 3.481081 | lr:0.000926367 | train_time:17591.07s | step:4053.08ms
step:4243/4768 | loss 3.376130 | lr:0.000924609 | train_time:17595.12s | step:4052.71ms
step:4244/4768 | loss 3.514733 | lr:0.000922852 | train_time:17599.17s | step:4052.19ms
step:4245/4768 | loss 3.574385 | lr:0.000921094 | train_time:17603.23s | step:4052.74ms
step:4246/4768 | loss 3.476214 | lr:0.000919336 | train_time:17607.28s | step:4052.26ms
step:4247/4768 | loss 3.612223 | lr:0.000917578 | train_time:17611.33s | step:4052.71ms
step:4248/4768 | loss 3.480391 | lr:0.00091582 | train_time:17615.38s | step:4052.61ms
step:4249/4768 | loss 3.475178 | lr:0.000914062 | train_time:17619.44s | step:4051.37ms
step:4250/4768 | loss 3.458525 | lr:0.000912305 | train_time:17623.49s | step:4051.93ms
step:4251/4768 | loss 3.481499 | lr:0.000910547 | train_time:17627.54s | step:4052.98ms
step:4252/4768 | loss 3.482255 | lr:0.000908789 | train_time:17631.59s | step:4051.94ms
step:4253/4768 | loss 3.510224 | lr:0.000907031 | train_time:17635.64s | step:4052.15ms
step:4254/4768 | loss 3.444916 | lr:0.000905273 | train_time:17639.70s | step:4052.63ms
step:4255/4768 | loss 3.462016 | lr:0.000903516 | train_time:17643.75s | step:4052.44ms
step:4256/4768 | loss 3.440569 | lr:0.000901758 | train_time:17647.80s | step:4052.18ms
step:4257/4768 | loss 3.477631 | lr:0.0009 | train_time:17651.85s | step:4051.94ms
step:4258/4768 | loss 3.453806 | lr:0.000898242 | train_time:17655.90s | step:4050.99ms
step:4259/4768 | loss 3.467700 | lr:0.000896484 | train_time:17659.97s | step:4060.90ms
step:4260/4768 | loss 3.419375 | lr:0.000894727 | train_time:17664.02s | step:4052.38ms
step:4261/4768 | loss 3.446332 | lr:0.000892969 | train_time:17668.07s | step:4051.27ms
step:4262/4768 | loss 3.518349 | lr:0.000891211 | train_time:17672.13s | step:4064.40ms
step:4263/4768 | loss 3.475502 | lr:0.000889453 | train_time:17676.19s | step:4052.34ms
step:4264/4768 | loss 3.685150 | lr:0.000887695 | train_time:17680.24s | step:4051.53ms
step:4265/4768 | loss 3.507734 | lr:0.000885938 | train_time:17684.29s | step:4051.29ms
step:4266/4768 | loss 3.524579 | lr:0.00088418 | train_time:17688.34s | step:4051.34ms
step:4267/4768 | loss 3.475063 | lr:0.000882422 | train_time:17692.39s | step:4051.52ms
step:4268/4768 | loss 3.460226 | lr:0.000880664 | train_time:17696.44s | step:4052.42ms
step:4269/4768 | loss 3.520719 | lr:0.000878906 | train_time:17700.50s | step:4051.34ms
step:4270/4768 | loss 3.469946 | lr:0.000877148 | train_time:17704.55s | step:4050.82ms
step:4271/4768 | loss 3.544879 | lr:0.000875391 | train_time:17708.60s | step:4051.05ms
step:4272/4768 | loss 3.432956 | lr:0.000873633 | train_time:17712.65s | step:4051.19ms
step:4273/4768 | loss 3.461127 | lr:0.000871875 | train_time:17716.70s | step:4052.07ms
step:4274/4768 | loss 3.429331 | lr:0.000870117 | train_time:17720.75s | step:4052.11ms
step:4275/4768 | loss 3.505692 | lr:0.000868359 | train_time:17724.81s | step:4059.78ms
step:4276/4768 | loss 3.438196 | lr:0.000866602 | train_time:17728.86s | step:4052.24ms
step:4277/4768 | loss 3.446401 | lr:0.000864844 | train_time:17732.92s | step:4051.34ms
step:4278/4768 | loss 3.449777 | lr:0.000863086 | train_time:17736.97s | step:4050.67ms
step:4279/4768 | loss 3.544770 | lr:0.000861328 | train_time:17741.02s | step:4051.55ms
step:4280/4768 | loss 3.410708 | lr:0.00085957 | train_time:17745.07s | step:4052.14ms
step:4281/4768 | loss 3.452616 | lr:0.000857812 | train_time:17749.13s | step:4060.51ms
step:4282/4768 | loss 3.537818 | lr:0.000856055 | train_time:17753.18s | step:4053.27ms
step:4283/4768 | loss 3.578083 | lr:0.000854297 | train_time:17757.24s | step:4052.97ms
step:4284/4768 | loss 3.461926 | lr:0.000852539 | train_time:17761.29s | step:4052.74ms
step:4285/4768 | loss 3.468202 | lr:0.000850781 | train_time:17765.34s | step:4051.69ms
step:4286/4768 | loss 3.436118 | lr:0.000849023 | train_time:17769.39s | step:4052.37ms
step:4287/4768 | loss 3.574350 | lr:0.000847266 | train_time:17773.45s | step:4051.45ms
step:4288/4768 | loss 3.461436 | lr:0.000845508 | train_time:17777.50s | step:4054.72ms
step:4289/4768 | loss 3.504177 | lr:0.00084375 | train_time:17781.55s | step:4050.61ms
step:4290/4768 | loss 3.508059 | lr:0.000841992 | train_time:17785.60s | step:4050.35ms
step:4291/4768 | loss 3.436094 | lr:0.000840234 | train_time:17789.65s | step:4049.32ms
step:4292/4768 | loss 3.454782 | lr:0.000838477 | train_time:17793.70s | step:4050.97ms
step:4293/4768 | loss 3.427093 | lr:0.000836719 | train_time:17797.75s | step:4052.86ms
step:4294/4768 | loss 3.519173 | lr:0.000834961 | train_time:17801.81s | step:4051.78ms
step:4295/4768 | loss 3.426050 | lr:0.000833203 | train_time:17805.86s | step:4051.69ms
step:4296/4768 | loss 3.485566 | lr:0.000831445 | train_time:17809.91s | step:4051.88ms
step:4297/4768 | loss 3.381172 | lr:0.000829688 | train_time:17813.96s | step:4053.02ms
step:4298/4768 | loss 3.489056 | lr:0.00082793 | train_time:17818.01s | step:4051.73ms
step:4299/4768 | loss 3.459082 | lr:0.000826172 | train_time:17822.08s | step:4063.20ms
step:4300/4768 | loss 3.474586 | lr:0.000824414 | train_time:17826.14s | step:4057.56ms
step:4301/4768 | loss 3.442897 | lr:0.000822656 | train_time:17830.19s | step:4052.35ms
step:4302/4768 | loss 3.538224 | lr:0.000820898 | train_time:17834.24s | step:4051.11ms
step:4303/4768 | loss 3.435509 | lr:0.000819141 | train_time:17838.29s | step:4051.18ms
step:4304/4768 | loss 3.537683 | lr:0.000817383 | train_time:17842.34s | step:4051.47ms
step:4305/4768 | loss 3.406978 | lr:0.000815625 | train_time:17846.39s | step:4051.40ms
step:4306/4768 | loss 3.425190 | lr:0.000813867 | train_time:17850.44s | step:4052.13ms
step:4307/4768 | loss 3.467618 | lr:0.000812109 | train_time:17854.50s | step:4051.47ms
step:4308/4768 | loss 3.486574 | lr:0.000810352 | train_time:17858.56s | step:4065.02ms
step:4309/4768 | loss 3.437996 | lr:0.000808594 | train_time:17862.61s | step:4052.61ms
step:4310/4768 | loss 3.438161 | lr:0.000806836 | train_time:17866.67s | step:4052.10ms
step:4311/4768 | loss 3.468097 | lr:0.000805078 | train_time:17870.72s | step:4051.65ms
step:4312/4768 | loss 3.459544 | lr:0.00080332 | train_time:17874.77s | step:4051.66ms
step:4313/4768 | loss 3.479120 | lr:0.000801562 | train_time:17878.82s | step:4051.18ms
step:4314/4768 | loss 3.459405 | lr:0.000799805 | train_time:17882.87s | step:4051.10ms
step:4315/4768 | loss 3.488192 | lr:0.000798047 | train_time:17886.93s | step:4058.93ms
step:4316/4768 | loss 3.420175 | lr:0.000796289 | train_time:17890.98s | step:4051.74ms
step:4317/4768 | loss 3.447144 | lr:0.000794531 | train_time:17895.04s | step:4052.89ms
step:4318/4768 | loss 3.420469 | lr:0.000792773 | train_time:17899.09s | step:4052.77ms
step:4319/4768 | loss 3.480264 | lr:0.000791016 | train_time:17903.14s | step:4051.76ms
step:4320/4768 | loss 3.450234 | lr:0.000789258 | train_time:17907.19s | step:4050.53ms
step:4321/4768 | loss 3.516439 | lr:0.0007875 | train_time:17911.24s | step:4051.74ms
step:4322/4768 | loss 3.458090 | lr:0.000785742 | train_time:17915.29s | step:4051.45ms
step:4323/4768 | loss 3.470955 | lr:0.000783984 | train_time:17919.35s | step:4052.02ms
step:4324/4768 | loss 3.441719 | lr:0.000782227 | train_time:17923.41s | step:4063.68ms
step:4325/4768 | loss 3.419726 | lr:0.000780469 | train_time:17927.46s | step:4052.95ms
step:4326/4768 | loss 3.457489 | lr:0.000778711 | train_time:17931.51s | step:4051.46ms
step:4327/4768 | loss 3.435606 | lr:0.000776953 | train_time:17935.56s | step:4051.32ms
step:4328/4768 | loss 3.485452 | lr:0.000775195 | train_time:17939.62s | step:4060.07ms
step:4329/4768 | loss 3.544897 | lr:0.000773437 | train_time:17943.68s | step:4051.82ms
step:4330/4768 | loss 3.436423 | lr:0.00077168 | train_time:17947.73s | step:4053.23ms
step:4331/4768 | loss 3.391083 | lr:0.000769922 | train_time:17951.79s | step:4064.51ms
step:4332/4768 | loss 3.478609 | lr:0.000768164 | train_time:17955.85s | step:4052.23ms
step:4333/4768 | loss 3.507997 | lr:0.000766406 | train_time:17959.91s | step:4065.27ms
step:4334/4768 | loss 3.490086 | lr:0.000764648 | train_time:17963.97s | step:4053.81ms
step:4335/4768 | loss 3.442784 | lr:0.000762891 | train_time:17968.02s | step:4053.50ms
step:4336/4768 | loss 3.502540 | lr:0.000761133 | train_time:17972.08s | step:4064.86ms
step:4337/4768 | loss 3.457671 | lr:0.000759375 | train_time:17976.14s | step:4052.64ms
step:4338/4768 | loss 3.437760 | lr:0.000757617 | train_time:17980.19s | step:4051.86ms
step:4339/4768 | loss 3.509769 | lr:0.000755859 | train_time:17984.24s | step:4053.37ms
step:4340/4768 | loss 3.545661 | lr:0.000754102 | train_time:17988.29s | step:4052.45ms
step:4341/4768 | loss 3.510255 | lr:0.000752344 | train_time:17992.35s | step:4052.59ms
step:4342/4768 | loss 3.468691 | lr:0.000750586 | train_time:17996.41s | step:4064.85ms
step:4343/4768 | loss 3.455571 | lr:0.000748828 | train_time:18000.47s | step:4053.72ms
step:4344/4768 | loss 3.428057 | lr:0.00074707 | train_time:18004.52s | step:4053.18ms
step:4345/4768 | loss 3.660301 | lr:0.000745312 | train_time:18008.57s | step:4053.02ms
step:4346/4768 | loss 3.430470 | lr:0.000743555 | train_time:18012.62s | step:4052.98ms
step:4347/4768 | loss 3.491976 | lr:0.000741797 | train_time:18016.68s | step:4052.08ms
step:4348/4768 | loss 3.570491 | lr:0.000740039 | train_time:18020.73s | step:4052.62ms
step:4349/4768 | loss 3.441592 | lr:0.000738281 | train_time:18024.78s | step:4052.40ms
step:4350/4768 | loss 3.444568 | lr:0.000736523 | train_time:18028.83s | step:4053.04ms
step:4351/4768 | loss 3.509025 | lr:0.000734766 | train_time:18032.89s | step:4054.16ms
step:4352/4768 | loss 3.382452 | lr:0.000733008 | train_time:18036.94s | step:4052.50ms
step:4352/4768 | val loss 3.440039
step:4353/4768 | loss 3.461522 | lr:0.00073125 | train_time:18041.01s | step:4070.79ms
step:4354/4768 | loss 3.449540 | lr:0.000729492 | train_time:18045.07s | step:4058.10ms
step:4355/4768 | loss 3.458626 | lr:0.000727734 | train_time:18049.12s | step:4053.45ms
step:4356/4768 | loss 3.459937 | lr:0.000725977 | train_time:18053.18s | step:4053.30ms
step:4357/4768 | loss 3.437208 | lr:0.000724219 | train_time:18057.23s | step:4056.01ms
step:4358/4768 | loss 3.480588 | lr:0.000722461 | train_time:18061.29s | step:4053.22ms
step:4359/4768 | loss 3.523238 | lr:0.000720703 | train_time:18065.34s | step:4052.88ms
step:4360/4768 | loss 3.473132 | lr:0.000718945 | train_time:18069.39s | step:4053.08ms
step:4361/4768 | loss 3.434088 | lr:0.000717187 | train_time:18073.45s | step:4052.86ms
step:4362/4768 | loss 3.453013 | lr:0.00071543 | train_time:18077.50s | step:4052.05ms
step:4363/4768 | loss 3.446965 | lr:0.000713672 | train_time:18081.55s | step:4052.06ms
step:4364/4768 | loss 3.468139 | lr:0.000711914 | train_time:18085.61s | step:4065.06ms
step:4365/4768 | loss 3.510333 | lr:0.000710156 | train_time:18089.67s | step:4055.65ms
step:4366/4768 | loss 3.412508 | lr:0.000708398 | train_time:18093.73s | step:4055.04ms
step:4367/4768 | loss 3.490070 | lr:0.000706641 | train_time:18097.78s | step:4053.65ms
step:4368/4768 | loss 3.501397 | lr:0.000704883 | train_time:18101.83s | step:4054.11ms
step:4369/4768 | loss 3.444106 | lr:0.000703125 | train_time:18105.89s | step:4053.86ms
step:4370/4768 | loss 3.481092 | lr:0.000701367 | train_time:18109.94s | step:4052.73ms
step:4371/4768 | loss 3.375348 | lr:0.000699609 | train_time:18114.00s | step:4056.87ms
step:4372/4768 | loss 3.441967 | lr:0.000697852 | train_time:18118.05s | step:4052.16ms
step:4373/4768 | loss 3.439167 | lr:0.000696094 | train_time:18122.10s | step:4052.85ms
step:4374/4768 | loss 3.538002 | lr:0.000694336 | train_time:18126.16s | step:4053.85ms
step:4375/4768 | loss 3.435959 | lr:0.000692578 | train_time:18130.21s | step:4053.21ms
step:4376/4768 | loss 3.481228 | lr:0.00069082 | train_time:18134.26s | step:4053.68ms
step:4377/4768 | loss 3.442955 | lr:0.000689063 | train_time:18138.33s | step:4065.42ms
step:4378/4768 | loss 3.482627 | lr:0.000687305 | train_time:18142.38s | step:4053.96ms
step:4379/4768 | loss 3.476114 | lr:0.000685547 | train_time:18146.43s | step:4053.33ms
step:4380/4768 | loss 3.409340 | lr:0.000683789 | train_time:18150.49s | step:4053.92ms
step:4381/4768 | loss 3.512643 | lr:0.000682031 | train_time:18154.54s | step:4053.28ms
step:4382/4768 | loss 3.473420 | lr:0.000680273 | train_time:18158.60s | step:4053.32ms
step:4383/4768 | loss 3.460374 | lr:0.000678516 | train_time:18162.66s | step:4061.99ms
step:4384/4768 | loss 3.444554 | lr:0.000676758 | train_time:18166.72s | step:4063.02ms
step:4385/4768 | loss 3.487704 | lr:0.000675 | train_time:18170.77s | step:4053.35ms
step:4386/4768 | loss 3.448268 | lr:0.000673242 | train_time:18174.83s | step:4052.84ms
step:4387/4768 | loss 3.428469 | lr:0.000671484 | train_time:18179.32s | step:4495.55ms
step:4388/4768 | loss 3.434471 | lr:0.000669727 | train_time:18183.37s | step:4050.65ms
step:4389/4768 | loss 3.433498 | lr:0.000667969 | train_time:18187.42s | step:4050.93ms
step:4390/4768 | loss 3.443514 | lr:0.000666211 | train_time:18191.49s | step:4065.19ms
step:4391/4768 | loss 3.537720 | lr:0.000664453 | train_time:18195.54s | step:4052.08ms
step:4392/4768 | loss 3.454334 | lr:0.000662695 | train_time:18199.59s | step:4051.67ms
step:4393/4768 | loss 3.473093 | lr:0.000660937 | train_time:18203.66s | step:4064.29ms
step:4394/4768 | loss 3.515540 | lr:0.00065918 | train_time:18207.71s | step:4051.10ms
step:4395/4768 | loss 3.468403 | lr:0.000657422 | train_time:18211.76s | step:4051.30ms
step:4396/4768 | loss 3.405776 | lr:0.000655664 | train_time:18215.81s | step:4051.08ms
step:4397/4768 | loss 3.439694 | lr:0.000653906 | train_time:18219.86s | step:4051.13ms
step:4398/4768 | loss 3.479029 | lr:0.000652148 | train_time:18223.91s | step:4050.83ms
step:4399/4768 | loss 3.453458 | lr:0.000650391 | train_time:18227.96s | step:4051.99ms
step:4400/4768 | loss 3.429480 | lr:0.000648633 | train_time:18232.02s | step:4052.29ms
step:4401/4768 | loss 3.444769 | lr:0.000646875 | train_time:18236.08s | step:4064.05ms
step:4402/4768 | loss 3.412269 | lr:0.000645117 | train_time:18240.13s | step:4051.66ms
step:4403/4768 | loss 3.529822 | lr:0.000643359 | train_time:18244.18s | step:4051.25ms
step:4404/4768 | loss 3.457091 | lr:0.000641602 | train_time:18248.23s | step:4051.44ms
step:4405/4768 | loss 3.453582 | lr:0.000639844 | train_time:18252.29s | step:4051.49ms
step:4406/4768 | loss 3.439876 | lr:0.000638086 | train_time:18256.34s | step:4052.39ms
step:4407/4768 | loss 3.388600 | lr:0.000636328 | train_time:18260.39s | step:4052.64ms
step:4408/4768 | loss 3.487207 | lr:0.00063457 | train_time:18264.45s | step:4059.65ms
step:4409/4768 | loss 3.402852 | lr:0.000632813 | train_time:18268.50s | step:4052.24ms
step:4410/4768 | loss 3.492283 | lr:0.000631055 | train_time:18272.56s | step:4057.16ms
step:4411/4768 | loss 3.474306 | lr:0.000629297 | train_time:18276.61s | step:4052.31ms
step:4412/4768 | loss 3.442045 | lr:0.000627539 | train_time:18280.66s | step:4051.55ms
step:4413/4768 | loss 3.459553 | lr:0.000625781 | train_time:18284.72s | step:4051.36ms
step:4414/4768 | loss 3.488033 | lr:0.000624023 | train_time:18288.77s | step:4051.34ms
step:4415/4768 | loss 3.451337 | lr:0.000622266 | train_time:18292.83s | step:4065.11ms
step:4416/4768 | loss 3.419990 | lr:0.000620508 | train_time:18296.88s | step:4051.46ms
step:4417/4768 | loss 3.420165 | lr:0.00061875 | train_time:18300.95s | step:4063.26ms
step:4418/4768 | loss 3.399852 | lr:0.000616992 | train_time:18305.00s | step:4050.88ms
step:4419/4768 | loss 3.456743 | lr:0.000615234 | train_time:18309.05s | step:4051.30ms
step:4420/4768 | loss 3.487041 | lr:0.000613477 | train_time:18313.10s | step:4050.15ms
step:4421/4768 | loss 3.438867 | lr:0.000611719 | train_time:18317.15s | step:4050.86ms
step:4422/4768 | loss 3.489511 | lr:0.000609961 | train_time:18321.20s | step:4050.62ms
step:4423/4768 | loss 3.466709 | lr:0.000608203 | train_time:18325.25s | step:4051.42ms
step:4424/4768 | loss 3.513613 | lr:0.000606445 | train_time:18329.30s | step:4051.60ms
step:4425/4768 | loss 3.440472 | lr:0.000604687 | train_time:18333.36s | step:4055.60ms
step:4426/4768 | loss 3.447727 | lr:0.00060293 | train_time:18337.41s | step:4050.33ms
step:4427/4768 | loss 3.413831 | lr:0.000601172 | train_time:18341.46s | step:4050.71ms
step:4428/4768 | loss 3.493324 | lr:0.000599414 | train_time:18345.52s | step:4063.70ms
step:4429/4768 | loss 3.398795 | lr:0.000597656 | train_time:18349.58s | step:4051.78ms
step:4430/4768 | loss 3.433664 | lr:0.000595898 | train_time:18353.63s | step:4050.99ms
step:4431/4768 | loss 3.458397 | lr:0.000594141 | train_time:18357.68s | step:4050.53ms
step:4432/4768 | loss 3.472998 | lr:0.000592383 | train_time:18361.73s | step:4051.48ms
step:4433/4768 | loss 3.449443 | lr:0.000590625 | train_time:18365.78s | step:4049.47ms
step:4434/4768 | loss 3.414691 | lr:0.000588867 | train_time:18369.83s | step:4050.89ms
step:4435/4768 | loss 3.414733 | lr:0.000587109 | train_time:18373.89s | step:4062.55ms
step:4436/4768 | loss 3.473988 | lr:0.000585352 | train_time:18377.94s | step:4052.02ms
step:4437/4768 | loss 3.429047 | lr:0.000583594 | train_time:18381.99s | step:4050.82ms
step:4438/4768 | loss 3.415644 | lr:0.000581836 | train_time:18386.05s | step:4052.16ms
step:4439/4768 | loss 3.472654 | lr:0.000580078 | train_time:18390.10s | step:4052.41ms
step:4440/4768 | loss 3.460781 | lr:0.00057832 | train_time:18394.15s | step:4052.71ms
step:4441/4768 | loss 3.419693 | lr:0.000576563 | train_time:18398.20s | step:4051.73ms
step:4442/4768 | loss 3.434304 | lr:0.000574805 | train_time:18402.26s | step:4052.43ms
step:4443/4768 | loss 3.487454 | lr:0.000573047 | train_time:18406.31s | step:4052.08ms
step:4444/4768 | loss 3.485050 | lr:0.000571289 | train_time:18410.36s | step:4054.64ms
step:4445/4768 | loss 3.492553 | lr:0.000569531 | train_time:18414.41s | step:4052.09ms
step:4446/4768 | loss 3.479108 | lr:0.000567773 | train_time:18418.48s | step:4060.79ms
step:4447/4768 | loss 3.486506 | lr:0.000566016 | train_time:18422.53s | step:4052.20ms
step:4448/4768 | loss 3.391021 | lr:0.000564258 | train_time:18426.58s | step:4052.40ms
step:4449/4768 | loss 3.456000 | lr:0.0005625 | train_time:18430.64s | step:4064.68ms
step:4450/4768 | loss 3.485791 | lr:0.000560742 | train_time:18434.70s | step:4052.21ms
step:4451/4768 | loss 3.414179 | lr:0.000558984 | train_time:18438.76s | step:4064.20ms
step:4452/4768 | loss 3.457680 | lr:0.000557227 | train_time:18442.81s | step:4051.87ms
step:4453/4768 | loss 3.489593 | lr:0.000555469 | train_time:18446.88s | step:4063.32ms
step:4454/4768 | loss 3.558531 | lr:0.000553711 | train_time:18450.93s | step:4051.09ms
step:4455/4768 | loss 3.484033 | lr:0.000551953 | train_time:18454.98s | step:4050.99ms
step:4456/4768 | loss 3.440511 | lr:0.000550195 | train_time:18459.03s | step:4051.24ms
step:4457/4768 | loss 3.470115 | lr:0.000548437 | train_time:18463.08s | step:4052.32ms
step:4458/4768 | loss 3.456899 | lr:0.00054668 | train_time:18467.15s | step:4063.58ms
step:4459/4768 | loss 3.428837 | lr:0.000544922 | train_time:18471.20s | step:4052.50ms
step:4460/4768 | loss 3.457324 | lr:0.000543164 | train_time:18475.26s | step:4060.13ms
step:4461/4768 | loss 3.444020 | lr:0.000541406 | train_time:18479.31s | step:4051.23ms
step:4462/4768 | loss 3.412791 | lr:0.000539648 | train_time:18483.36s | step:4051.49ms
step:4463/4768 | loss 3.382233 | lr:0.000537891 | train_time:18487.41s | step:4051.20ms
step:4464/4768 | loss 3.424503 | lr:0.000536133 | train_time:18491.46s | step:4051.23ms
step:4465/4768 | loss 3.463938 | lr:0.000534375 | train_time:18495.52s | step:4052.45ms
step:4466/4768 | loss 3.397833 | lr:0.000532617 | train_time:18499.57s | step:4052.01ms
step:4467/4768 | loss 3.533179 | lr:0.000530859 | train_time:18503.62s | step:4051.61ms
step:4468/4768 | loss 3.453649 | lr:0.000529102 | train_time:18507.67s | step:4051.88ms
step:4469/4768 | loss 3.450325 | lr:0.000527344 | train_time:18511.72s | step:4051.48ms
step:4470/4768 | loss 3.375978 | lr:0.000525586 | train_time:18515.77s | step:4051.03ms
step:4471/4768 | loss 3.403203 | lr:0.000523828 | train_time:18519.83s | step:4051.51ms
step:4472/4768 | loss 3.432931 | lr:0.00052207 | train_time:18523.88s | step:4051.78ms
step:4473/4768 | loss 3.369914 | lr:0.000520312 | train_time:18527.93s | step:4051.62ms
step:4474/4768 | loss 3.421295 | lr:0.000518555 | train_time:18531.99s | step:4062.97ms
step:4475/4768 | loss 3.445461 | lr:0.000516797 | train_time:18536.04s | step:4052.12ms
step:4476/4768 | loss 3.492814 | lr:0.000515039 | train_time:18540.09s | step:4050.39ms
step:4477/4768 | loss 3.421665 | lr:0.000513281 | train_time:18544.15s | step:4051.23ms
step:4478/4768 | loss 3.425579 | lr:0.000511523 | train_time:18548.20s | step:4051.15ms
step:4479/4768 | loss 3.409887 | lr:0.000509766 | train_time:18552.25s | step:4051.36ms
step:4480/4768 | loss 3.460532 | lr:0.000508008 | train_time:18556.31s | step:4060.62ms
step:4480/4768 | val loss 3.416551
step:4481/4768 | loss 3.525459 | lr:0.00050625 | train_time:18560.39s | step:4076.84ms
step:4482/4768 | loss 3.420609 | lr:0.000504492 | train_time:18564.44s | step:4054.85ms
step:4483/4768 | loss 3.429950 | lr:0.000502734 | train_time:18568.49s | step:4052.94ms
step:4484/4768 | loss 3.393772 | lr:0.000500977 | train_time:18572.55s | step:4052.23ms
step:4485/4768 | loss 3.444382 | lr:0.000499219 | train_time:18576.60s | step:4052.73ms
step:4486/4768 | loss 3.432499 | lr:0.000497461 | train_time:18580.65s | step:4051.88ms
step:4487/4768 | loss 3.431000 | lr:0.000495703 | train_time:18584.70s | step:4052.79ms
step:4488/4768 | loss 3.528975 | lr:0.000493945 | train_time:18588.76s | step:4052.22ms
step:4489/4768 | loss 3.411378 | lr:0.000492188 | train_time:18592.81s | step:4051.40ms
step:4490/4768 | loss 3.389083 | lr:0.00049043 | train_time:18596.86s | step:4051.26ms
step:4491/4768 | loss 3.415133 | lr:0.000488672 | train_time:18600.91s | step:4052.00ms
step:4492/4768 | loss 3.453115 | lr:0.000486914 | train_time:18604.96s | step:4051.32ms
step:4493/4768 | loss 3.375991 | lr:0.000485156 | train_time:18609.01s | step:4052.49ms
step:4494/4768 | loss 3.437257 | lr:0.000483398 | train_time:18613.07s | step:4053.28ms
step:4495/4768 | loss 3.423353 | lr:0.000481641 | train_time:18617.12s | step:4052.79ms
step:4496/4768 | loss 3.412120 | lr:0.000479883 | train_time:18621.17s | step:4053.11ms
step:4497/4768 | loss 3.496382 | lr:0.000478125 | train_time:18625.23s | step:4053.91ms
step:4498/4768 | loss 3.428768 | lr:0.000476367 | train_time:18629.28s | step:4052.30ms
step:4499/4768 | loss 3.487789 | lr:0.000474609 | train_time:18633.33s | step:4051.18ms
step:4500/4768 | loss 3.414882 | lr:0.000472852 | train_time:18637.38s | step:4052.11ms
step:4501/4768 | loss 3.427045 | lr:0.000471094 | train_time:18641.43s | step:4052.20ms
step:4502/4768 | loss 3.366990 | lr:0.000469336 | train_time:18645.49s | step:4051.53ms
step:4503/4768 | loss 3.451194 | lr:0.000467578 | train_time:18649.54s | step:4051.72ms
step:4504/4768 | loss 3.521684 | lr:0.00046582 | train_time:18653.59s | step:4052.41ms
step:4505/4768 | loss 3.435850 | lr:0.000464063 | train_time:18657.64s | step:4053.09ms
step:4506/4768 | loss 3.449456 | lr:0.000462305 | train_time:18661.70s | step:4052.02ms
step:4507/4768 | loss 3.407904 | lr:0.000460547 | train_time:18665.75s | step:4052.38ms
step:4508/4768 | loss 3.471096 | lr:0.000458789 | train_time:18669.81s | step:4059.11ms
step:4509/4768 | loss 3.451745 | lr:0.000457031 | train_time:18673.86s | step:4052.02ms
step:4510/4768 | loss 3.396425 | lr:0.000455273 | train_time:18677.91s | step:4053.17ms
step:4511/4768 | loss 3.413560 | lr:0.000453516 | train_time:18681.98s | step:4065.47ms
step:4512/4768 | loss 3.481299 | lr:0.000451758 | train_time:18686.03s | step:4054.53ms
step:4513/4768 | loss 3.412267 | lr:0.00045 | train_time:18690.09s | step:4054.47ms
step:4514/4768 | loss 3.399956 | lr:0.000448242 | train_time:18694.14s | step:4053.96ms
step:4515/4768 | loss 3.485173 | lr:0.000446484 | train_time:18698.19s | step:4053.41ms
step:4516/4768 | loss 3.405305 | lr:0.000444727 | train_time:18702.25s | step:4054.43ms
step:4517/4768 | loss 3.505516 | lr:0.000442969 | train_time:18706.30s | step:4053.65ms
step:4518/4768 | loss 3.552318 | lr:0.000441211 | train_time:18710.36s | step:4053.22ms
step:4519/4768 | loss 3.358794 | lr:0.000439453 | train_time:18714.41s | step:4054.54ms
step:4520/4768 | loss 3.369506 | lr:0.000437695 | train_time:18718.46s | step:4054.64ms
step:4521/4768 | loss 3.412399 | lr:0.000435937 | train_time:18722.54s | step:4071.42ms
step:4522/4768 | loss 3.435962 | lr:0.00043418 | train_time:18726.59s | step:4055.40ms
step:4523/4768 | loss 3.360672 | lr:0.000432422 | train_time:18730.65s | step:4054.01ms
step:4524/4768 | loss 3.418231 | lr:0.000430664 | train_time:18734.70s | step:4054.46ms
step:4525/4768 | loss 3.491087 | lr:0.000428906 | train_time:18738.75s | step:4053.73ms
step:4526/4768 | loss 3.427429 | lr:0.000427148 | train_time:18742.81s | step:4052.80ms
step:4527/4768 | loss 3.370807 | lr:0.000425391 | train_time:18746.86s | step:4052.97ms
step:4528/4768 | loss 3.429944 | lr:0.000423633 | train_time:18750.91s | step:4053.59ms
step:4529/4768 | loss 3.417158 | lr:0.000421875 | train_time:18754.97s | step:4061.59ms
step:4530/4768 | loss 3.403941 | lr:0.000420117 | train_time:18759.03s | step:4053.98ms
step:4531/4768 | loss 3.540775 | lr:0.000418359 | train_time:18763.08s | step:4052.51ms
step:4532/4768 | loss 3.414665 | lr:0.000416602 | train_time:18767.13s | step:4052.72ms
step:4533/4768 | loss 3.425539 | lr:0.000414844 | train_time:18771.20s | step:4066.74ms
step:4534/4768 | loss 3.431282 | lr:0.000413086 | train_time:18775.25s | step:4053.43ms
step:4535/4768 | loss 3.417786 | lr:0.000411328 | train_time:18779.31s | step:4053.76ms
step:4536/4768 | loss 3.459350 | lr:0.00040957 | train_time:18783.37s | step:4065.39ms
step:4537/4768 | loss 3.420964 | lr:0.000407812 | train_time:18787.44s | step:4064.83ms
step:4538/4768 | loss 3.480890 | lr:0.000406055 | train_time:18791.50s | step:4059.60ms
step:4539/4768 | loss 3.417566 | lr:0.000404297 | train_time:18795.55s | step:4052.30ms
step:4540/4768 | loss 3.452676 | lr:0.000402539 | train_time:18799.60s | step:4053.19ms
step:4541/4768 | loss 3.446438 | lr:0.000400781 | train_time:18803.66s | step:4053.31ms
step:4542/4768 | loss 3.416835 | lr:0.000399023 | train_time:18807.71s | step:4053.95ms
step:4543/4768 | loss 3.412565 | lr:0.000397266 | train_time:18811.76s | step:4054.04ms
step:4544/4768 | loss 3.443035 | lr:0.000395508 | train_time:18815.82s | step:4054.78ms
step:4545/4768 | loss 3.513919 | lr:0.00039375 | train_time:18819.88s | step:4057.82ms
step:4546/4768 | loss 3.442350 | lr:0.000391992 | train_time:18823.93s | step:4054.30ms
step:4547/4768 | loss 3.443221 | lr:0.000390234 | train_time:18827.99s | step:4055.36ms
step:4548/4768 | loss 3.534804 | lr:0.000388477 | train_time:18832.04s | step:4054.08ms
step:4549/4768 | loss 3.438394 | lr:0.000386719 | train_time:18836.09s | step:4053.30ms
step:4550/4768 | loss 3.467264 | lr:0.000384961 | train_time:18840.15s | step:4053.37ms
step:4551/4768 | loss 3.427129 | lr:0.000383203 | train_time:18844.20s | step:4053.26ms
step:4552/4768 | loss 3.372924 | lr:0.000381445 | train_time:18848.25s | step:4053.12ms
step:4553/4768 | loss 3.403645 | lr:0.000379687 | train_time:18852.31s | step:4053.28ms
step:4554/4768 | loss 3.428970 | lr:0.00037793 | train_time:18856.37s | step:4060.83ms
step:4555/4768 | loss 3.461102 | lr:0.000376172 | train_time:18860.43s | step:4063.14ms
step:4556/4768 | loss 3.452618 | lr:0.000374414 | train_time:18864.48s | step:4053.32ms
step:4557/4768 | loss 3.445791 | lr:0.000372656 | train_time:18868.54s | step:4053.50ms
step:4558/4768 | loss 3.437205 | lr:0.000370898 | train_time:18872.60s | step:4064.08ms
step:4559/4768 | loss 3.391029 | lr:0.000369141 | train_time:18876.67s | step:4069.12ms
step:4560/4768 | loss 3.461078 | lr:0.000367383 | train_time:18880.72s | step:4053.45ms
step:4561/4768 | loss 3.422985 | lr:0.000365625 | train_time:18884.78s | step:4053.04ms
step:4562/4768 | loss 3.400663 | lr:0.000363867 | train_time:18888.83s | step:4053.27ms
step:4563/4768 | loss 3.383702 | lr:0.000362109 | train_time:18892.90s | step:4065.34ms
step:4564/4768 | loss 3.408315 | lr:0.000360352 | train_time:18896.95s | step:4054.21ms
step:4565/4768 | loss 3.418557 | lr:0.000358594 | train_time:18901.00s | step:4053.72ms
step:4566/4768 | loss 3.400577 | lr:0.000356836 | train_time:18905.06s | step:4054.46ms
step:4567/4768 | loss 3.391780 | lr:0.000355078 | train_time:18909.11s | step:4053.15ms
step:4568/4768 | loss 3.377493 | lr:0.00035332 | train_time:18913.17s | step:4054.03ms
step:4569/4768 | loss 3.416923 | lr:0.000351562 | train_time:18917.22s | step:4053.50ms
step:4570/4768 | loss 3.407227 | lr:0.000349805 | train_time:18921.27s | step:4053.94ms
step:4571/4768 | loss 3.409925 | lr:0.000348047 | train_time:18925.33s | step:4053.95ms
step:4572/4768 | loss 3.438069 | lr:0.000346289 | train_time:18929.38s | step:4055.11ms
step:4573/4768 | loss 3.405842 | lr:0.000344531 | train_time:18933.44s | step:4053.52ms
step:4574/4768 | loss 3.425161 | lr:0.000342773 | train_time:18937.49s | step:4054.12ms
step:4575/4768 | loss 3.459623 | lr:0.000341016 | train_time:18941.54s | step:4054.24ms
step:4576/4768 | loss 3.516969 | lr:0.000339258 | train_time:18945.60s | step:4053.52ms
step:4577/4768 | loss 3.405870 | lr:0.0003375 | train_time:18949.65s | step:4056.01ms
step:4578/4768 | loss 3.415836 | lr:0.000335742 | train_time:18954.10s | step:4442.87ms
step:4579/4768 | loss 3.477091 | lr:0.000333984 | train_time:18958.16s | step:4060.62ms
step:4580/4768 | loss 3.413691 | lr:0.000332227 | train_time:18962.21s | step:4051.73ms
step:4581/4768 | loss 3.416533 | lr:0.000330469 | train_time:18966.26s | step:4048.42ms
step:4582/4768 | loss 3.459905 | lr:0.000328711 | train_time:18970.31s | step:4050.19ms
step:4583/4768 | loss 3.432311 | lr:0.000326953 | train_time:18974.37s | step:4061.71ms
step:4584/4768 | loss 3.379796 | lr:0.000325195 | train_time:18978.42s | step:4051.27ms
step:4585/4768 | loss 3.422537 | lr:0.000323437 | train_time:18982.47s | step:4049.23ms
step:4586/4768 | loss 3.474791 | lr:0.00032168 | train_time:18986.52s | step:4049.95ms
step:4587/4768 | loss 3.388149 | lr:0.000319922 | train_time:18990.57s | step:4055.59ms
step:4588/4768 | loss 3.429177 | lr:0.000318164 | train_time:18994.65s | step:4073.07ms
step:4589/4768 | loss 3.390213 | lr:0.000316406 | train_time:18998.70s | step:4056.66ms
step:4590/4768 | loss 3.385646 | lr:0.000314648 | train_time:19002.76s | step:4053.21ms
step:4591/4768 | loss 3.450416 | lr:0.000312891 | train_time:19006.81s | step:4053.30ms
step:4592/4768 | loss 3.463392 | lr:0.000311133 | train_time:19010.87s | step:4054.49ms
step:4593/4768 | loss 3.395483 | lr:0.000309375 | train_time:19014.92s | step:4054.30ms
step:4594/4768 | loss 3.436389 | lr:0.000307617 | train_time:19018.97s | step:4053.06ms
step:4595/4768 | loss 3.396164 | lr:0.000305859 | train_time:19023.03s | step:4060.78ms
step:4596/4768 | loss 3.435548 | lr:0.000304102 | train_time:19027.09s | step:4054.76ms
step:4597/4768 | loss 3.425708 | lr:0.000302344 | train_time:19031.14s | step:4053.50ms
step:4598/4768 | loss 3.449664 | lr:0.000300586 | train_time:19035.20s | step:4053.62ms
step:4599/4768 | loss 3.445732 | lr:0.000298828 | train_time:19039.25s | step:4053.71ms
step:4600/4768 | loss 3.405464 | lr:0.00029707 | train_time:19043.30s | step:4053.96ms
step:4601/4768 | loss 3.408886 | lr:0.000295313 | train_time:19047.36s | step:4053.32ms
step:4602/4768 | loss 3.403815 | lr:0.000293555 | train_time:19051.41s | step:4055.09ms
step:4603/4768 | loss 3.400678 | lr:0.000291797 | train_time:19055.47s | step:4054.89ms
step:4604/4768 | loss 3.383235 | lr:0.000290039 | train_time:19059.52s | step:4054.64ms
step:4605/4768 | loss 3.457921 | lr:0.000288281 | train_time:19063.59s | step:4066.65ms
step:4606/4768 | loss 3.396127 | lr:0.000286523 | train_time:19067.64s | step:4054.11ms
step:4607/4768 | loss 3.424319 | lr:0.000284766 | train_time:19071.70s | step:4053.26ms
step:4608/4768 | loss 3.441406 | lr:0.000283008 | train_time:19075.75s | step:4053.34ms
saved checkpoint: runs/baseline-20260718T074451Z/full-seed-0/checkpoint.pt (next step 4608)
step:4608/4768 | val loss 3.395793
step:4609/4768 | loss 3.399863 | lr:0.00028125 | train_time:19079.82s | step:4069.15ms
step:4610/4768 | loss 3.433938 | lr:0.000279492 | train_time:19083.87s | step:4052.22ms
step:4611/4768 | loss 3.420301 | lr:0.000277734 | train_time:19087.93s | step:4063.84ms
step:4612/4768 | loss 3.450047 | lr:0.000275977 | train_time:19091.99s | step:4058.34ms
step:4613/4768 | loss 3.468551 | lr:0.000274219 | train_time:19096.05s | step:4053.06ms
step:4614/4768 | loss 3.490933 | lr:0.000272461 | train_time:19100.11s | step:4064.95ms
step:4615/4768 | loss 3.443419 | lr:0.000270703 | train_time:19104.16s | step:4054.42ms
step:4616/4768 | loss 3.442112 | lr:0.000268945 | train_time:19108.23s | step:4060.44ms
step:4617/4768 | loss 3.344776 | lr:0.000267188 | train_time:19112.28s | step:4054.16ms
step:4618/4768 | loss 3.396521 | lr:0.00026543 | train_time:19116.34s | step:4064.86ms
step:4619/4768 | loss 3.417067 | lr:0.000263672 | train_time:19120.40s | step:4053.53ms
step:4620/4768 | loss 3.422496 | lr:0.000261914 | train_time:19124.45s | step:4053.73ms
step:4621/4768 | loss 3.395307 | lr:0.000260156 | train_time:19128.50s | step:4053.61ms
step:4622/4768 | loss 3.428819 | lr:0.000258398 | train_time:19132.56s | step:4054.61ms
step:4623/4768 | loss 3.397449 | lr:0.000256641 | train_time:19136.61s | step:4054.48ms
step:4624/4768 | loss 3.337868 | lr:0.000254883 | train_time:19140.67s | step:4053.52ms
step:4625/4768 | loss 3.474784 | lr:0.000253125 | train_time:19144.72s | step:4052.78ms
step:4626/4768 | loss 3.431701 | lr:0.000251367 | train_time:19148.79s | step:4064.98ms
step:4627/4768 | loss 3.379715 | lr:0.000249609 | train_time:19152.85s | step:4060.83ms
step:4628/4768 | loss 3.451709 | lr:0.000247852 | train_time:19156.90s | step:4054.34ms
step:4629/4768 | loss 3.432772 | lr:0.000246094 | train_time:19160.95s | step:4053.31ms
step:4630/4768 | loss 3.364114 | lr:0.000244336 | train_time:19165.02s | step:4065.91ms
step:4631/4768 | loss 3.450263 | lr:0.000242578 | train_time:19169.07s | step:4053.53ms
step:4632/4768 | loss 3.474481 | lr:0.00024082 | train_time:19173.13s | step:4054.63ms
step:4633/4768 | loss 3.494823 | lr:0.000239062 | train_time:19177.19s | step:4065.80ms
step:4634/4768 | loss 3.391897 | lr:0.000237305 | train_time:19181.26s | step:4067.09ms
step:4635/4768 | loss 3.416321 | lr:0.000235547 | train_time:19185.32s | step:4055.05ms
step:4636/4768 | loss 3.438759 | lr:0.000233789 | train_time:19189.38s | step:4066.46ms
step:4637/4768 | loss 3.481961 | lr:0.000232031 | train_time:19193.44s | step:4054.57ms
step:4638/4768 | loss 3.414768 | lr:0.000230273 | train_time:19197.50s | step:4066.23ms
step:4639/4768 | loss 3.363095 | lr:0.000228516 | train_time:19201.56s | step:4054.22ms
step:4640/4768 | loss 3.419570 | lr:0.000226758 | train_time:19205.61s | step:4054.15ms
step:4641/4768 | loss 3.395903 | lr:0.000225 | train_time:19209.68s | step:4065.93ms
step:4642/4768 | loss 3.386255 | lr:0.000223242 | train_time:19213.73s | step:4053.75ms
step:4643/4768 | loss 3.417170 | lr:0.000221484 | train_time:19217.79s | step:4055.02ms
step:4644/4768 | loss 3.432015 | lr:0.000219727 | train_time:19221.85s | step:4065.91ms
step:4645/4768 | loss 3.430628 | lr:0.000217969 | train_time:19225.91s | step:4053.71ms
step:4646/4768 | loss 3.420815 | lr:0.000216211 | train_time:19229.96s | step:4052.85ms
step:4647/4768 | loss 3.425203 | lr:0.000214453 | train_time:19234.01s | step:4052.77ms
step:4648/4768 | loss 3.334042 | lr:0.000212695 | train_time:19238.06s | step:4052.46ms
step:4649/4768 | loss 3.396080 | lr:0.000210937 | train_time:19242.12s | step:4053.03ms
step:4650/4768 | loss 3.510313 | lr:0.00020918 | train_time:19246.18s | step:4060.10ms
step:4651/4768 | loss 3.405292 | lr:0.000207422 | train_time:19250.23s | step:4051.85ms
step:4652/4768 | loss 3.428173 | lr:0.000205664 | train_time:19254.28s | step:4052.98ms
step:4653/4768 | loss 3.413141 | lr:0.000203906 | train_time:19258.35s | step:4067.97ms
step:4654/4768 | loss 3.434258 | lr:0.000202148 | train_time:19262.40s | step:4052.03ms
step:4655/4768 | loss 3.436683 | lr:0.000200391 | train_time:19266.46s | step:4053.47ms
step:4656/4768 | loss 3.472534 | lr:0.000198633 | train_time:19270.51s | step:4052.51ms
step:4657/4768 | loss 3.387118 | lr:0.000196875 | train_time:19274.56s | step:4053.02ms
step:4658/4768 | loss 3.390218 | lr:0.000195117 | train_time:19278.63s | step:4064.67ms
step:4659/4768 | loss 3.415489 | lr:0.000193359 | train_time:19282.68s | step:4054.92ms
step:4660/4768 | loss 3.446766 | lr:0.000191602 | train_time:19286.73s | step:4053.61ms
step:4661/4768 | loss 3.428045 | lr:0.000189844 | train_time:19290.79s | step:4054.01ms
step:4662/4768 | loss 3.424264 | lr:0.000188086 | train_time:19294.84s | step:4052.46ms
step:4663/4768 | loss 3.398896 | lr:0.000186328 | train_time:19298.90s | step:4054.80ms
step:4664/4768 | loss 3.360315 | lr:0.00018457 | train_time:19302.95s | step:4053.53ms
step:4665/4768 | loss 3.429485 | lr:0.000182813 | train_time:19307.01s | step:4065.80ms
step:4666/4768 | loss 3.470661 | lr:0.000181055 | train_time:19311.07s | step:4053.21ms
step:4667/4768 | loss 3.454256 | lr:0.000179297 | train_time:19315.12s | step:4053.35ms
step:4668/4768 | loss 3.469929 | lr:0.000177539 | train_time:19319.17s | step:4052.69ms
step:4669/4768 | loss 3.442174 | lr:0.000175781 | train_time:19323.23s | step:4052.88ms
step:4670/4768 | loss 3.366436 | lr:0.000174023 | train_time:19327.28s | step:4053.38ms
step:4671/4768 | loss 3.490606 | lr:0.000172266 | train_time:19331.33s | step:4053.77ms
step:4672/4768 | loss 3.420770 | lr:0.000170508 | train_time:19335.39s | step:4056.76ms
step:4673/4768 | loss 3.383555 | lr:0.00016875 | train_time:19339.44s | step:4053.20ms
step:4674/4768 | loss 3.346138 | lr:0.000166992 | train_time:19343.50s | step:4055.27ms
step:4675/4768 | loss 3.473351 | lr:0.000165234 | train_time:19347.55s | step:4052.83ms
step:4676/4768 | loss 3.364425 | lr:0.000163477 | train_time:19351.61s | step:4060.31ms
step:4677/4768 | loss 3.379044 | lr:0.000161719 | train_time:19355.66s | step:4052.20ms
step:4678/4768 | loss 3.339000 | lr:0.000159961 | train_time:19359.72s | step:4052.65ms
step:4679/4768 | loss 3.349638 | lr:0.000158203 | train_time:19363.78s | step:4064.31ms
step:4680/4768 | loss 3.344924 | lr:0.000156445 | train_time:19367.83s | step:4052.79ms
step:4681/4768 | loss 3.431402 | lr:0.000154687 | train_time:19371.89s | step:4060.65ms
step:4682/4768 | loss 3.368211 | lr:0.00015293 | train_time:19375.95s | step:4054.50ms
step:4683/4768 | loss 3.399102 | lr:0.000151172 | train_time:19380.02s | step:4065.87ms
step:4684/4768 | loss 3.355416 | lr:0.000149414 | train_time:19384.07s | step:4053.09ms
step:4685/4768 | loss 3.336326 | lr:0.000147656 | train_time:19388.12s | step:4052.60ms
step:4686/4768 | loss 3.452515 | lr:0.000145898 | train_time:19392.19s | step:4065.43ms
step:4687/4768 | loss 3.388780 | lr:0.000144141 | train_time:19396.25s | step:4063.39ms
step:4688/4768 | loss 3.417306 | lr:0.000142383 | train_time:19400.30s | step:4053.82ms
step:4689/4768 | loss 3.430121 | lr:0.000140625 | train_time:19404.36s | step:4053.08ms
step:4690/4768 | loss 3.357246 | lr:0.000138867 | train_time:19408.41s | step:4054.49ms
step:4691/4768 | loss 3.441506 | lr:0.000137109 | train_time:19412.48s | step:4064.56ms
step:4692/4768 | loss 3.383071 | lr:0.000135352 | train_time:19416.53s | step:4052.11ms
step:4693/4768 | loss 3.453074 | lr:0.000133594 | train_time:19420.59s | step:4063.63ms
step:4694/4768 | loss 3.324456 | lr:0.000131836 | train_time:19424.64s | step:4053.33ms
step:4695/4768 | loss 3.389826 | lr:0.000130078 | train_time:19428.70s | step:4052.85ms
step:4696/4768 | loss 3.424173 | lr:0.00012832 | train_time:19432.75s | step:4052.43ms
step:4697/4768 | loss 3.489388 | lr:0.000126562 | train_time:19436.80s | step:4053.28ms
step:4698/4768 | loss 3.378224 | lr:0.000124805 | train_time:19440.87s | step:4065.76ms
step:4699/4768 | loss 3.360178 | lr:0.000123047 | train_time:19444.92s | step:4053.82ms
step:4700/4768 | loss 3.372257 | lr:0.000121289 | train_time:19448.98s | step:4053.51ms
step:4701/4768 | loss 3.396546 | lr:0.000119531 | train_time:19453.03s | step:4052.21ms
step:4702/4768 | loss 3.373475 | lr:0.000117773 | train_time:19457.08s | step:4052.12ms
step:4703/4768 | loss 3.390810 | lr:0.000116016 | train_time:19461.13s | step:4052.87ms
step:4704/4768 | loss 3.374813 | lr:0.000114258 | train_time:19465.19s | step:4053.40ms
step:4705/4768 | loss 3.451543 | lr:0.0001125 | train_time:19469.24s | step:4052.70ms
step:4706/4768 | loss 3.388617 | lr:0.000110742 | train_time:19473.29s | step:4054.45ms
step:4707/4768 | loss 3.341982 | lr:0.000108984 | train_time:19477.35s | step:4054.64ms
step:4708/4768 | loss 3.384449 | lr:0.000107227 | train_time:19481.40s | step:4054.10ms
step:4709/4768 | loss 3.339038 | lr:0.000105469 | train_time:19485.46s | step:4058.04ms
step:4710/4768 | loss 3.395779 | lr:0.000103711 | train_time:19489.52s | step:4055.01ms
step:4711/4768 | loss 3.411639 | lr:0.000101953 | train_time:19493.57s | step:4054.27ms
step:4712/4768 | loss 3.371594 | lr:0.000100195 | train_time:19497.64s | step:4065.38ms
step:4713/4768 | loss 3.427611 | lr:9.84375e-05 | train_time:19501.70s | step:4065.05ms
step:4714/4768 | loss 3.344591 | lr:9.66797e-05 | train_time:19505.75s | step:4053.64ms
step:4715/4768 | loss 3.431905 | lr:9.49219e-05 | train_time:19509.81s | step:4054.24ms
step:4716/4768 | loss 3.352564 | lr:9.31641e-05 | train_time:19513.86s | step:4053.21ms
step:4717/4768 | loss 3.441035 | lr:9.14063e-05 | train_time:19517.91s | step:4052.62ms
step:4718/4768 | loss 3.379630 | lr:8.96484e-05 | train_time:19521.97s | step:4052.11ms
step:4719/4768 | loss 3.359714 | lr:8.78906e-05 | train_time:19526.02s | step:4055.80ms
step:4720/4768 | loss 3.399774 | lr:8.61328e-05 | train_time:19530.07s | step:4052.54ms
step:4721/4768 | loss 3.372040 | lr:8.4375e-05 | train_time:19534.13s | step:4053.10ms
step:4722/4768 | loss 3.430724 | lr:8.26172e-05 | train_time:19538.18s | step:4052.76ms
step:4723/4768 | loss 3.425530 | lr:8.08594e-05 | train_time:19542.23s | step:4051.49ms
step:4724/4768 | loss 3.432543 | lr:7.91016e-05 | train_time:19546.28s | step:4050.64ms
step:4725/4768 | loss 3.360180 | lr:7.73437e-05 | train_time:19550.33s | step:4052.20ms
step:4726/4768 | loss 3.374674 | lr:7.55859e-05 | train_time:19554.39s | step:4053.35ms
step:4727/4768 | loss 3.368626 | lr:7.38281e-05 | train_time:19558.44s | step:4054.16ms
step:4728/4768 | loss 3.396544 | lr:7.20703e-05 | train_time:19562.51s | step:4064.82ms
step:4729/4768 | loss 3.386214 | lr:7.03125e-05 | train_time:19566.56s | step:4053.37ms
step:4730/4768 | loss 3.408311 | lr:6.85547e-05 | train_time:19570.61s | step:4052.35ms
step:4731/4768 | loss 3.425160 | lr:6.67969e-05 | train_time:19574.68s | step:4065.53ms
step:4732/4768 | loss 3.335924 | lr:6.50391e-05 | train_time:19578.73s | step:4055.01ms
step:4733/4768 | loss 3.387093 | lr:6.32812e-05 | train_time:19582.79s | step:4054.64ms
step:4734/4768 | loss 3.323036 | lr:6.15234e-05 | train_time:19586.86s | step:4066.94ms
step:4735/4768 | loss 3.286889 | lr:5.97656e-05 | train_time:19590.91s | step:4054.05ms
step:4736/4768 | loss 3.409813 | lr:5.80078e-05 | train_time:19594.96s | step:4053.88ms
step:4736/4768 | val loss 3.379408
step:4737/4768 | loss 3.354941 | lr:5.625e-05 | train_time:19599.04s | step:4077.27ms
step:4738/4768 | loss 3.393539 | lr:5.44922e-05 | train_time:19603.10s | step:4060.01ms
step:4739/4768 | loss 3.341364 | lr:5.27344e-05 | train_time:19607.15s | step:4051.70ms
step:4740/4768 | loss 3.391351 | lr:5.09766e-05 | train_time:19611.20s | step:4051.81ms
step:4741/4768 | loss 3.344079 | lr:4.92188e-05 | train_time:19615.26s | step:4052.57ms
step:4742/4768 | loss 3.410248 | lr:4.74609e-05 | train_time:19619.31s | step:4050.83ms
step:4743/4768 | loss 3.394191 | lr:4.57031e-05 | train_time:19623.36s | step:4051.37ms
step:4744/4768 | loss 3.367144 | lr:4.39453e-05 | train_time:19627.41s | step:4050.81ms
step:4745/4768 | loss 3.360534 | lr:4.21875e-05 | train_time:19631.46s | step:4050.21ms
step:4746/4768 | loss 3.404918 | lr:4.04297e-05 | train_time:19635.51s | step:4051.35ms
step:4747/4768 | loss 3.395013 | lr:3.86719e-05 | train_time:19639.56s | step:4052.00ms
step:4748/4768 | loss 3.450845 | lr:3.69141e-05 | train_time:19643.61s | step:4050.70ms
step:4749/4768 | loss 3.395565 | lr:3.51562e-05 | train_time:19647.67s | step:4060.57ms
step:4750/4768 | loss 3.334203 | lr:3.33984e-05 | train_time:19651.73s | step:4051.62ms
step:4751/4768 | loss 3.368283 | lr:3.16406e-05 | train_time:19655.78s | step:4051.46ms
step:4752/4768 | loss 3.347362 | lr:2.98828e-05 | train_time:19659.84s | step:4064.31ms
step:4753/4768 | loss 3.435744 | lr:2.8125e-05 | train_time:19663.89s | step:4052.18ms
step:4754/4768 | loss 3.362158 | lr:2.63672e-05 | train_time:19667.95s | step:4052.22ms
step:4755/4768 | loss 3.438883 | lr:2.46094e-05 | train_time:19672.00s | step:4052.60ms
step:4756/4768 | loss 3.316972 | lr:2.28516e-05 | train_time:19676.06s | step:4060.14ms
step:4757/4768 | loss 3.400222 | lr:2.10938e-05 | train_time:19680.11s | step:4052.91ms
step:4758/4768 | loss 3.451310 | lr:1.93359e-05 | train_time:19684.16s | step:4051.96ms
step:4759/4768 | loss 3.395648 | lr:1.75781e-05 | train_time:19688.22s | step:4052.53ms
step:4760/4768 | loss 3.366504 | lr:1.58203e-05 | train_time:19692.27s | step:4051.27ms
step:4761/4768 | loss 3.400347 | lr:1.40625e-05 | train_time:19696.32s | step:4052.47ms
step:4762/4768 | loss 3.391102 | lr:1.23047e-05 | train_time:19700.37s | step:4052.54ms
step:4763/4768 | loss 3.363192 | lr:1.05469e-05 | train_time:19704.43s | step:4057.93ms
step:4764/4768 | loss 3.357829 | lr:8.78906e-06 | train_time:19708.48s | step:4053.33ms
step:4765/4768 | loss 3.422679 | lr:7.03125e-06 | train_time:19712.54s | step:4053.09ms
step:4766/4768 | loss 3.424614 | lr:5.27344e-06 | train_time:19716.59s | step:4051.96ms
step:4767/4768 | loss 3.342901 | lr:3.51562e-06 | train_time:19720.64s | step:4053.17ms
step:4768/4768 | loss 3.376827 | lr:1.75781e-06 | train_time:19725.15s | step:4508.08ms
step:4768/4768 | val loss 3.377696
peak memory consumption: 9825 MiB
final val loss: 3.377696 | tokens: 2,499,805,184 | train time: 5.479h | throughput: 126,732 tok/s
saved checkpoint: runs/baseline-20260718T074451Z/full-seed-0/checkpoint.pt (next step 4768)
wandb: WARNING Symlinked 1 file into the W&B run directory; call wandb.save again to sync new files.
wandb: updating run metadata
wandb: uploading output.log
wandb: 
wandb: Run history:
wandb:         learning_rate ██████████████████████████████████▇▅▄▃▂▁
wandb:                  step ▁▁▂▂▂▂▂▃▃▃▃▃▃▄▄▄▄▄▄▅▆▆▆▆▆▆▆▆▇▇▇▇▇▇▇█████
wandb:          step_time_ms ▄▆▇▇▇█▇▇▆▇▇▇▆▆▇▆▇▇▇▇▆▇▆▆▅▄▄▄▄▃▃▄▃▁▁▁▂▁▁▁
wandb:     tokens_per_second ▁▇▇█████████████████████████████████████
wandb:           tokens_seen ▁▁▁▁▂▂▂▂▂▂▂▃▃▃▃▄▄▄▄▅▅▅▅▅▅▆▆▆▆▆▇▇▇▇▇▇████
wandb:            train_loss █▇▆▅▄▃▃▂▂▂▂▂▂▂▂▁▂▂▁▁▁▂▂▁▁▁▁▁▁▁▁▁▁▂▂▁▁▁▁▁
wandb: training_time_seconds ▁▁▁▂▂▂▂▃▃▃▃▃▄▄▄▄▄▄▄▄▅▅▅▅▆▆▆▆▆▆▆▆▇▇▇▇▇███
wandb:              val_loss █▃▃▂▂▂▂▂▁▁▁▁▁▁▁▁▁▁▁▁▁▁▁▁▁▁▁▁▁▁▁▁▁▁▁▁▁▁▁
wandb:     wall_time_seconds ▁▁▂▂▂▂▂▂▂▂▂▃▃▃▃▄▄▄▄▄▅▅▅▅▅▅▅▆▆▆▆▆▆▆▇█████
wandb: 
wandb: Run summary:
wandb:           event validation
wandb:  final_val_loss 3.3777
wandb:      git_commit bd681a332c372ddaf406...
wandb:       git_dirty True
wandb:        gpu_name NVIDIA GeForce RTX 4...
wandb:   learning_rate 0.0
wandb:  num_iterations 4768
wandb: peak_memory_mib 9825
wandb:          run_id d34b36c3bd6c438e9a18...
wandb:        run_mode full
wandb:             +11 ...
wandb: 
wandb: 🚀 View run full-seed-0 at: https://wandb.ai/m-obukhov-home/nocap-baseline/runs/mpe2znwl
wandb: ⭐️ View project at: https://wandb.ai/m-obukhov-home/nocap-baseline
wandb: Synced 5 W&B file(s), 0 media file(s), 0 artifact file(s) and 3 other file(s)
wandb: Find logs at: ./wandb/run-20260718_140711-mpe2znwl/logs
